{
    "model": "models/cnn_lstm_trial_6.pt",
    "model_type": "CNN-LSTM",
    "label": "6",
    "mcc_bin": 0.8148570489747383,
    "mcc_mul": 0.6941956504603043,
    "mean_mcc": 0.7545263497175213,
    "val_loss": 0.42353643973668414,
    "cm_bin": [
        [
            2218,
            42
        ],
        [
            89,
            348
        ]
    ],
    "cm_mul": [
        [
            2234,
            5,
            14,
            3,
            0,
            0,
            4,
            0,
            0,
            0,
            0
        ],
        [
            0,
            97,
            11,
            0,
            0,
            0,
            0,
            0,
            0,
            0,
            0
        ],
        [
            59,
            0,
            39,
            0,
            1,
            0,
            0,
            0,
            0,
            0,
            0
        ],
        [
            0,
            1,
            0,
            77,
            0,
            0,
            0,
            0,
            0,
            0,
            0
        ],
        [
            31,
            0,
            6,
            0,
            0,
            0,
            0,
            0,
            0,
            0,
            0
        ],
        [
            1,
            14,
            3,
            0,
            0,
            0,
            15,
            0,
            0,
            0,
            0
        ],
        [
            1,
            0,
            1,
            0,
            0,
            0,
            27,
            0,
            0,
            0,
            0
        ],
        [
            26,
            0,
            0,
            0,
            0,
            0,
            1,
            0,
            0,
            0,
            0
        ],
        [
            0,
            1,
            0,
            0,
            0,
            0,
            19,
            0,
            0,
            0,
            0
        ],
        [
            0,
            0,
            0,
            2,
            0,
            0,
            0,
            0,
            0,
            0,
            0
        ],
        [
            4,
            0,
            0,
            0,
            0,
            0,
            0,
            0,
            0,
            0,
            0
        ]
    ],
    "feature_importance": {
        "Dst Port": 1.0,
        "Protocol": 0.03623188405797186,
        "Timestamp": 0.0,
        "Flow Duration": 0.00724637681159524,
        "Tot Fwd Pkts": 0.014492753623188312,
        "Tot Bwd Pkts": 0.0,
        "TotLen Fwd Pkts": 0.26811594202898487,
        "Fwd Pkt Len Max": 0.021739130434783552,
        "Fwd Pkt Len Min": 0.06521739130434849,
        "Bwd Pkt Len Max": 0.05072463768116017,
        "Bwd Pkt Len Min": 0.0797101449275368,
        "Bwd Pkt Len Mean": 0.06521739130434849,
        "Flow Byts/s": 0.04347826086956493,
        "Flow Pkts/s": 0.13768115942029005,
        "Flow IAT Mean": 0.05072463768116017,
        "Flow IAT Std": 0.05797101449275325,
        "Bwd IAT Tot": 0.0,
        "Bwd IAT Mean": 0.028985507246376625,
        "Bwd IAT Std": 0.10144927536231818,
        "Fwd PSH Flags": 0.0,
        "Fwd URG Flags": 0.028985507246376625,
        "Fwd Pkts/s": 0.3550724637681169,
        "Bwd Pkts/s": 0.05072463768116017,
        "Pkt Len Var": 0.0,
        "FIN Flag Cnt": 0.24637681159420347,
        "RST Flag Cnt": 0.028985507246376625,
        "PSH Flag Cnt": 0.06521739130434849,
        "ACK Flag Cnt": 0.0,
        "URG Flag Cnt": 0.05072463768116017,
        "Down/Up Ratio": 0.2608695652173918,
        "Init Fwd Win Byts": 0.318840579710145,
        "Init Bwd Win Byts": 0.3913043478260866,
        "Fwd Seg Size Min": 0.014492753623188312,
        "Active Mean": 0.0,
        "Active Std": 0.24637681159420347
    },
    "params": {
        "nb_filters": 128,
        "kernel_size": 7,
        "lstm_units_1": 128,
        "lstm_units_2": 128,
        "dropout": 0.30000000000000004,
        "lr": 0.005532496914298506,
        "batch_size": 1024
    },
    "metrics_binary": {
        "task": "Trial 6 - Binary Task",
        "accuracy": 0.9514275120504264,
        "f1": 0.841596130592503,
        "mcc": 0.8148570489747383,
        "auc": 0.9724747372471194
    },
    "metrics_multiclass": {
        "task": "Trial 6 - Multiclass Task",
        "accuracy": 0.9173155357804968,
        "f1": 0.34619389023814623,
        "mcc": 0.6941956504603043,
        "auc": 0.9551186382153204
    }
}