{
    "model": "models/cnn_lstm_trial_8.pt",
    "model_type": "CNN-LSTM",
    "label": "8",
    "mcc_bin": 0.7526191661676326,
    "mcc_mul": 0.46916401451845796,
    "mean_mcc": 0.6108915903430453,
    "val_loss": 0.6842736667671869,
    "cm_bin": [
        [
            2089,
            171
        ],
        [
            40,
            397
        ]
    ],
    "cm_mul": [
        [
            2199,
            13,
            48,
            0,
            0,
            0,
            0,
            0,
            0,
            0,
            0
        ],
        [
            13,
            48,
            47,
            0,
            0,
            0,
            0,
            0,
            0,
            0,
            0
        ],
        [
            21,
            33,
            45,
            0,
            0,
            0,
            0,
            0,
            0,
            0,
            0
        ],
        [
            1,
            77,
            0,
            0,
            0,
            0,
            0,
            0,
            0,
            0,
            0
        ],
        [
            25,
            0,
            12,
            0,
            0,
            0,
            0,
            0,
            0,
            0,
            0
        ],
        [
            6,
            16,
            11,
            0,
            0,
            0,
            0,
            0,
            0,
            0,
            0
        ],
        [
            8,
            19,
            2,
            0,
            0,
            0,
            0,
            0,
            0,
            0,
            0
        ],
        [
            21,
            4,
            2,
            0,
            0,
            0,
            0,
            0,
            0,
            0,
            0
        ],
        [
            0,
            20,
            0,
            0,
            0,
            0,
            0,
            0,
            0,
            0,
            0
        ],
        [
            0,
            2,
            0,
            0,
            0,
            0,
            0,
            0,
            0,
            0,
            0
        ],
        [
            3,
            0,
            1,
            0,
            0,
            0,
            0,
            0,
            0,
            0,
            0
        ]
    ],
    "feature_importance": {
        "Dst Port": 0.5939597315436241,
        "Protocol": 0.053691275167784915,
        "Timestamp": 0.11073825503355689,
        "Flow Duration": 0.013422818791946229,
        "Tot Fwd Pkts": 0.0,
        "Tot Bwd Pkts": 0.03020134228187851,
        "TotLen Fwd Pkts": 0.4295302013422813,
        "Fwd Pkt Len Max": 0.03020134228187851,
        "Fwd Pkt Len Min": 0.19798657718120735,
        "Bwd Pkt Len Max": 0.11744966442952999,
        "Bwd Pkt Len Min": 0.15100671140939556,
        "Bwd Pkt Len Mean": 0.08389261744966442,
        "Flow Byts/s": 0.0939597315436236,
        "Flow Pkts/s": 0.2281879194630869,
        "Flow IAT Mean": 0.15436241610738263,
        "Flow IAT Std": 0.11744966442952999,
        "Bwd IAT Tot": 0.11073825503355689,
        "Bwd IAT Mean": 0.043624161073825746,
        "Bwd IAT Std": 0.20134228187919442,
        "Fwd PSH Flags": 0.0033557046979860545,
        "Fwd URG Flags": 0.12751677852349017,
        "Fwd Pkts/s": 0.12080536912751605,
        "Bwd Pkts/s": 0.03691275167785162,
        "Pkt Len Var": 0.006711409395973114,
        "FIN Flag Cnt": 0.19127516778523426,
        "RST Flag Cnt": 0.026845637583892457,
        "PSH Flag Cnt": 0.0,
        "ACK Flag Cnt": 0.0,
        "URG Flag Cnt": 0.2617449664429524,
        "Down/Up Ratio": 0.47315436241610703,
        "Init Fwd Win Byts": 0.22483221476510082,
        "Init Bwd Win Byts": 1.0,
        "Fwd Seg Size Min": 0.013422818791946229,
        "Active Mean": 0.0,
        "Active Std": 0.2651006711409395
    },
    "params": {
        "nb_filters": 64,
        "kernel_size": 3,
        "lstm_units_1": 32,
        "lstm_units_2": 128,
        "dropout": 0.1,
        "lr": 0.0003608219327363787,
        "batch_size": 64
    },
    "metrics_binary": {
        "task": "Trial 8 - Binary Task",
        "accuracy": 0.9217649239896181,
        "f1": 0.7900497512437811,
        "mcc": 0.7526191661676326,
        "auc": 0.9700198456896377
    },
    "metrics_multiclass": {
        "task": "Trial 8 - Multiclass Task",
        "accuracy": 0.8498331479421579,
        "f1": 0.1440491106324239,
        "mcc": 0.46916401451845796,
        "auc": 0.9189771720729746
    }
}