{
    "model": "models/cnn_lstm_trial_2.pt",
    "model_type": "CNN-LSTM",
    "label": "2",
    "mcc_bin": 0.7694898946679534,
    "mcc_mul": 0.5205573739229351,
    "mean_mcc": 0.6450236342954443,
    "val_loss": 0.6385633945465088,
    "cm_bin": [
        [
            2220,
            40
        ],
        [
            120,
            317
        ]
    ],
    "cm_mul": [
        [
            2254,
            6,
            0,
            0,
            0,
            0,
            0,
            0,
            0,
            0,
            0
        ],
        [
            1,
            107,
            0,
            0,
            0,
            0,
            0,
            0,
            0,
            0,
            0
        ],
        [
            98,
            1,
            0,
            0,
            0,
            0,
            0,
            0,
            0,
            0,
            0
        ],
        [
            21,
            57,
            0,
            0,
            0,
            0,
            0,
            0,
            0,
            0,
            0
        ],
        [
            37,
            0,
            0,
            0,
            0,
            0,
            0,
            0,
            0,
            0,
            0
        ],
        [
            12,
            21,
            0,
            0,
            0,
            0,
            0,
            0,
            0,
            0,
            0
        ],
        [
            5,
            10,
            0,
            0,
            0,
            0,
            0,
            0,
            14,
            0,
            0
        ],
        [
            26,
            1,
            0,
            0,
            0,
            0,
            0,
            0,
            0,
            0,
            0
        ],
        [
            0,
            5,
            0,
            0,
            0,
            0,
            0,
            0,
            15,
            0,
            0
        ],
        [
            2,
            0,
            0,
            0,
            0,
            0,
            0,
            0,
            0,
            0,
            0
        ],
        [
            4,
            0,
            0,
            0,
            0,
            0,
            0,
            0,
            0,
            0,
            0
        ]
    ],
    "feature_importance": {
        "Dst Port": 1.0,
        "Protocol": 0.06382978723404314,
        "Timestamp": 0.028368794326240922,
        "Flow Duration": 0.0,
        "Tot Fwd Pkts": 0.021276595744681756,
        "Tot Bwd Pkts": 0.0,
        "TotLen Fwd Pkts": 0.16312056737588637,
        "Fwd Pkt Len Max": 0.11347517730496581,
        "Fwd Pkt Len Min": 0.0,
        "Bwd Pkt Len Max": 0.021276595744681756,
        "Bwd Pkt Len Min": 0.07801418439716361,
        "Bwd Pkt Len Mean": 0.11347517730496581,
        "Flow Byts/s": 0.056737588652481845,
        "Flow Pkts/s": 0.06382978723404314,
        "Flow IAT Mean": 0.07801418439716361,
        "Flow IAT Std": 0.007092198581561293,
        "Bwd IAT Tot": 0.06382978723404314,
        "Bwd IAT Mean": 0.07092198581560231,
        "Bwd IAT Std": 0.056737588652481845,
        "Fwd PSH Flags": 0.0,
        "Fwd URG Flags": 0.014184397163120461,
        "Fwd Pkts/s": 0.15602836879432722,
        "Bwd Pkts/s": 0.07092198581560231,
        "Pkt Len Var": 0.021276595744681756,
        "FIN Flag Cnt": 0.2553191489361704,
        "RST Flag Cnt": 0.21985815602836822,
        "PSH Flag Cnt": 0.08510638297872278,
        "ACK Flag Cnt": 0.028368794326240922,
        "URG Flag Cnt": 0.20567375886524775,
        "Down/Up Ratio": 0.7092198581560274,
        "Init Fwd Win Byts": 0.5602836879432614,
        "Init Bwd Win Byts": 0.638297872340425,
        "Fwd Seg Size Min": 0.03546099290780222,
        "Active Mean": 0.04964539007092268,
        "Active Std": 0.16312056737588637
    },
    "params": {
        "nb_filters": 32,
        "kernel_size": 5,
        "lstm_units_1": 64,
        "lstm_units_2": 64,
        "dropout": 0.2,
        "lr": 0.001096821720752952,
        "batch_size": 1024
    },
    "metrics_binary": {
        "task": "Trial 2 - Binary Task",
        "accuracy": 0.9406748238783834,
        "f1": 0.7984886649874056,
        "mcc": 0.7694898946679534,
        "auc": 0.9619175391344849
    },
    "metrics_multiclass": {
        "task": "Trial 2 - Multiclass Task",
        "accuracy": 0.8809788654060067,
        "f1": 0.20404953032684664,
        "mcc": 0.5205573739229351,
        "auc": 0.903334999149031
    }
}