{
    "model": "models/cnn_lstm_trial_1.pt",
    "model_type": "CNN-LSTM",
    "label": "1",
    "mcc_bin": 0.7853717090687294,
    "mcc_mul": 0.592642704854102,
    "mean_mcc": 0.6890072069614157,
    "val_loss": 0.4412507712841034,
    "cm_bin": [
        [
            2229,
            31
        ],
        [
            118,
            319
        ]
    ],
    "cm_mul": [
        [
            2252,
            2,
            0,
            1,
            0,
            0,
            5,
            0,
            0,
            0,
            0
        ],
        [
            1,
            107,
            0,
            0,
            0,
            0,
            0,
            0,
            0,
            0,
            0
        ],
        [
            96,
            1,
            0,
            2,
            0,
            0,
            0,
            0,
            0,
            0,
            0
        ],
        [
            0,
            58,
            0,
            20,
            0,
            0,
            0,
            0,
            0,
            0,
            0
        ],
        [
            37,
            0,
            0,
            0,
            0,
            0,
            0,
            0,
            0,
            0,
            0
        ],
        [
            3,
            27,
            0,
            3,
            0,
            0,
            0,
            0,
            0,
            0,
            0
        ],
        [
            1,
            0,
            0,
            0,
            0,
            0,
            16,
            0,
            12,
            0,
            0
        ],
        [
            27,
            0,
            0,
            0,
            0,
            0,
            0,
            0,
            0,
            0,
            0
        ],
        [
            0,
            1,
            0,
            0,
            0,
            0,
            0,
            0,
            19,
            0,
            0
        ],
        [
            1,
            0,
            0,
            1,
            0,
            0,
            0,
            0,
            0,
            0,
            0
        ],
        [
            4,
            0,
            0,
            0,
            0,
            0,
            0,
            0,
            0,
            0,
            0
        ]
    ],
    "feature_importance": {
        "Dst Port": 1.0,
        "Protocol": 0.0,
        "Timestamp": 0.007352941176469455,
        "Flow Duration": 0.0,
        "Tot Fwd Pkts": 0.007352941176469455,
        "Tot Bwd Pkts": 0.03676470588235168,
        "TotLen Fwd Pkts": 0.25735294117647056,
        "Fwd Pkt Len Max": 0.029411764705882224,
        "Fwd Pkt Len Min": 0.03676470588235168,
        "Bwd Pkt Len Max": 0.10294117647058779,
        "Bwd Pkt Len Min": 0.06617647058823391,
        "Bwd Pkt Len Mean": 0.03676470588235168,
        "Flow Byts/s": 0.1470588235294111,
        "Flow Pkts/s": 0.029411764705882224,
        "Flow IAT Mean": 0.10294117647058779,
        "Flow IAT Std": 0.022058823529410566,
        "Bwd IAT Tot": 0.05147058823529279,
        "Bwd IAT Mean": 0.03676470588235168,
        "Bwd IAT Std": 0.022058823529410566,
        "Fwd PSH Flags": 0.007352941176469455,
        "Fwd URG Flags": 0.08088235294117502,
        "Fwd Pkts/s": 0.08088235294117502,
        "Bwd Pkts/s": 0.15441176470588058,
        "Pkt Len Var": 0.0,
        "FIN Flag Cnt": 0.07352941176470555,
        "RST Flag Cnt": 0.0,
        "PSH Flag Cnt": 0.08088235294117502,
        "ACK Flag Cnt": 0.0,
        "URG Flag Cnt": 0.19117647058823445,
        "Down/Up Ratio": 0.8897058823529406,
        "Init Fwd Win Byts": 0.1470588235294111,
        "Init Bwd Win Byts": 0.7867647058823528,
        "Fwd Seg Size Min": 0.007352941176469455,
        "Active Mean": 0.05147058823529279,
        "Active Std": 0.13970588235293946
    },
    "params": {
        "nb_filters": 32,
        "kernel_size": 3,
        "lstm_units_1": 128,
        "lstm_units_2": 256,
        "dropout": 0.1,
        "lr": 0.0016409286730647919,
        "batch_size": 1024
    },
    "metrics_binary": {
        "task": "Trial 1 - Binary Task",
        "accuracy": 0.9447534297367445,
        "f1": 0.8106734434561627,
        "mcc": 0.7853717090687294,
        "auc": 0.9787215730746643
    },
    "metrics_multiclass": {
        "task": "Trial 1 - Multiclass Task",
        "accuracy": 0.8950685947348906,
        "f1": 0.3119981679580261,
        "mcc": 0.592642704854102,
        "auc": 0.9671765527053257
    }
}