{
    "model": "models/cnn_lstm_trial_0.pt",
    "model_type": "CNN-LSTM",
    "label": "0",
    "mcc_bin": 0.521244387152861,
    "mcc_mul": 0.24720246065704315,
    "mean_mcc": 0.3842234239049521,
    "val_loss": 0.8970325986544291,
    "cm_bin": [
        [
            2203,
            57
        ],
        [
            248,
            189
        ]
    ],
    "cm_mul": [
        [
            2241,
            6,
            0,
            0,
            0,
            0,
            0,
            0,
            13,
            0,
            0
        ],
        [
            53,
            3,
            0,
            0,
            0,
            0,
            0,
            0,
            52,
            0,
            0
        ],
        [
            99,
            0,
            0,
            0,
            0,
            0,
            0,
            0,
            0,
            0,
            0
        ],
        [
            77,
            0,
            0,
            0,
            0,
            0,
            0,
            0,
            1,
            0,
            0
        ],
        [
            37,
            0,
            0,
            0,
            0,
            0,
            0,
            0,
            0,
            0,
            0
        ],
        [
            14,
            3,
            0,
            0,
            0,
            0,
            0,
            0,
            16,
            0,
            0
        ],
        [
            14,
            2,
            0,
            0,
            0,
            0,
            0,
            0,
            13,
            0,
            0
        ],
        [
            27,
            0,
            0,
            0,
            0,
            0,
            0,
            0,
            0,
            0,
            0
        ],
        [
            1,
            0,
            0,
            0,
            0,
            0,
            0,
            0,
            19,
            0,
            0
        ],
        [
            2,
            0,
            0,
            0,
            0,
            0,
            0,
            0,
            0,
            0,
            0
        ],
        [
            4,
            0,
            0,
            0,
            0,
            0,
            0,
            0,
            0,
            0,
            0
        ]
    ],
    "feature_importance": {
        "Dst Port": 1.0,
        "Protocol": 0.12244897959183636,
        "Timestamp": 0.32653061224489693,
        "Flow Duration": 0.020408163265303005,
        "Tot Fwd Pkts": 0.020408163265303005,
        "Tot Bwd Pkts": 0.16326530612244847,
        "TotLen Fwd Pkts": 0.3469387755102061,
        "Fwd Pkt Len Max": 0.28571428571428487,
        "Fwd Pkt Len Min": 0.2653061224489757,
        "Bwd Pkt Len Max": 0.3469387755102061,
        "Bwd Pkt Len Min": 0.46938775510204245,
        "Bwd Pkt Len Mean": 0.04081632653061212,
        "Flow Byts/s": 0.12244897959183636,
        "Flow Pkts/s": 0.12244897959183636,
        "Flow IAT Mean": 0.14285714285713935,
        "Flow IAT Std": 0.04081632653061212,
        "Bwd IAT Tot": 0.14285714285713935,
        "Bwd IAT Mean": 0.18367346938775148,
        "Bwd IAT Std": 0.3877551020408182,
        "Fwd PSH Flags": 0.0,
        "Fwd URG Flags": 0.08163265306122423,
        "Fwd Pkts/s": 0.0,
        "Bwd Pkts/s": 0.30612244897958785,
        "Pkt Len Var": 0.0,
        "FIN Flag Cnt": 0.0,
        "RST Flag Cnt": 0.10204081632652724,
        "PSH Flag Cnt": 0.2040816326530606,
        "ACK Flag Cnt": 0.0,
        "URG Flag Cnt": 0.32653061224489693,
        "Down/Up Ratio": 0.979591836734697,
        "Init Fwd Win Byts": 0.5918367346938788,
        "Init Bwd Win Byts": 0.7142857142857152,
        "Fwd Seg Size Min": 0.10204081632652724,
        "Active Mean": 0.04081632653061212,
        "Active Std": 0.32653061224489693
    },
    "params": {
        "nb_filters": 64,
        "kernel_size": 3,
        "lstm_units_1": 64,
        "lstm_units_2": 256,
        "dropout": 0.35,
        "lr": 0.00026587543983272726,
        "batch_size": 1024
    },
    "metrics_binary": {
        "task": "Trial 0 - Binary Task",
        "accuracy": 0.8869113830181683,
        "f1": 0.5534407027818448,
        "mcc": 0.521244387152861,
        "auc": 0.8918744051355785
    },
    "metrics_multiclass": {
        "task": "Trial 0 - Multiclass Task",
        "accuracy": 0.8390804597701149,
        "f1": 0.11462771727115438,
        "mcc": 0.24720246065704315,
        "auc": 0.8239652477631378
    }
}