{
    "model": "models/cnn_lstm_trial_7.pt",
    "model_type": "CNN-LSTM",
    "label": "7",
    "mcc_bin": 0.6256010675373718,
    "mcc_mul": 0.22924234481868605,
    "mean_mcc": 0.4274217061780289,
    "val_loss": 0.8861923242608706,
    "cm_bin": [
        [
            2223,
            37
        ],
        [
            209,
            228
        ]
    ],
    "cm_mul": [
        [
            2255,
            2,
            0,
            0,
            0,
            0,
            2,
            0,
            1,
            0,
            0
        ],
        [
            108,
            0,
            0,
            0,
            0,
            0,
            0,
            0,
            0,
            0,
            0
        ],
        [
            99,
            0,
            0,
            0,
            0,
            0,
            0,
            0,
            0,
            0,
            0
        ],
        [
            76,
            2,
            0,
            0,
            0,
            0,
            0,
            0,
            0,
            0,
            0
        ],
        [
            37,
            0,
            0,
            0,
            0,
            0,
            0,
            0,
            0,
            0,
            0
        ],
        [
            17,
            16,
            0,
            0,
            0,
            0,
            0,
            0,
            0,
            0,
            0
        ],
        [
            16,
            1,
            0,
            0,
            0,
            0,
            8,
            0,
            4,
            0,
            0
        ],
        [
            26,
            1,
            0,
            0,
            0,
            0,
            0,
            0,
            0,
            0,
            0
        ],
        [
            1,
            0,
            0,
            0,
            0,
            0,
            0,
            0,
            19,
            0,
            0
        ],
        [
            2,
            0,
            0,
            0,
            0,
            0,
            0,
            0,
            0,
            0,
            0
        ],
        [
            4,
            0,
            0,
            0,
            0,
            0,
            0,
            0,
            0,
            0,
            0
        ]
    ],
    "feature_importance": {
        "Dst Port": 0.4800000000000011,
        "Protocol": 0.07999999999999952,
        "Timestamp": 0.3599999999999998,
        "Flow Duration": 0.0,
        "Tot Fwd Pkts": 0.0,
        "Tot Bwd Pkts": 0.15999999999999903,
        "TotLen Fwd Pkts": 0.29333333333333156,
        "Fwd Pkt Len Max": 0.2000000000000008,
        "Fwd Pkt Len Min": 0.12000000000000127,
        "Bwd Pkt Len Max": 0.040000000000001756,
        "Bwd Pkt Len Min": 0.17333333333333428,
        "Bwd Pkt Len Mean": 0.06666666666666826,
        "Flow Byts/s": 0.0,
        "Flow Pkts/s": 0.07999999999999952,
        "Flow IAT Mean": 0.040000000000001756,
        "Flow IAT Std": 0.12000000000000127,
        "Bwd IAT Tot": 0.12000000000000127,
        "Bwd IAT Mean": 0.0,
        "Bwd IAT Std": 0.34666666666666457,
        "Fwd PSH Flags": 0.0,
        "Fwd URG Flags": 0.05333333333333301,
        "Fwd Pkts/s": 0.09333333333333477,
        "Bwd Pkts/s": 0.13333333333333253,
        "Pkt Len Var": 0.0,
        "FIN Flag Cnt": 0.09333333333333477,
        "RST Flag Cnt": 0.0,
        "PSH Flag Cnt": 0.18666666666666554,
        "ACK Flag Cnt": 0.013333333333331258,
        "URG Flag Cnt": 0.0,
        "Down/Up Ratio": 0.34666666666666457,
        "Init Fwd Win Byts": 0.17333333333333428,
        "Init Bwd Win Byts": 1.0,
        "Fwd Seg Size Min": 0.0,
        "Active Mean": 0.026666666666666505,
        "Active Std": 0.06666666666666826
    },
    "params": {
        "nb_filters": 128,
        "kernel_size": 3,
        "lstm_units_1": 128,
        "lstm_units_2": 128,
        "dropout": 0.15000000000000002,
        "lr": 0.0001736723715159316,
        "batch_size": 512
    },
    "metrics_binary": {
        "task": "Trial 7 - Binary Task",
        "accuracy": 0.9087875417130145,
        "f1": 0.6495726495726496,
        "mcc": 0.6256010675373718,
        "auc": 0.9121190336364189
    },
    "metrics_multiclass": {
        "task": "Trial 7 - Multiclass Task",
        "accuracy": 0.8461253244345569,
        "f1": 0.1994648306439963,
        "mcc": 0.22924234481868605,
        "auc": 0.8397157332151622
    }
}