{
    "model": "models/cnn_lstm_trial_3.pt",
    "model_type": "CNN-LSTM",
    "label": "3",
    "mcc_bin": 0.541610604087161,
    "mcc_mul": 0.4365820518866291,
    "mean_mcc": 0.48909632798689506,
    "val_loss": 0.7834874788920084,
    "cm_bin": [
        [
            2071,
            189
        ],
        [
            157,
            280
        ]
    ],
    "cm_mul": [
        [
            2222,
            38,
            0,
            0,
            0,
            0,
            0,
            0,
            0,
            0,
            0
        ],
        [
            1,
            107,
            0,
            0,
            0,
            0,
            0,
            0,
            0,
            0,
            0
        ],
        [
            98,
            1,
            0,
            0,
            0,
            0,
            0,
            0,
            0,
            0,
            0
        ],
        [
            51,
            27,
            0,
            0,
            0,
            0,
            0,
            0,
            0,
            0,
            0
        ],
        [
            37,
            0,
            0,
            0,
            0,
            0,
            0,
            0,
            0,
            0,
            0
        ],
        [
            17,
            16,
            0,
            0,
            0,
            0,
            0,
            0,
            0,
            0,
            0
        ],
        [
            10,
            19,
            0,
            0,
            0,
            0,
            0,
            0,
            0,
            0,
            0
        ],
        [
            27,
            0,
            0,
            0,
            0,
            0,
            0,
            0,
            0,
            0,
            0
        ],
        [
            0,
            20,
            0,
            0,
            0,
            0,
            0,
            0,
            0,
            0,
            0
        ],
        [
            2,
            0,
            0,
            0,
            0,
            0,
            0,
            0,
            0,
            0,
            0
        ],
        [
            4,
            0,
            0,
            0,
            0,
            0,
            0,
            0,
            0,
            0,
            0
        ]
    ],
    "feature_importance": {
        "Dst Port": 0.23684210526315996,
        "Protocol": 0.0,
        "Timestamp": 0.0,
        "Flow Duration": 0.026315789473687942,
        "Tot Fwd Pkts": 0.026315789473687942,
        "Tot Bwd Pkts": 0.0,
        "TotLen Fwd Pkts": 0.0,
        "Fwd Pkt Len Max": 0.0,
        "Fwd Pkt Len Min": 0.0,
        "Bwd Pkt Len Max": 0.0,
        "Bwd Pkt Len Min": 0.0,
        "Bwd Pkt Len Mean": 0.07894736842105594,
        "Flow Byts/s": 0.0,
        "Flow Pkts/s": 0.0,
        "Flow IAT Mean": 0.0,
        "Flow IAT Std": 0.0,
        "Bwd IAT Tot": 0.0,
        "Bwd IAT Mean": 0.0,
        "Bwd IAT Std": 0.0,
        "Fwd PSH Flags": 0.0,
        "Fwd URG Flags": 0.026315789473687942,
        "Fwd Pkts/s": 0.0,
        "Bwd Pkts/s": 0.0,
        "Pkt Len Var": 0.0,
        "FIN Flag Cnt": 0.0,
        "RST Flag Cnt": 0.0,
        "PSH Flag Cnt": 0.0,
        "ACK Flag Cnt": 0.0,
        "URG Flag Cnt": 0.0,
        "Down/Up Ratio": 1.0,
        "Init Fwd Win Byts": 0.0,
        "Init Bwd Win Byts": 0.10526315789473602,
        "Fwd Seg Size Min": 0.13157894736842396,
        "Active Mean": 0.0,
        "Active Std": 0.0
    },
    "params": {
        "nb_filters": 64,
        "kernel_size": 5,
        "lstm_units_1": 128,
        "lstm_units_2": 256,
        "dropout": 0.2,
        "lr": 0.0003646439558980723,
        "batch_size": 1024
    },
    "metrics_binary": {
        "task": "Trial 3 - Binary Task",
        "accuracy": 0.8717093066370041,
        "f1": 0.6181015452538632,
        "mcc": 0.541610604087161,
        "auc": 0.9191976671189324
    },
    "metrics_multiclass": {
        "task": "Trial 3 - Multiclass Task",
        "accuracy": 0.8635520949202818,
        "f1": 0.1433307564360641,
        "mcc": 0.4365820518866291,
        "auc": 0.874000733402099
    }
}