{
    "model": "models/cnn_lstm_trial_9.pt",
    "model_type": "CNN-LSTM",
    "label": "9",
    "mcc_bin": 0.5395560006452115,
    "mcc_mul": 0.0,
    "mean_mcc": 0.26977800032260574,
    "val_loss": 0.8854900995890299,
    "cm_bin": [
        [
            2242,
            18
        ],
        [
            273,
            164
        ]
    ],
    "cm_mul": [
        [
            2260,
            0,
            0,
            0,
            0,
            0,
            0,
            0,
            0,
            0,
            0
        ],
        [
            108,
            0,
            0,
            0,
            0,
            0,
            0,
            0,
            0,
            0,
            0
        ],
        [
            99,
            0,
            0,
            0,
            0,
            0,
            0,
            0,
            0,
            0,
            0
        ],
        [
            78,
            0,
            0,
            0,
            0,
            0,
            0,
            0,
            0,
            0,
            0
        ],
        [
            37,
            0,
            0,
            0,
            0,
            0,
            0,
            0,
            0,
            0,
            0
        ],
        [
            33,
            0,
            0,
            0,
            0,
            0,
            0,
            0,
            0,
            0,
            0
        ],
        [
            29,
            0,
            0,
            0,
            0,
            0,
            0,
            0,
            0,
            0,
            0
        ],
        [
            27,
            0,
            0,
            0,
            0,
            0,
            0,
            0,
            0,
            0,
            0
        ],
        [
            20,
            0,
            0,
            0,
            0,
            0,
            0,
            0,
            0,
            0,
            0
        ],
        [
            2,
            0,
            0,
            0,
            0,
            0,
            0,
            0,
            0,
            0,
            0
        ],
        [
            4,
            0,
            0,
            0,
            0,
            0,
            0,
            0,
            0,
            0,
            0
        ]
    ],
    "feature_importance": {
        "Dst Port": 0.8108108108108091,
        "Protocol": 0.0,
        "Timestamp": 0.5945945945945955,
        "Flow Duration": 0.0,
        "Tot Fwd Pkts": 0.0,
        "Tot Bwd Pkts": 0.0,
        "TotLen Fwd Pkts": 0.7027027027027023,
        "Fwd Pkt Len Max": 0.5675675675675648,
        "Fwd Pkt Len Min": 0.1081081081081068,
        "Bwd Pkt Len Max": 0.7027027027027023,
        "Bwd Pkt Len Min": 0.29729729729729776,
        "Bwd Pkt Len Mean": 0.0,
        "Flow Byts/s": 0.16216216216216828,
        "Flow Pkts/s": 0.16216216216216828,
        "Flow IAT Mean": 0.08108108108108414,
        "Flow IAT Std": 0.0,
        "Bwd IAT Tot": 0.08108108108108414,
        "Bwd IAT Mean": 0.0,
        "Bwd IAT Std": 0.7027027027027023,
        "Fwd PSH Flags": 0.0,
        "Fwd URG Flags": 0.027027027027030744,
        "Fwd Pkts/s": 0.08108108108108414,
        "Bwd Pkts/s": 0.08108108108108414,
        "Pkt Len Var": 0.027027027027030744,
        "FIN Flag Cnt": 0.0,
        "RST Flag Cnt": 0.24324324324324434,
        "PSH Flag Cnt": 0.8918918918918932,
        "ACK Flag Cnt": 0.027027027027030744,
        "URG Flag Cnt": 0.0,
        "Down/Up Ratio": 0.0,
        "Init Fwd Win Byts": 0.3783783783783819,
        "Init Bwd Win Byts": 1.0,
        "Fwd Seg Size Min": 0.1081081081081068,
        "Active Mean": 0.0,
        "Active Std": 0.0
    },
    "params": {
        "nb_filters": 64,
        "kernel_size": 5,
        "lstm_units_1": 32,
        "lstm_units_2": 64,
        "dropout": 0.35,
        "lr": 0.0004380867619725788,
        "batch_size": 1024
    },
    "metrics_binary": {
        "task": "Trial 9 - Binary Task",
        "accuracy": 0.8921023359288098,
        "f1": 0.529886914378029,
        "mcc": 0.5395560006452115,
        "auc": 0.9065014884267228
    },
    "metrics_multiclass": {
        "task": "Trial 9 - Multiclass Task",
        "accuracy": 0.8379681127178347,
        "f1": 0.08289471271113392,
        "mcc": 0.0,
        "auc": 0.8295956770855416
    }
}