{
    "model": "models/cnn_lstm_trial_4.pt",
    "model_type": "CNN-LSTM",
    "label": "4",
    "mcc_bin": 0.7252698630743639,
    "mcc_mul": 0.5783112620856089,
    "mean_mcc": 0.6517905625799865,
    "val_loss": 0.6777646506941596,
    "cm_bin": [
        [
            2113,
            147
        ],
        [
            71,
            366
        ]
    ],
    "cm_mul": [
        [
            2198,
            1,
            25,
            0,
            16,
            0,
            2,
            0,
            18,
            0,
            0
        ],
        [
            1,
            107,
            0,
            0,
            0,
            0,
            0,
            0,
            0,
            0,
            0
        ],
        [
            47,
            0,
            48,
            0,
            4,
            0,
            0,
            0,
            0,
            0,
            0
        ],
        [
            5,
            0,
            73,
            0,
            0,
            0,
            0,
            0,
            0,
            0,
            0
        ],
        [
            29,
            0,
            2,
            0,
            6,
            0,
            0,
            0,
            0,
            0,
            0
        ],
        [
            4,
            0,
            29,
            0,
            0,
            0,
            0,
            0,
            0,
            0,
            0
        ],
        [
            1,
            0,
            7,
            0,
            0,
            0,
            0,
            0,
            21,
            0,
            0
        ],
        [
            22,
            0,
            3,
            0,
            0,
            0,
            1,
            0,
            1,
            0,
            0
        ],
        [
            0,
            0,
            1,
            0,
            0,
            0,
            0,
            0,
            19,
            0,
            0
        ],
        [
            0,
            0,
            2,
            0,
            0,
            0,
            0,
            0,
            0,
            0,
            0
        ],
        [
            3,
            0,
            1,
            0,
            0,
            0,
            0,
            0,
            0,
            0,
            0
        ]
    ],
    "feature_importance": {
        "Dst Port": 0.928571428571429,
        "Protocol": 0.0714285714285731,
        "Timestamp": 0.17142857142857246,
        "Flow Duration": 0.0,
        "Tot Fwd Pkts": 0.014285714285714193,
        "Tot Bwd Pkts": 0.042857142857144724,
        "TotLen Fwd Pkts": 0.40714285714285775,
        "Fwd Pkt Len Max": 0.24285714285714344,
        "Fwd Pkt Len Min": 0.2500000000000016,
        "Bwd Pkt Len Max": 0.09285714285714333,
        "Bwd Pkt Len Min": 0.21428571428571505,
        "Bwd Pkt Len Mean": 0.09285714285714333,
        "Flow Byts/s": 0.1142857142857157,
        "Flow Pkts/s": 0.3071428571428584,
        "Flow IAT Mean": 0.0,
        "Flow IAT Std": 0.0,
        "Bwd IAT Tot": 0.050000000000000745,
        "Bwd IAT Mean": 0.0,
        "Bwd IAT Std": 0.09285714285714333,
        "Fwd PSH Flags": 0.0,
        "Fwd URG Flags": 0.0,
        "Fwd Pkts/s": 0.33571428571428674,
        "Bwd Pkts/s": 0.27142857142857185,
        "Pkt Len Var": 0.05714285714285892,
        "FIN Flag Cnt": 0.2642857142857158,
        "RST Flag Cnt": 0.03571428571428655,
        "PSH Flag Cnt": 0.1142857142857157,
        "ACK Flag Cnt": 0.03571428571428655,
        "URG Flag Cnt": 0.12142857142857172,
        "Down/Up Ratio": 0.5285714285714295,
        "Init Fwd Win Byts": 0.7214285714285722,
        "Init Bwd Win Byts": 1.0,
        "Fwd Seg Size Min": 0.09285714285714333,
        "Active Mean": 0.0,
        "Active Std": 0.3285714285714286
    },
    "params": {
        "nb_filters": 64,
        "kernel_size": 7,
        "lstm_units_1": 128,
        "lstm_units_2": 128,
        "dropout": 0.4,
        "lr": 0.0017643967683381545,
        "batch_size": 64
    },
    "metrics_binary": {
        "task": "Trial 4 - Binary Task",
        "accuracy": 0.9191694475342974,
        "f1": 0.7705263157894737,
        "mcc": 0.7252698630743639,
        "auc": 0.9523916081083817
    },
    "metrics_multiclass": {
        "task": "Trial 4 - Multiclass Task",
        "accuracy": 0.8817204301075269,
        "f1": 0.2686536067230861,
        "mcc": 0.5783112620856089,
        "auc": 0.9295718722579557
    }
}