{
    "model": "tabnet_trial_5",
    "model_type": "TabNet",
    "label": "5",
    "mcc_bin": -0.015754539018746256,
    "mcc_mul": 0.005691617181493203,
    "mean_mcc": -0.005031460918626527,
    "cm_bin": [
        [
            41,
            2200
        ],
        [
            11,
            446
        ]
    ],
    "cm_mul": [
        [
            14,
            18,
            1297,
            3,
            31,
            213,
            19,
            625,
            21,
            0,
            0
        ],
        [
            0,
            0,
            18,
            0,
            0,
            0,
            0,
            92,
            0,
            0,
            0
        ],
        [
            0,
            1,
            65,
            0,
            3,
            0,
            0,
            17,
            2,
            0,
            0
        ],
        [
            0,
            0,
            55,
            0,
            0,
            0,
            0,
            21,
            0,
            0,
            0
        ],
        [
            0,
            0,
            28,
            0,
            0,
            0,
            0,
            29,
            0,
            0,
            0
        ],
        [
            0,
            0,
            18,
            0,
            0,
            0,
            0,
            20,
            0,
            0,
            0
        ],
        [
            0,
            0,
            16,
            0,
            0,
            11,
            0,
            0,
            0,
            0,
            0
        ],
        [
            1,
            1,
            19,
            0,
            0,
            6,
            0,
            5,
            0,
            0,
            0
        ],
        [
            0,
            0,
            20,
            0,
            0,
            0,
            0,
            0,
            0,
            0,
            0
        ],
        [
            0,
            0,
            1,
            0,
            0,
            0,
            0,
            4,
            0,
            0,
            0
        ],
        [
            0,
            0,
            2,
            1,
            0,
            0,
            0,
            1,
            0,
            0,
            0
        ]
    ],
    "feature_importance": {
        "Dst Port": 0.0172099790588966,
        "Protocol": 0.016377435188507317,
        "Timestamp": 0.036759096291807125,
        "Flow Duration": 0.020183121417419833,
        "Tot Fwd Pkts": 0.01526692150207763,
        "Tot Bwd Pkts": 0.02267336281319028,
        "TotLen Fwd Pkts": 0.07379944181255949,
        "Fwd Pkt Len Max": 0.022200165275086715,
        "Fwd Pkt Len Min": 0.014112915609373368,
        "Bwd Pkt Len Max": 0.025286142881223925,
        "Bwd Pkt Len Min": 0.016323287270264067,
        "Bwd Pkt Len Mean": 0.010992769193540294,
        "Flow Byts/s": 0.030795424264808538,
        "Flow Pkts/s": 0.033171120688855145,
        "Flow IAT Mean": 0.023926983010993032,
        "Flow IAT Std": 0.05179630198729985,
        "Bwd IAT Tot": 0.03700574545658519,
        "Bwd IAT Mean": 0.01936727145898113,
        "Bwd IAT Std": 0.030483792648665877,
        "Fwd PSH Flags": 0.004714253231420458,
        "Fwd URG Flags": 0.029521582663394472,
        "Fwd Pkts/s": 0.012705199822848741,
        "Bwd Pkts/s": 0.014947505290747435,
        "Pkt Len Var": 0.007818941351466557,
        "FIN Flag Cnt": 0.024494673191920977,
        "RST Flag Cnt": 0.049697884308756844,
        "PSH Flag Cnt": 0.01046829405023522,
        "ACK Flag Cnt": 0.011862045059219261,
        "URG Flag Cnt": 0.025606143565788705,
        "Down/Up Ratio": 0.05133644365223213,
        "Init Fwd Win Byts": 0.1225503420042539,
        "Init Bwd Win Byts": 0.03968907189051165,
        "Fwd Seg Size Min": 0.012872414353069173,
        "Active Mean": 0.017323708218621173,
        "Active Std": 0.04666021951537779
    },
    "params": {
        "N_a": 16,
        "N_steps": 9,
        "gamma": 1.6,
        "lambda_sparse": 0.0009833181933644897,
        "lr": 0.00013400367243354819,
        "batch_size": 1024,
        "mask_type": "sparsemax"
    },
    "metrics_binary": {
        "task": "Trial 5 - Binary Task",
        "accuracy": 0.18050407709414382,
        "f1": 0.28746374476313247,
        "mcc": -0.015754539018746256,
        "auc": 0.41738947035406393
    },
    "metrics_multiclass": {
        "task": "Trial 5 - Multiclass Task",
        "accuracy": 0.031134173461823574,
        "f1": 0.009466667089363869,
        "mcc": 0.005691617181493203,
        "auc": 0.4326161319952687
    },
    "_live_model": "TabNetMultiTaskClassifier(n_d=16, n_a=16, n_steps=9, gamma=1.6, cat_idxs=[31, 1], cat_dims=[3, 9], cat_emb_dim=[1, 1], n_independent=2, n_shared=2, epsilon=1e-15, momentum=0.02, lambda_sparse=0.0009833181933644897, seed=42, clip_value=1, verbose=0, optimizer_fn=<class 'torch.optim.adam.Adam'>, optimizer_params={'lr': 0.00013400367243354819}, scheduler_fn=None, scheduler_params={}, mask_type='sparsemax', input_dim=35, output_dim=[2, 11], device_name='auto', n_shared_decoder=1, n_indep_decoder=1, grouped_features=[])"
}