{
    "model": "tabnet_trial_0",
    "model_type": "TabNet",
    "label": "0",
    "mcc_bin": 0.7558348078116865,
    "mcc_mul": 0.6220304119993313,
    "mean_mcc": 0.6889326099055089,
    "cm_bin": [
        [
            2224,
            17
        ],
        [
            157,
            300
        ]
    ],
    "cm_mul": [
        [
            2229,
            8,
            3,
            0,
            0,
            1,
            0,
            0,
            0,
            0,
            0
        ],
        [
            18,
            92,
            0,
            0,
            0,
            0,
            0,
            0,
            0,
            0,
            0
        ],
        [
            88,
            0,
            0,
            0,
            0,
            0,
            0,
            0,
            0,
            0,
            0
        ],
        [
            6,
            0,
            0,
            70,
            0,
            0,
            0,
            0,
            0,
            0,
            0
        ],
        [
            57,
            0,
            0,
            0,
            0,
            0,
            0,
            0,
            0,
            0,
            0
        ],
        [
            28,
            0,
            0,
            0,
            0,
            10,
            0,
            0,
            0,
            0,
            0
        ],
        [
            3,
            0,
            0,
            0,
            0,
            0,
            11,
            0,
            13,
            0,
            0
        ],
        [
            31,
            1,
            0,
            0,
            0,
            0,
            0,
            0,
            0,
            0,
            0
        ],
        [
            2,
            0,
            0,
            0,
            0,
            1,
            0,
            0,
            17,
            0,
            0
        ],
        [
            4,
            0,
            0,
            1,
            0,
            0,
            0,
            0,
            0,
            0,
            0
        ],
        [
            4,
            0,
            0,
            0,
            0,
            0,
            0,
            0,
            0,
            0,
            0
        ]
    ],
    "feature_importance": {
        "Dst Port": 0.016936441992702868,
        "Protocol": 0.0308695964518328,
        "Timestamp": 0.028411735358559183,
        "Flow Duration": 0.015485362587154779,
        "Tot Fwd Pkts": 0.015734795553893493,
        "Tot Bwd Pkts": 0.031274963640937126,
        "TotLen Fwd Pkts": 0.011005700612659645,
        "Fwd Pkt Len Max": 0.017105498994086137,
        "Fwd Pkt Len Min": 0.04902168844630244,
        "Bwd Pkt Len Max": 0.012066786727833623,
        "Bwd Pkt Len Min": 0.04403041972197118,
        "Bwd Pkt Len Mean": 0.01901574830970022,
        "Flow Byts/s": 0.009675413314937212,
        "Flow Pkts/s": 0.03282545038146493,
        "Flow IAT Mean": 0.029668092991661614,
        "Flow IAT Std": 0.02012435538272126,
        "Bwd IAT Tot": 0.004953258843175359,
        "Bwd IAT Mean": 0.024165557928328796,
        "Bwd IAT Std": 0.006152551359791063,
        "Fwd PSH Flags": 0.008677769751817062,
        "Fwd URG Flags": 0.04520695780719348,
        "Fwd Pkts/s": 0.03614183209769402,
        "Bwd Pkts/s": 0.031964166921330486,
        "Pkt Len Var": 0.016136175940982912,
        "FIN Flag Cnt": 0.04712315751493172,
        "RST Flag Cnt": 0.05851913174319326,
        "PSH Flag Cnt": 0.04583676273772675,
        "ACK Flag Cnt": 0.024228468077939512,
        "URG Flag Cnt": 0.017278068026230206,
        "Down/Up Ratio": 0.06656945065433671,
        "Init Fwd Win Byts": 0.0627153853858817,
        "Init Bwd Win Byts": 0.0508217876431052,
        "Fwd Seg Size Min": 0.01030787837040021,
        "Active Mean": 0.006467951493199059,
        "Active Std": 0.05348163723432408
    },
    "params": {
        "N_a": 16,
        "N_steps": 4,
        "gamma": 1.0,
        "lambda_sparse": 0.0396760507705299,
        "lr": 0.0015930522616241021,
        "batch_size": 1024,
        "mask_type": "sparsemax"
    },
    "metrics_binary": {
        "task": "Trial 0 - Binary Task",
        "accuracy": 0.9355077835433655,
        "f1": 0.7751937984496124,
        "mcc": 0.7558348078116865,
        "auc": 0.9484380507685984
    },
    "metrics_multiclass": {
        "task": "Trial 0 - Multiclass Task",
        "accuracy": 0.9002965159377316,
        "f1": 0.4026965580635647,
        "mcc": 0.6220304119993313,
        "auc": 0.8905572193829667
    },
    "_live_model": "TabNetMultiTaskClassifier(n_d=16, n_a=16, n_steps=4, gamma=1.0, cat_idxs=[31, 1], cat_dims=[3, 9], cat_emb_dim=[1, 1], n_independent=2, n_shared=2, epsilon=1e-15, momentum=0.02, lambda_sparse=0.0396760507705299, seed=42, clip_value=1, verbose=0, optimizer_fn=<class 'torch.optim.adam.Adam'>, optimizer_params={'lr': 0.0015930522616241021}, scheduler_fn=None, scheduler_params={}, mask_type='sparsemax', input_dim=35, output_dim=[2, 11], device_name='auto', n_shared_decoder=1, n_indep_decoder=1, grouped_features=[])"
}