{
    "model": "tabnet_trial_3",
    "model_type": "TabNet",
    "label": "3",
    "mcc_bin": 0.36685200575447846,
    "mcc_mul": -0.009723343067139905,
    "mean_mcc": 0.17856433134366928,
    "cm_bin": [
        [
            1985,
            256
        ],
        [
            234,
            223
        ]
    ],
    "cm_mul": [
        [
            2222,
            2,
            0,
            0,
            0,
            9,
            0,
            0,
            2,
            0,
            6
        ],
        [
            110,
            0,
            0,
            0,
            0,
            0,
            0,
            0,
            0,
            0,
            0
        ],
        [
            88,
            0,
            0,
            0,
            0,
            0,
            0,
            0,
            0,
            0,
            0
        ],
        [
            76,
            0,
            0,
            0,
            0,
            0,
            0,
            0,
            0,
            0,
            0
        ],
        [
            57,
            0,
            0,
            0,
            0,
            0,
            0,
            0,
            0,
            0,
            0
        ],
        [
            38,
            0,
            0,
            0,
            0,
            0,
            0,
            0,
            0,
            0,
            0
        ],
        [
            27,
            0,
            0,
            0,
            0,
            0,
            0,
            0,
            0,
            0,
            0
        ],
        [
            31,
            0,
            0,
            0,
            0,
            1,
            0,
            0,
            0,
            0,
            0
        ],
        [
            19,
            0,
            0,
            0,
            0,
            0,
            0,
            0,
            0,
            0,
            1
        ],
        [
            5,
            0,
            0,
            0,
            0,
            0,
            0,
            0,
            0,
            0,
            0
        ],
        [
            4,
            0,
            0,
            0,
            0,
            0,
            0,
            0,
            0,
            0,
            0
        ]
    ],
    "feature_importance": {
        "Dst Port": 0.02818358241783149,
        "Protocol": 0.010430320388196893,
        "Timestamp": 0.027042785674149205,
        "Flow Duration": 0.014405165796666649,
        "Tot Fwd Pkts": 0.008525803142458967,
        "Tot Bwd Pkts": 0.013178973432271292,
        "TotLen Fwd Pkts": 0.08168839466438378,
        "Fwd Pkt Len Max": 0.10344101828269256,
        "Fwd Pkt Len Min": 0.04385738360376933,
        "Bwd Pkt Len Max": 0.011294149841246085,
        "Bwd Pkt Len Min": 0.022883438654275508,
        "Bwd Pkt Len Mean": 0.03143829086051976,
        "Flow Byts/s": 0.023298050654632866,
        "Flow Pkts/s": 0.015788458755409424,
        "Flow IAT Mean": 0.03476782894754819,
        "Flow IAT Std": 0.00925080694930405,
        "Bwd IAT Tot": 0.015384710518211647,
        "Bwd IAT Mean": 0.032354555556810674,
        "Bwd IAT Std": 0.08348373684066814,
        "Fwd PSH Flags": 0.017303417773998842,
        "Fwd URG Flags": 0.004226491352364322,
        "Fwd Pkts/s": 0.009707216474696743,
        "Bwd Pkts/s": 0.016704157510230237,
        "Pkt Len Var": 0.01954777119079392,
        "FIN Flag Cnt": 0.010508599602636287,
        "RST Flag Cnt": 0.007887328408564615,
        "PSH Flag Cnt": 0.07498319357505998,
        "ACK Flag Cnt": 0.03393026455724114,
        "URG Flag Cnt": 0.07751379490078142,
        "Down/Up Ratio": 0.014753528915697532,
        "Init Fwd Win Byts": 0.029286251351526345,
        "Init Bwd Win Byts": 0.024306401561684978,
        "Fwd Seg Size Min": 0.024434550385023127,
        "Active Mean": 0.005012933946623767,
        "Active Std": 0.019196643512030223
    },
    "params": {
        "N_a": 8,
        "N_steps": 10,
        "gamma": 1.8,
        "lambda_sparse": 0.06584106160121614,
        "lr": 0.006161049539380964,
        "batch_size": 512,
        "mask_type": "entmax"
    },
    "metrics_binary": {
        "task": "Trial 3 - Binary Task",
        "accuracy": 0.8183839881393625,
        "f1": 0.47649572649572647,
        "mcc": 0.36685200575447846,
        "auc": 0.803177699858515
    },
    "metrics_multiclass": {
        "task": "Trial 3 - Multiclass Task",
        "accuracy": 0.8235730170496665,
        "f1": 0.0821472143147621,
        "mcc": -0.009723343067139905,
        "auc": 0.5348922581245653
    },
    "_live_model": "TabNetMultiTaskClassifier(n_d=8, n_a=8, n_steps=10, gamma=1.8, cat_idxs=[31, 1], cat_dims=[3, 9], cat_emb_dim=[1, 1], n_independent=2, n_shared=2, epsilon=1e-15, momentum=0.02, lambda_sparse=0.06584106160121614, seed=42, clip_value=1, verbose=0, optimizer_fn=<class 'torch.optim.adam.Adam'>, optimizer_params={'lr': 0.006161049539380964}, scheduler_fn=None, scheduler_params={}, mask_type='entmax', input_dim=35, output_dim=[2, 11], device_name='auto', n_shared_decoder=1, n_indep_decoder=1, grouped_features=[])"
}