{
    "model": "tabnet_trial_6",
    "model_type": "TabNet",
    "label": "6",
    "mcc_bin": 0.07202388105497491,
    "mcc_mul": 0.06810259270290228,
    "mean_mcc": 0.07006323687893859,
    "cm_bin": [
        [
            2174,
            67
        ],
        [
            427,
            30
        ]
    ],
    "cm_mul": [
        [
            2153,
            17,
            7,
            3,
            2,
            3,
            3,
            47,
            0,
            0,
            6
        ],
        [
            92,
            0,
            0,
            0,
            18,
            0,
            0,
            0,
            0,
            0,
            0
        ],
        [
            87,
            0,
            0,
            0,
            0,
            0,
            0,
            1,
            0,
            0,
            0
        ],
        [
            76,
            0,
            0,
            0,
            0,
            0,
            0,
            0,
            0,
            0,
            0
        ],
        [
            57,
            0,
            0,
            0,
            0,
            0,
            0,
            0,
            0,
            0,
            0
        ],
        [
            31,
            7,
            0,
            0,
            0,
            0,
            0,
            0,
            0,
            0,
            0
        ],
        [
            4,
            0,
            11,
            0,
            0,
            0,
            0,
            0,
            0,
            0,
            12
        ],
        [
            30,
            1,
            0,
            0,
            0,
            0,
            0,
            1,
            0,
            0,
            0
        ],
        [
            14,
            0,
            0,
            0,
            0,
            0,
            0,
            0,
            0,
            0,
            6
        ],
        [
            5,
            0,
            0,
            0,
            0,
            0,
            0,
            0,
            0,
            0,
            0
        ],
        [
            1,
            0,
            0,
            0,
            0,
            3,
            0,
            0,
            0,
            0,
            0
        ]
    ],
    "feature_importance": {
        "Dst Port": 0.018322345044819204,
        "Protocol": 0.02370693540397823,
        "Timestamp": 0.019326886612011176,
        "Flow Duration": 0.019966200664348708,
        "Tot Fwd Pkts": 0.013477236384769397,
        "Tot Bwd Pkts": 0.022783027589096973,
        "TotLen Fwd Pkts": 0.04431637556130033,
        "Fwd Pkt Len Max": 0.028106839786656408,
        "Fwd Pkt Len Min": 0.05383516855069893,
        "Bwd Pkt Len Max": 0.022572835503736458,
        "Bwd Pkt Len Min": 0.03985595289261162,
        "Bwd Pkt Len Mean": 0.019183782490830498,
        "Flow Byts/s": 0.022204754457007456,
        "Flow Pkts/s": 0.02106753354772099,
        "Flow IAT Mean": 0.03103847666082328,
        "Flow IAT Std": 0.026627048586105977,
        "Bwd IAT Tot": 0.01612980205378396,
        "Bwd IAT Mean": 0.03091077396732118,
        "Bwd IAT Std": 0.028255477444718572,
        "Fwd PSH Flags": 0.016680702960166327,
        "Fwd URG Flags": 0.018903807050620468,
        "Fwd Pkts/s": 0.02911759097317726,
        "Bwd Pkts/s": 0.03654207845878837,
        "Pkt Len Var": 0.008911052630532445,
        "FIN Flag Cnt": 0.04597590270510068,
        "RST Flag Cnt": 0.027392315681827154,
        "PSH Flag Cnt": 0.027672346984504628,
        "ACK Flag Cnt": 0.022133605867261884,
        "URG Flag Cnt": 0.0541037591372171,
        "Down/Up Ratio": 0.03087388121002777,
        "Init Fwd Win Byts": 0.08146492849340488,
        "Init Bwd Win Byts": 0.024603363043845094,
        "Fwd Seg Size Min": 0.027959209858773905,
        "Active Mean": 0.01468145559431129,
        "Active Std": 0.03129654614810119
    },
    "params": {
        "N_a": 128,
        "N_steps": 6,
        "gamma": 1.5,
        "lambda_sparse": 0.0019170041589170674,
        "lr": 0.0001124186209579306,
        "batch_size": 1024,
        "mask_type": "entmax"
    },
    "metrics_binary": {
        "task": "Trial 6 - Binary Task",
        "accuracy": 0.8169014084507042,
        "f1": 0.10830324909747292,
        "mcc": 0.07202388105497491,
        "auc": 0.7989360798408807
    },
    "metrics_multiclass": {
        "task": "Trial 6 - Multiclass Task",
        "accuracy": 0.7983691623424759,
        "f1": 0.08395089839464709,
        "mcc": 0.06810259270290228,
        "auc": 0.5715536002141881
    },
    "_live_model": "TabNetMultiTaskClassifier(n_d=128, n_a=128, n_steps=6, gamma=1.5, cat_idxs=[31, 1], cat_dims=[3, 9], cat_emb_dim=[1, 1], n_independent=2, n_shared=2, epsilon=1e-15, momentum=0.02, lambda_sparse=0.0019170041589170674, seed=42, clip_value=1, verbose=0, optimizer_fn=<class 'torch.optim.adam.Adam'>, optimizer_params={'lr': 0.0001124186209579306}, scheduler_fn=None, scheduler_params={}, mask_type='entmax', input_dim=35, output_dim=[2, 11], device_name='auto', n_shared_decoder=1, n_indep_decoder=1, grouped_features=[])"
}