{
    "model": "tabnet_trial_8",
    "model_type": "TabNet",
    "label": "8",
    "mcc_bin": 0.25568629557456585,
    "mcc_mul": 0.12208749964352444,
    "mean_mcc": 0.18888689760904515,
    "cm_bin": [
        [
            1851,
            390
        ],
        [
            248,
            209
        ]
    ],
    "cm_mul": [
        [
            1622,
            202,
            0,
            216,
            43,
            77,
            0,
            27,
            54,
            0,
            0
        ],
        [
            6,
            12,
            0,
            92,
            0,
            0,
            0,
            0,
            0,
            0,
            0
        ],
        [
            33,
            42,
            0,
            13,
            0,
            0,
            0,
            0,
            0,
            0,
            0
        ],
        [
            71,
            4,
            0,
            0,
            0,
            0,
            0,
            0,
            1,
            0,
            0
        ],
        [
            28,
            0,
            0,
            29,
            0,
            0,
            0,
            0,
            0,
            0,
            0
        ],
        [
            15,
            0,
            0,
            1,
            0,
            22,
            0,
            0,
            0,
            0,
            0
        ],
        [
            2,
            2,
            0,
            0,
            23,
            0,
            0,
            0,
            0,
            0,
            0
        ],
        [
            22,
            8,
            0,
            1,
            1,
            0,
            0,
            0,
            0,
            0,
            0
        ],
        [
            0,
            14,
            0,
            0,
            6,
            0,
            0,
            0,
            0,
            0,
            0
        ],
        [
            4,
            1,
            0,
            0,
            0,
            0,
            0,
            0,
            0,
            0,
            0
        ],
        [
            2,
            0,
            0,
            0,
            0,
            2,
            0,
            0,
            0,
            0,
            0
        ]
    ],
    "feature_importance": {
        "Dst Port": 0.04184898796048164,
        "Protocol": 0.019037124525864764,
        "Timestamp": 0.020022152087969695,
        "Flow Duration": 0.019083377327649052,
        "Tot Fwd Pkts": 0.027567974639539996,
        "Tot Bwd Pkts": 0.01968003691895472,
        "TotLen Fwd Pkts": 0.024436087549538774,
        "Fwd Pkt Len Max": 0.025571762508534313,
        "Fwd Pkt Len Min": 0.04542349567768945,
        "Bwd Pkt Len Max": 0.041956584374668565,
        "Bwd Pkt Len Min": 0.020443532808806987,
        "Bwd Pkt Len Mean": 0.024675055065693834,
        "Flow Byts/s": 0.01704760563486226,
        "Flow Pkts/s": 0.029436438448051674,
        "Flow IAT Mean": 0.03239943344463591,
        "Flow IAT Std": 0.025358084567749486,
        "Bwd IAT Tot": 0.018712396422721198,
        "Bwd IAT Mean": 0.017959683084674345,
        "Bwd IAT Std": 0.022152100677399884,
        "Fwd PSH Flags": 0.016682580361050206,
        "Fwd URG Flags": 0.048211443923664526,
        "Fwd Pkts/s": 0.01505613748190891,
        "Bwd Pkts/s": 0.03120513886351775,
        "Pkt Len Var": 0.017996356688530286,
        "FIN Flag Cnt": 0.019452903624137416,
        "RST Flag Cnt": 0.025070736510985216,
        "PSH Flag Cnt": 0.09440484142917512,
        "ACK Flag Cnt": 0.01972709737229929,
        "URG Flag Cnt": 0.040463562220845954,
        "Down/Up Ratio": 0.02763352161448388,
        "Init Fwd Win Byts": 0.01745571694585145,
        "Init Bwd Win Byts": 0.052248031408022165,
        "Fwd Seg Size Min": 0.03298341788327739,
        "Active Mean": 0.02121773666025387,
        "Active Std": 0.027378863286509743
    },
    "params": {
        "N_a": 16,
        "N_steps": 6,
        "gamma": 1.8,
        "lambda_sparse": 0.03821129441691227,
        "lr": 0.00010325337616482048,
        "batch_size": 256,
        "mask_type": "entmax"
    },
    "metrics_binary": {
        "task": "Trial 8 - Binary Task",
        "accuracy": 0.7635285396590067,
        "f1": 0.3958333333333333,
        "mcc": 0.25568629557456585,
        "auc": 0.6071092051161123
    },
    "metrics_multiclass": {
        "task": "Trial 8 - Multiclass Task",
        "accuracy": 0.6137879911045219,
        "f1": 0.10718961741857848,
        "mcc": 0.12208749964352444,
        "auc": 0.44954312148175146
    },
    "_live_model": "TabNetMultiTaskClassifier(n_d=16, n_a=16, n_steps=6, gamma=1.8, cat_idxs=[31, 1], cat_dims=[3, 9], cat_emb_dim=[1, 1], n_independent=2, n_shared=2, epsilon=1e-15, momentum=0.02, lambda_sparse=0.03821129441691227, seed=42, clip_value=1, verbose=0, optimizer_fn=<class 'torch.optim.adam.Adam'>, optimizer_params={'lr': 0.00010325337616482048}, scheduler_fn=None, scheduler_params={}, mask_type='entmax', input_dim=35, output_dim=[2, 11], device_name='auto', n_shared_decoder=1, n_indep_decoder=1, grouped_features=[])"
}