{
    "model": "tabnet_trial_1",
    "model_type": "TabNet",
    "label": "1",
    "mcc_bin": 0.13078582143121925,
    "mcc_mul": 0.008211843677400637,
    "mean_mcc": 0.06949883255430994,
    "cm_bin": [
        [
            2146,
            95
        ],
        [
            401,
            56
        ]
    ],
    "cm_mul": [
        [
            2236,
            1,
            0,
            3,
            0,
            1,
            0,
            0,
            0,
            0,
            0
        ],
        [
            110,
            0,
            0,
            0,
            0,
            0,
            0,
            0,
            0,
            0,
            0
        ],
        [
            88,
            0,
            0,
            0,
            0,
            0,
            0,
            0,
            0,
            0,
            0
        ],
        [
            75,
            0,
            0,
            1,
            0,
            0,
            0,
            0,
            0,
            0,
            0
        ],
        [
            57,
            0,
            0,
            0,
            0,
            0,
            0,
            0,
            0,
            0,
            0
        ],
        [
            38,
            0,
            0,
            0,
            0,
            0,
            0,
            0,
            0,
            0,
            0
        ],
        [
            27,
            0,
            0,
            0,
            0,
            0,
            0,
            0,
            0,
            0,
            0
        ],
        [
            32,
            0,
            0,
            0,
            0,
            0,
            0,
            0,
            0,
            0,
            0
        ],
        [
            20,
            0,
            0,
            0,
            0,
            0,
            0,
            0,
            0,
            0,
            0
        ],
        [
            5,
            0,
            0,
            0,
            0,
            0,
            0,
            0,
            0,
            0,
            0
        ],
        [
            4,
            0,
            0,
            0,
            0,
            0,
            0,
            0,
            0,
            0,
            0
        ]
    ],
    "feature_importance": {
        "Dst Port": 0.02080484280579294,
        "Protocol": 0.02851112377859306,
        "Timestamp": 0.036930463760645106,
        "Flow Duration": 0.030287576616062732,
        "Tot Fwd Pkts": 0.02215518815959564,
        "Tot Bwd Pkts": 0.03522131081825097,
        "TotLen Fwd Pkts": 0.032890801336402785,
        "Fwd Pkt Len Max": 0.024062866880834526,
        "Fwd Pkt Len Min": 0.032449295350648145,
        "Bwd Pkt Len Max": 0.015664470019348006,
        "Bwd Pkt Len Min": 0.045606873669075135,
        "Bwd Pkt Len Mean": 0.02308920378609855,
        "Flow Byts/s": 0.03176412902641726,
        "Flow Pkts/s": 0.03181045691040997,
        "Flow IAT Mean": 0.035603958937465416,
        "Flow IAT Std": 0.027134329398710234,
        "Bwd IAT Tot": 0.018030788617388913,
        "Bwd IAT Mean": 0.032379438204673004,
        "Bwd IAT Std": 0.02191360457819056,
        "Fwd PSH Flags": 0.03020527015399396,
        "Fwd URG Flags": 0.02073990651857386,
        "Fwd Pkts/s": 0.01785819178931138,
        "Bwd Pkts/s": 0.030978561143019258,
        "Pkt Len Var": 0.01173848523590342,
        "FIN Flag Cnt": 0.03872741679378266,
        "RST Flag Cnt": 0.024690968440735518,
        "PSH Flag Cnt": 0.018411730874946162,
        "ACK Flag Cnt": 0.014004471699155877,
        "URG Flag Cnt": 0.04113737028366401,
        "Down/Up Ratio": 0.029264336601873043,
        "Init Fwd Win Byts": 0.02763606226395577,
        "Init Bwd Win Byts": 0.049428891903607566,
        "Fwd Seg Size Min": 0.033057313321776506,
        "Active Mean": 0.02692480638868411,
        "Active Std": 0.03888549393241391
    },
    "params": {
        "N_a": 32,
        "N_steps": 7,
        "gamma": 1.1,
        "lambda_sparse": 0.0007523742884534858,
        "lr": 0.0005404103854647331,
        "batch_size": 512,
        "mask_type": "sparsemax"
    },
    "metrics_binary": {
        "task": "Trial 1 - Binary Task",
        "accuracy": 0.816160118606375,
        "f1": 0.18421052631578946,
        "mcc": 0.13078582143121925,
        "auc": 0.6181624138176826
    },
    "metrics_multiclass": {
        "task": "Trial 1 - Multiclass Task",
        "accuracy": 0.8291326908821349,
        "f1": 0.08468615815564934,
        "mcc": 0.008211843677400637,
        "auc": 0.48186717875734764
    },
    "_live_model": "TabNetMultiTaskClassifier(n_d=32, n_a=32, n_steps=7, gamma=1.1, cat_idxs=[31, 1], cat_dims=[3, 9], cat_emb_dim=[1, 1], n_independent=2, n_shared=2, epsilon=1e-15, momentum=0.02, lambda_sparse=0.0007523742884534858, seed=42, clip_value=1, verbose=0, optimizer_fn=<class 'torch.optim.adam.Adam'>, optimizer_params={'lr': 0.0005404103854647331}, scheduler_fn=None, scheduler_params={}, mask_type='sparsemax', input_dim=35, output_dim=[2, 11], device_name='auto', n_shared_decoder=1, n_indep_decoder=1, grouped_features=[])"
}