{
    "model": "tabnet_trial_4",
    "model_type": "TabNet",
    "label": "4",
    "mcc_bin": 0.01402147105158894,
    "mcc_mul": 0.08982230336447715,
    "mean_mcc": 0.05192188720803304,
    "cm_bin": [
        [
            2190,
            51
        ],
        [
            444,
            13
        ]
    ],
    "cm_mul": [
        [
            2226,
            7,
            0,
            2,
            0,
            1,
            3,
            1,
            0,
            0,
            1
        ],
        [
            110,
            0,
            0,
            0,
            0,
            0,
            0,
            0,
            0,
            0,
            0
        ],
        [
            88,
            0,
            0,
            0,
            0,
            0,
            0,
            0,
            0,
            0,
            0
        ],
        [
            75,
            0,
            0,
            1,
            0,
            0,
            0,
            0,
            0,
            0,
            0
        ],
        [
            57,
            0,
            0,
            0,
            0,
            0,
            0,
            0,
            0,
            0,
            0
        ],
        [
            38,
            0,
            0,
            0,
            0,
            0,
            0,
            0,
            0,
            0,
            0
        ],
        [
            16,
            0,
            0,
            0,
            0,
            0,
            11,
            0,
            0,
            0,
            0
        ],
        [
            32,
            0,
            0,
            0,
            0,
            0,
            0,
            0,
            0,
            0,
            0
        ],
        [
            20,
            0,
            0,
            0,
            0,
            0,
            0,
            0,
            0,
            0,
            0
        ],
        [
            5,
            0,
            0,
            0,
            0,
            0,
            0,
            0,
            0,
            0,
            0
        ],
        [
            4,
            0,
            0,
            0,
            0,
            0,
            0,
            0,
            0,
            0,
            0
        ]
    ],
    "feature_importance": {
        "Dst Port": 0.01762135797584764,
        "Protocol": 0.03103505314054854,
        "Timestamp": 0.03346752167629984,
        "Flow Duration": 0.03194028352916561,
        "Tot Fwd Pkts": 0.01919716589040444,
        "Tot Bwd Pkts": 0.02998021613892593,
        "TotLen Fwd Pkts": 0.029930571722565996,
        "Fwd Pkt Len Max": 0.02296886899676427,
        "Fwd Pkt Len Min": 0.03598429995436414,
        "Bwd Pkt Len Max": 0.008688473856890642,
        "Bwd Pkt Len Min": 0.03442005514735126,
        "Bwd Pkt Len Mean": 0.026461978865756436,
        "Flow Byts/s": 0.025286238400335573,
        "Flow Pkts/s": 0.02987306762362878,
        "Flow IAT Mean": 0.05801756615010427,
        "Flow IAT Std": 0.028728355305625182,
        "Bwd IAT Tot": 0.015976083001645325,
        "Bwd IAT Mean": 0.033912462387187224,
        "Bwd IAT Std": 0.017081989378090516,
        "Fwd PSH Flags": 0.0373241484493755,
        "Fwd URG Flags": 0.024025823556221793,
        "Fwd Pkts/s": 0.04584279069947469,
        "Bwd Pkts/s": 0.02626943918944838,
        "Pkt Len Var": 0.016728089536460593,
        "FIN Flag Cnt": 0.025743935951981347,
        "RST Flag Cnt": 0.026886030935850645,
        "PSH Flag Cnt": 0.029264130364474242,
        "ACK Flag Cnt": 0.020112263758524714,
        "URG Flag Cnt": 0.03815481869484425,
        "Down/Up Ratio": 0.018968200230746777,
        "Init Fwd Win Byts": 0.0325534761946705,
        "Init Bwd Win Byts": 0.037158466096742816,
        "Fwd Seg Size Min": 0.03961352524627455,
        "Active Mean": 0.01871333738343975,
        "Active Std": 0.03206991456996797
    },
    "params": {
        "N_a": 32,
        "N_steps": 7,
        "gamma": 1.1,
        "lambda_sparse": 0.025502980701628937,
        "lr": 0.00014096175149815865,
        "batch_size": 256,
        "mask_type": "sparsemax"
    },
    "metrics_binary": {
        "task": "Trial 4 - Binary Task",
        "accuracy": 0.8165307635285397,
        "f1": 0.04990403071017274,
        "mcc": 0.01402147105158894,
        "auc": 0.6901156778829395
    },
    "metrics_multiclass": {
        "task": "Trial 4 - Multiclass Task",
        "accuracy": 0.8295033358042995,
        "f1": 0.13347760118916416,
        "mcc": 0.08982230336447715,
        "auc": 0.48871004504663473
    },
    "_live_model": "TabNetMultiTaskClassifier(n_d=32, n_a=32, n_steps=7, gamma=1.1, cat_idxs=[31, 1], cat_dims=[3, 9], cat_emb_dim=[1, 1], n_independent=2, n_shared=2, epsilon=1e-15, momentum=0.02, lambda_sparse=0.025502980701628937, seed=42, clip_value=1, verbose=0, optimizer_fn=<class 'torch.optim.adam.Adam'>, optimizer_params={'lr': 0.00014096175149815865}, scheduler_fn=None, scheduler_params={}, mask_type='sparsemax', input_dim=35, output_dim=[2, 11], device_name='auto', n_shared_decoder=1, n_indep_decoder=1, grouped_features=[])"
}