{
    "model": "tabnet_trial_7",
    "model_type": "TabNet",
    "label": "7",
    "mcc_bin": 0.9372444549188849,
    "mcc_mul": 0.8916304746334949,
    "mean_mcc": 0.9144374647761899,
    "cm_bin": [
        [
            2230,
            11
        ],
        [
            36,
            421
        ]
    ],
    "cm_mul": [
        [
            2231,
            1,
            1,
            0,
            6,
            0,
            1,
            0,
            1,
            0,
            0
        ],
        [
            0,
            110,
            0,
            0,
            0,
            0,
            0,
            0,
            0,
            0,
            0
        ],
        [
            6,
            0,
            82,
            0,
            0,
            0,
            0,
            0,
            0,
            0,
            0
        ],
        [
            2,
            0,
            0,
            70,
            0,
            0,
            0,
            0,
            0,
            4,
            0
        ],
        [
            0,
            0,
            0,
            0,
            57,
            0,
            0,
            0,
            0,
            0,
            0
        ],
        [
            7,
            0,
            0,
            0,
            0,
            31,
            0,
            0,
            0,
            0,
            0
        ],
        [
            0,
            0,
            0,
            0,
            0,
            0,
            24,
            0,
            3,
            0,
            0
        ],
        [
            31,
            0,
            0,
            0,
            1,
            0,
            0,
            0,
            0,
            0,
            0
        ],
        [
            0,
            0,
            0,
            0,
            0,
            0,
            17,
            0,
            3,
            0,
            0
        ],
        [
            2,
            0,
            0,
            1,
            0,
            2,
            0,
            0,
            0,
            0,
            0
        ],
        [
            1,
            0,
            0,
            0,
            0,
            0,
            0,
            0,
            0,
            0,
            3
        ]
    ],
    "feature_importance": {
        "Dst Port": 0.09855493551292957,
        "Protocol": 0.030448140136849662,
        "Timestamp": 0.02131919539023045,
        "Flow Duration": 0.007016340638697429,
        "Tot Fwd Pkts": 0.015535962127497034,
        "Tot Bwd Pkts": 0.014092100770915635,
        "TotLen Fwd Pkts": 0.04178885796440568,
        "Fwd Pkt Len Max": 0.04955458318865371,
        "Fwd Pkt Len Min": 0.021072158434042965,
        "Bwd Pkt Len Max": 0.004866000113974251,
        "Bwd Pkt Len Min": 0.01827672174805995,
        "Bwd Pkt Len Mean": 0.009282888452552466,
        "Flow Byts/s": 0.002311999839426057,
        "Flow Pkts/s": 0.005629256130612593,
        "Flow IAT Mean": 0.026799138976139336,
        "Flow IAT Std": 0.007334917099532082,
        "Bwd IAT Tot": 0.007215971593467981,
        "Bwd IAT Mean": 0.024392686400320454,
        "Bwd IAT Std": 0.03815566524171256,
        "Fwd PSH Flags": 0.007889226989442824,
        "Fwd URG Flags": 0.019354691707097946,
        "Fwd Pkts/s": 0.0027649303075864893,
        "Bwd Pkts/s": 0.03465175003588748,
        "Pkt Len Var": 0.0011506279336773017,
        "FIN Flag Cnt": 0.029247669118830144,
        "RST Flag Cnt": 0.017479378540303483,
        "PSH Flag Cnt": 0.11062769277086437,
        "ACK Flag Cnt": 0.0012527300959265036,
        "URG Flag Cnt": 0.07631777884048016,
        "Down/Up Ratio": 0.0739142254842309,
        "Init Fwd Win Byts": 0.02857554365358581,
        "Init Bwd Win Byts": 0.1325026087149613,
        "Fwd Seg Size Min": 0.0014767147157086046,
        "Active Mean": 0.0017805027010601745,
        "Active Std": 0.017366408630336654
    },
    "params": {
        "N_a": 32,
        "N_steps": 5,
        "gamma": 1.1,
        "lambda_sparse": 0.06153085601625314,
        "lr": 0.004132765459466363,
        "batch_size": 512,
        "mask_type": "sparsemax"
    },
    "metrics_binary": {
        "task": "Trial 7 - Binary Task",
        "accuracy": 0.9825796886582654,
        "f1": 0.9471316085489314,
        "mcc": 0.9372444549188849,
        "auc": 0.9746977211056724
    },
    "metrics_multiclass": {
        "task": "Trial 7 - Multiclass Task",
        "accuracy": 0.9677538917716827,
        "f1": 0.6803886939169475,
        "mcc": 0.8916304746334949,
        "auc": 0.9671105270856626
    },
    "_live_model": "TabNetMultiTaskClassifier(n_d=32, n_a=32, n_steps=5, gamma=1.1, cat_idxs=[31, 1], cat_dims=[3, 9], cat_emb_dim=[1, 1], n_independent=2, n_shared=2, epsilon=1e-15, momentum=0.02, lambda_sparse=0.06153085601625314, seed=42, clip_value=1, verbose=0, optimizer_fn=<class 'torch.optim.adam.Adam'>, optimizer_params={'lr': 0.004132765459466363}, scheduler_fn=None, scheduler_params={}, mask_type='sparsemax', input_dim=35, output_dim=[2, 11], device_name='auto', n_shared_decoder=1, n_indep_decoder=1, grouped_features=[])"
}