{
    "model": "tabnet_trial_9",
    "model_type": "TabNet",
    "label": "9",
    "mcc_bin": 0.5695068297739843,
    "mcc_mul": 0.24462009890113642,
    "mean_mcc": 0.40706346433756035,
    "cm_bin": [
        [
            2173,
            68
        ],
        [
            225,
            232
        ]
    ],
    "cm_mul": [
        [
            2177,
            11,
            38,
            0,
            0,
            1,
            10,
            2,
            0,
            2,
            0
        ],
        [
            110,
            0,
            0,
            0,
            0,
            0,
            0,
            0,
            0,
            0,
            0
        ],
        [
            44,
            0,
            44,
            0,
            0,
            0,
            0,
            0,
            0,
            0,
            0
        ],
        [
            76,
            0,
            0,
            0,
            0,
            0,
            0,
            0,
            0,
            0,
            0
        ],
        [
            57,
            0,
            0,
            0,
            0,
            0,
            0,
            0,
            0,
            0,
            0
        ],
        [
            38,
            0,
            0,
            0,
            0,
            0,
            0,
            0,
            0,
            0,
            0
        ],
        [
            3,
            0,
            0,
            0,
            0,
            0,
            0,
            0,
            24,
            0,
            0
        ],
        [
            28,
            0,
            2,
            0,
            0,
            0,
            1,
            0,
            0,
            1,
            0
        ],
        [
            3,
            0,
            0,
            0,
            0,
            0,
            0,
            0,
            17,
            0,
            0
        ],
        [
            5,
            0,
            0,
            0,
            0,
            0,
            0,
            0,
            0,
            0,
            0
        ],
        [
            4,
            0,
            0,
            0,
            0,
            0,
            0,
            0,
            0,
            0,
            0
        ]
    ],
    "feature_importance": {
        "Dst Port": 0.02595496630020087,
        "Protocol": 0.019209256140555988,
        "Timestamp": 0.043596398804518814,
        "Flow Duration": 0.024301575649794443,
        "Tot Fwd Pkts": 0.01599543109775429,
        "Tot Bwd Pkts": 0.022463886914994662,
        "TotLen Fwd Pkts": 0.027577222239223067,
        "Fwd Pkt Len Max": 0.01707210576112707,
        "Fwd Pkt Len Min": 0.029655094872158654,
        "Bwd Pkt Len Max": 0.03041127568106124,
        "Bwd Pkt Len Min": 0.02496982720478283,
        "Bwd Pkt Len Mean": 0.028197570256315637,
        "Flow Byts/s": 0.04136828892057258,
        "Flow Pkts/s": 0.023473229502586387,
        "Flow IAT Mean": 0.024590482572476875,
        "Flow IAT Std": 0.04768925629743813,
        "Bwd IAT Tot": 0.03996163760412518,
        "Bwd IAT Mean": 0.02322525771322937,
        "Bwd IAT Std": 0.031217507618148305,
        "Fwd PSH Flags": 0.017655853229922892,
        "Fwd URG Flags": 0.021658581260066097,
        "Fwd Pkts/s": 0.05753394377640194,
        "Bwd Pkts/s": 0.049672839659118444,
        "Pkt Len Var": 0.01718725984378199,
        "FIN Flag Cnt": 0.023806552579515586,
        "RST Flag Cnt": 0.03386398682049156,
        "PSH Flag Cnt": 0.017829877856145458,
        "ACK Flag Cnt": 0.01906058783497355,
        "URG Flag Cnt": 0.025009720454816965,
        "Down/Up Ratio": 0.02041457819931544,
        "Init Fwd Win Byts": 0.03395999270493962,
        "Init Bwd Win Byts": 0.022637388662670527,
        "Fwd Seg Size Min": 0.03191721796071541,
        "Active Mean": 0.03113209884415616,
        "Active Std": 0.03572924916190393
    },
    "params": {
        "N_a": 128,
        "N_steps": 10,
        "gamma": 1.2,
        "lambda_sparse": 0.003102740950912841,
        "lr": 0.0003997206819121809,
        "batch_size": 1024,
        "mask_type": "entmax"
    },
    "metrics_binary": {
        "task": "Trial 9 - Binary Task",
        "accuracy": 0.8914010378057821,
        "f1": 0.6129458388375165,
        "mcc": 0.5695068297739843,
        "auc": 0.919325246524635
    },
    "metrics_multiclass": {
        "task": "Trial 9 - Multiclass Task",
        "accuracy": 0.8295033358042995,
        "f1": 0.1798856080265879,
        "mcc": 0.24462009890113642,
        "auc": 0.7419436528571134
    },
    "_live_model": "TabNetMultiTaskClassifier(n_d=128, n_a=128, n_steps=10, gamma=1.2, cat_idxs=[31, 1], cat_dims=[3, 9], cat_emb_dim=[1, 1], n_independent=2, n_shared=2, epsilon=1e-15, momentum=0.02, lambda_sparse=0.003102740950912841, seed=42, clip_value=1, verbose=0, optimizer_fn=<class 'torch.optim.adam.Adam'>, optimizer_params={'lr': 0.0003997206819121809}, scheduler_fn=None, scheduler_params={}, mask_type='entmax', input_dim=35, output_dim=[2, 11], device_name='auto', n_shared_decoder=1, n_indep_decoder=1, grouped_features=[])"
}