{
    "model": "tabnet_trial_2",
    "model_type": "TabNet",
    "label": "2",
    "mcc_bin": 0.5618812089836577,
    "mcc_mul": 0.49172014747100296,
    "mean_mcc": 0.5268006782273303,
    "cm_bin": [
        [
            2203,
            38
        ],
        [
            254,
            203
        ]
    ],
    "cm_mul": [
        [
            2187,
            14,
            14,
            20,
            0,
            0,
            5,
            1,
            0,
            0,
            0
        ],
        [
            0,
            110,
            0,
            0,
            0,
            0,
            0,
            0,
            0,
            0,
            0
        ],
        [
            44,
            0,
            44,
            0,
            0,
            0,
            0,
            0,
            0,
            0,
            0
        ],
        [
            75,
            1,
            0,
            0,
            0,
            0,
            0,
            0,
            0,
            0,
            0
        ],
        [
            57,
            0,
            0,
            0,
            0,
            0,
            0,
            0,
            0,
            0,
            0
        ],
        [
            38,
            0,
            0,
            0,
            0,
            0,
            0,
            0,
            0,
            0,
            0
        ],
        [
            16,
            0,
            0,
            0,
            0,
            0,
            11,
            0,
            0,
            0,
            0
        ],
        [
            29,
            1,
            1,
            0,
            0,
            0,
            0,
            1,
            0,
            0,
            0
        ],
        [
            20,
            0,
            0,
            0,
            0,
            0,
            0,
            0,
            0,
            0,
            0
        ],
        [
            5,
            0,
            0,
            0,
            0,
            0,
            0,
            0,
            0,
            0,
            0
        ],
        [
            4,
            0,
            0,
            0,
            0,
            0,
            0,
            0,
            0,
            0,
            0
        ]
    ],
    "feature_importance": {
        "Dst Port": 0.023831013876061374,
        "Protocol": 0.02191996344852652,
        "Timestamp": 0.01936823914092404,
        "Flow Duration": 0.014195014312658207,
        "Tot Fwd Pkts": 0.029341771617060034,
        "Tot Bwd Pkts": 0.02763901753246854,
        "TotLen Fwd Pkts": 0.07948148863835729,
        "Fwd Pkt Len Max": 0.06074812435984077,
        "Fwd Pkt Len Min": 0.018036499094456777,
        "Bwd Pkt Len Max": 0.009538824518783602,
        "Bwd Pkt Len Min": 0.018601210591430745,
        "Bwd Pkt Len Mean": 0.015511403458302452,
        "Flow Byts/s": 0.021899516537561066,
        "Flow Pkts/s": 0.016964351778966574,
        "Flow IAT Mean": 0.038698182068530464,
        "Flow IAT Std": 0.028582795858322716,
        "Bwd IAT Tot": 0.04619607420388016,
        "Bwd IAT Mean": 0.028014513928307266,
        "Bwd IAT Std": 0.04852307947474123,
        "Fwd PSH Flags": 0.01338754631721304,
        "Fwd URG Flags": 0.029933858949262763,
        "Fwd Pkts/s": 0.009293281305329271,
        "Bwd Pkts/s": 0.06994975760477809,
        "Pkt Len Var": 0.009849465261681676,
        "FIN Flag Cnt": 0.021154580381654835,
        "RST Flag Cnt": 0.016754387002688186,
        "PSH Flag Cnt": 0.010947241393889712,
        "ACK Flag Cnt": 0.015535834856148383,
        "URG Flag Cnt": 0.05017185976464406,
        "Down/Up Ratio": 0.042500926549638565,
        "Init Fwd Win Byts": 0.03062113124690386,
        "Init Bwd Win Byts": 0.02641342450797858,
        "Fwd Seg Size Min": 0.023004953627569057,
        "Active Mean": 0.009648654020159892,
        "Active Std": 0.05374201277128014
    },
    "params": {
        "N_a": 128,
        "N_steps": 9,
        "gamma": 1.3,
        "lambda_sparse": 0.00019634341572933326,
        "lr": 0.0023359635026261607,
        "batch_size": 1024,
        "mask_type": "sparsemax"
    },
    "metrics_binary": {
        "task": "Trial 2 - Binary Task",
        "accuracy": 0.8917716827279466,
        "f1": 0.5816618911174785,
        "mcc": 0.5618812089836577,
        "auc": 0.8960392994296662
    },
    "metrics_multiclass": {
        "task": "Trial 2 - Multiclass Task",
        "accuracy": 0.8721275018532246,
        "f1": 0.2753431998210786,
        "mcc": 0.49172014747100296,
        "auc": 0.7791532694628479
    },
    "_live_model": "TabNetMultiTaskClassifier(n_d=128, n_a=128, n_steps=9, gamma=1.3, cat_idxs=[31, 1], cat_dims=[3, 9], cat_emb_dim=[1, 1], n_independent=2, n_shared=2, epsilon=1e-15, momentum=0.02, lambda_sparse=0.00019634341572933326, seed=42, clip_value=1, verbose=0, optimizer_fn=<class 'torch.optim.adam.Adam'>, optimizer_params={'lr': 0.0023359635026261607}, scheduler_fn=None, scheduler_params={}, mask_type='sparsemax', input_dim=35, output_dim=[2, 11], device_name='auto', n_shared_decoder=1, n_indep_decoder=1, grouped_features=[])"
}