{
    "model": "models/tft_trial_0.ckpt",
    "model_type": "TFT",
    "label": "0",
    "pruned": false,
    "feature_importance": {
        "encoder_length": 34.561004638671875,
        "relative_time_idx": 15.373414039611816,
        "Dst Port": 41.582130432128906,
        "Protocol": 142.42800903320312,
        "Flow Duration": 27.131011962890625,
        "Tot Fwd Pkts": 44.7322998046875,
        "Tot Bwd Pkts": 16.15460777282715,
        "TotLen Fwd Pkts": 202.52227783203125,
        "Fwd Pkt Len Max": 25.696449279785156,
        "Fwd Pkt Len Min": 28.463972091674805,
        "Bwd Pkt Len Max": 18.1715087890625,
        "Bwd Pkt Len Min": 35.0307502746582,
        "Bwd Pkt Len Mean": 19.287662506103516,
        "Flow Byts/s": 81.69243621826172,
        "Flow Pkts/s": 13.632862091064453,
        "Flow IAT Mean": 21.672727584838867,
        "Flow IAT Std": 45.478271484375,
        "Bwd IAT Tot": 46.86687469482422,
        "Bwd IAT Mean": 53.48765563964844,
        "Bwd IAT Std": 26.72147560119629,
        "Fwd PSH Flags": 16.805753707885742,
        "Fwd URG Flags": 33.08280563354492,
        "Fwd Pkts/s": 66.81356811523438,
        "Bwd Pkts/s": 20.879030227661133,
        "Pkt Len Var": 597.3174438476562,
        "FIN Flag Cnt": 41.85807418823242,
        "RST Flag Cnt": 19.207212448120117,
        "PSH Flag Cnt": 16.273258209228516,
        "ACK Flag Cnt": 21.539928436279297,
        "URG Flag Cnt": 798.607421875,
        "Down/Up Ratio": 193.34080505371094,
        "Init Fwd Win Byts": 41.700111389160156,
        "Init Bwd Win Byts": 46.24730682373047,
        "Fwd Seg Size Min": 24.630197525024414,
        "Active Mean": 24.915966033935547,
        "Active Std": 334.09381103515625
    },
    "val_loss": 2.230801582336426,
    "cm_bin": [
        [
            2772,
            7
        ],
        [
            450,
            9
        ]
    ],
    "cm_mul": [
        [
            0,
            452,
            7
        ],
        [
            0,
            2775,
            4
        ],
        [
            0,
            0,
            0
        ]
    ],
    "params": {
        "hidden_size": 32,
        "attention_head_size": 1,
        "dropout": 0.15000000000000002,
        "hidden_continuous": 16,
        "lr": 0.0026070247583707684,
        "batch_size": 128
    },
    "metrics_binary": {
        "task": "Trial 0 - Binary Task",
        "accuracy": 0.8588634959851761,
        "f1": 0.037894736842105266,
        "mcc": 0.08500476532292549,
        "auc": 0.7155314406759065
    },
    "metrics_multiclass": null
}