{
    "model": "models/tft_trial_1.ckpt",
    "model_type": "TFT",
    "label": "1",
    "pruned": false,
    "feature_importance": {
        "encoder_length": 26.884946823120117,
        "relative_time_idx": 69.51895904541016,
        "Dst Port": 651.5753173828125,
        "Protocol": 100.4857406616211,
        "Flow Duration": 39.86021041870117,
        "Tot Fwd Pkts": 22.79610252380371,
        "Tot Bwd Pkts": 49.66340637207031,
        "TotLen Fwd Pkts": 186.03445434570312,
        "Fwd Pkt Len Max": 47.634830474853516,
        "Fwd Pkt Len Min": 58.776302337646484,
        "Bwd Pkt Len Max": 57.533416748046875,
        "Bwd Pkt Len Min": 29.917837142944336,
        "Bwd Pkt Len Mean": 19.59591293334961,
        "Flow Byts/s": 21.17406463623047,
        "Flow Pkts/s": 111.1108169555664,
        "Flow IAT Mean": 47.6103401184082,
        "Flow IAT Std": 39.960655212402344,
        "Bwd IAT Tot": 18.004669189453125,
        "Bwd IAT Mean": 72.4673843383789,
        "Bwd IAT Std": 39.98491287231445,
        "Fwd PSH Flags": 67.87939453125,
        "Fwd URG Flags": 22.63207244873047,
        "Fwd Pkts/s": 104.74055480957031,
        "Bwd Pkts/s": 285.5784606933594,
        "Pkt Len Var": 42.767860412597656,
        "FIN Flag Cnt": 48.290157318115234,
        "RST Flag Cnt": 44.396453857421875,
        "PSH Flag Cnt": 19.293926239013672,
        "ACK Flag Cnt": 122.96920776367188,
        "URG Flag Cnt": 84.83004760742188,
        "Down/Up Ratio": 359.1360778808594,
        "Init Fwd Win Byts": 113.9027099609375,
        "Init Bwd Win Byts": 36.05341339111328,
        "Fwd Seg Size Min": 19.25604820251465,
        "Active Mean": 129.05796813964844,
        "Active Std": 26.62538719177246
    },
    "val_loss": 2.3182363510131836,
    "cm_bin": [
        [
            2779,
            0
        ],
        [
            459,
            0
        ]
    ],
    "cm_mul": [
        [
            0,
            459
        ],
        [
            0,
            2779
        ]
    ],
    "params": {
        "hidden_size": 128,
        "attention_head_size": 3,
        "dropout": 0.25,
        "hidden_continuous": 16,
        "lr": 0.0003839629299804173,
        "batch_size": 256
    },
    "metrics_binary": {
        "task": "Trial 1 - Binary Task",
        "accuracy": 0.8582458307597283,
        "f1": 0.0,
        "mcc": 0.0,
        "auc": 0.48520729310475935
    },
    "metrics_multiclass": {
        "task": "Trial 1 - Multiclass Task",
        "accuracy": 0.8582458307597283,
        "f1": 0.9237161376101047,
        "mcc": 0.0,
        "auc": 0.4946509810193319
    }
}