{
    "model": "experiments/cnn_lstm_trial_Experiment_noise_FIN Flag Cnt_20.0.pt",
    "model_type": "CNN-LSTM",
    "label": "Experiment_noise_FIN Flag Cnt_20.0",
    "mcc_bin": 0.7275456013095692,
    "mcc_mul": 0.6578995665558832,
    "mean_mcc": 0.6927225839327262,
    "val_loss": 0.8227416513753789,
    "cm_bin": [
        [
            22218,
            113
        ],
        [
            1820,
            2766
        ]
    ],
    "cm_mul": [
        [
            22252,
            1,
            19,
            1,
            0,
            53,
            0,
            0,
            5,
            0,
            0,
            0,
            0
        ],
        [
            1,
            1125,
            33,
            0,
            0,
            0,
            0,
            0,
            0,
            0,
            0,
            0,
            0
        ],
        [
            919,
            0,
            22,
            0,
            0,
            0,
            0,
            0,
            0,
            0,
            0,
            0,
            0
        ],
        [
            49,
            0,
            105,
            628,
            0,
            0,
            0,
            0,
            0,
            0,
            0,
            0,
            0
        ],
        [
            465,
            0,
            1,
            0,
            0,
            0,
            0,
            0,
            0,
            0,
            0,
            0,
            0
        ],
        [
            43,
            29,
            1,
            0,
            0,
            157,
            0,
            0,
            86,
            0,
            0,
            0,
            0
        ],
        [
            105,
            33,
            10,
            0,
            0,
            175,
            3,
            0,
            0,
            0,
            0,
            0,
            0
        ],
        [
            267,
            0,
            2,
            0,
            0,
            1,
            0,
            0,
            0,
            0,
            0,
            0,
            0
        ],
        [
            0,
            0,
            0,
            0,
            0,
            0,
            0,
            0,
            235,
            0,
            0,
            0,
            0
        ],
        [
            38,
            0,
            29,
            0,
            0,
            0,
            0,
            0,
            0,
            0,
            0,
            0,
            0
        ],
        [
            19,
            0,
            0,
            0,
            0,
            0,
            0,
            0,
            0,
            0,
            0,
            0,
            0
        ],
        [
            3,
            0,
            0,
            0,
            0,
            0,
            0,
            0,
            0,
            0,
            0,
            0,
            0
        ],
        [
            2,
            0,
            0,
            0,
            0,
            0,
            0,
            0,
            0,
            0,
            0,
            0,
            0
        ]
    ],
    "feature_importance": {
        "Down/Up Ratio": 0.03216080402010084,
        "Dst Port": 0.3447236180904527,
        "FIN Flag Cnt": 0.0010050251256286675,
        "Flow Pkts/s": 0.11809045226130685,
        "Fwd Pkt Len Max": 0.4226130653266324,
        "Init Bwd Win Byts": 0.13165829145728636,
        "Init Fwd Win Byts": 1.0,
        "Protocol": 0.17487437185929652
    },
    "params": {
        "nb_filters": 32,
        "kernel_size": 3,
        "lstm_units_1": 128,
        "lstm_units_2": 256,
        "dropout": 0.1,
        "lr": 0.0008204643365323959,
        "batch_size": 4096
    },
    "metrics_binary": {
        "task": "Trial Experiment_noise_FIN Flag Cnt_20.0 - Binary Task",
        "accuracy": 0.9281866478433703,
        "f1": 0.7410582719357,
        "mcc": 0.7275456013095692,
        "auc": 0.943875276747968
    },
    "metrics_multiclass": {
        "task": "Trial Experiment_noise_FIN Flag Cnt_20.0 - Multiclass Task",
        "accuracy": 0.9073076494408738,
        "f1": 0.3190132025410215,
        "mcc": 0.6578995665558832,
        "auc": NaN
    }
}