{
    "model": "experiments/cnn_lstm_trial_Experiment_outliers_Down_Up Ratio_30.0.pt",
    "model_type": "CNN-LSTM",
    "label": "Experiment_outliers_Down_Up Ratio_30.0",
    "mcc_bin": 0.7553762140487496,
    "mcc_mul": 0.6773744071845551,
    "mean_mcc": 0.7163753106166524,
    "val_loss": 0.5912332808864968,
    "cm_bin": [
        [
            22236,
            94
        ],
        [
            1658,
            2929
        ]
    ],
    "cm_mul": [
        [
            22261,
            1,
            0,
            0,
            15,
            36,
            13,
            0,
            0,
            4,
            0,
            0,
            0
        ],
        [
            1,
            1159,
            0,
            0,
            0,
            0,
            0,
            0,
            0,
            0,
            0,
            0,
            0
        ],
        [
            949,
            0,
            0,
            0,
            0,
            0,
            0,
            0,
            0,
            0,
            0,
            0,
            0
        ],
        [
            39,
            303,
            0,
            181,
            1,
            0,
            0,
            0,
            0,
            297,
            0,
            0,
            0
        ],
        [
            387,
            0,
            0,
            0,
            27,
            0,
            0,
            0,
            0,
            0,
            0,
            0,
            0
        ],
        [
            9,
            0,
            0,
            0,
            0,
            310,
            0,
            0,
            0,
            0,
            0,
            0,
            0
        ],
        [
            8,
            0,
            0,
            0,
            1,
            0,
            321,
            0,
            0,
            0,
            0,
            0,
            0
        ],
        [
            264,
            0,
            0,
            0,
            0,
            0,
            0,
            0,
            0,
            0,
            0,
            0,
            0
        ],
        [
            0,
            0,
            0,
            0,
            0,
            0,
            0,
            0,
            235,
            0,
            0,
            0,
            0
        ],
        [
            30,
            0,
            0,
            0,
            8,
            1,
            0,
            0,
            0,
            29,
            0,
            0,
            0
        ],
        [
            23,
            0,
            0,
            0,
            0,
            0,
            0,
            0,
            0,
            0,
            0,
            0,
            0
        ],
        [
            3,
            0,
            0,
            0,
            0,
            0,
            0,
            0,
            0,
            0,
            0,
            0,
            0
        ],
        [
            1,
            0,
            0,
            0,
            0,
            0,
            0,
            0,
            0,
            0,
            0,
            0,
            0
        ]
    ],
    "feature_importance": {
        "Down/Up Ratio": 0.00042625745950449124,
        "Dst Port": 0.6440750213128734,
        "FIN Flag Cnt": 0.0,
        "Flow Pkts/s": 0.10144927536231858,
        "Fwd Pkt Len Max": 0.48380221653878985,
        "Init Bwd Win Byts": 0.07502131287297516,
        "Init Fwd Win Byts": 1.0,
        "Protocol": 0.14407502131287217
    },
    "params": {
        "nb_filters": 32,
        "kernel_size": 3,
        "lstm_units_1": 128,
        "lstm_units_2": 256,
        "dropout": 0.1,
        "lr": 0.0008204643365323959,
        "batch_size": 4096
    },
    "metrics_binary": {
        "task": "Trial Experiment_outliers_Down_Up Ratio_30.0 - Binary Task",
        "accuracy": 0.9349110227737117,
        "f1": 0.7697766097240473,
        "mcc": 0.7553762140487496,
        "auc": 0.9620402281765356
    },
    "metrics_multiclass": {
        "task": "Trial Experiment_outliers_Down_Up Ratio_30.0 - Multiclass Task",
        "accuracy": 0.9110599249544897,
        "f1": 0.41276151436465447,
        "mcc": 0.6773744071845551,
        "auc": NaN
    }
}