{
    "model": "experiments/cnn_lstm_trial_Experiment_outliers_Timestamp_75.0.pt",
    "model_type": "CNN-LSTM",
    "label": "Experiment_outliers_Timestamp_75.0",
    "mcc_bin": 0.8748536957182139,
    "mcc_mul": 0.8820450199758813,
    "mean_mcc": 0.8784493578470476,
    "val_loss": 0.24404195376804896,
    "cm_bin": [
        [
            21963,
            368
        ],
        [
            570,
            4016
        ]
    ],
    "cm_mul": [
        [
            21948,
            13,
            236,
            4,
            37,
            1,
            5,
            83,
            0,
            4,
            0,
            0,
            0
        ],
        [
            0,
            1159,
            0,
            0,
            0,
            0,
            0,
            0,
            0,
            0,
            0,
            0,
            0
        ],
        [
            137,
            0,
            804,
            0,
            0,
            0,
            0,
            0,
            0,
            0,
            0,
            0,
            0
        ],
        [
            147,
            0,
            3,
            617,
            10,
            0,
            0,
            0,
            2,
            3,
            0,
            0,
            0
        ],
        [
            11,
            0,
            2,
            0,
            453,
            0,
            0,
            0,
            0,
            0,
            0,
            0,
            0
        ],
        [
            0,
            0,
            0,
            0,
            0,
            315,
            0,
            0,
            0,
            1,
            0,
            0,
            0
        ],
        [
            1,
            0,
            0,
            0,
            0,
            1,
            324,
            0,
            0,
            0,
            0,
            0,
            0
        ],
        [
            216,
            0,
            5,
            0,
            1,
            0,
            1,
            47,
            0,
            0,
            0,
            0,
            0
        ],
        [
            0,
            0,
            0,
            0,
            0,
            1,
            0,
            0,
            234,
            0,
            0,
            0,
            0
        ],
        [
            6,
            0,
            0,
            6,
            0,
            0,
            1,
            0,
            0,
            54,
            0,
            0,
            0
        ],
        [
            15,
            2,
            2,
            0,
            0,
            0,
            0,
            0,
            0,
            0,
            0,
            0,
            0
        ],
        [
            3,
            0,
            0,
            0,
            0,
            0,
            0,
            0,
            0,
            0,
            0,
            0,
            0
        ],
        [
            2,
            0,
            0,
            0,
            0,
            0,
            0,
            0,
            0,
            0,
            0,
            0,
            0
        ]
    ],
    "feature_importance": {
        "Down/Up Ratio": 0.31015592077538984,
        "Dst Port": 0.6927939317319851,
        "FIN Flag Cnt": 0.008849557522124752,
        "Flow Pkts/s": 0.24905183312263035,
        "Fwd Pkt Len Max": 0.9860935524652341,
        "Init Bwd Win Byts": 0.3480825958702075,
        "Init Fwd Win Byts": 1.0,
        "Protocol": 0.7808680994521701
    },
    "params": {
        "nb_filters": 32,
        "kernel_size": 3,
        "lstm_units_1": 128,
        "lstm_units_2": 256,
        "dropout": 0.1,
        "lr": 0.0008204643365323959,
        "batch_size": 4096
    },
    "metrics_binary": {
        "task": "Trial Experiment_outliers_Timestamp_75.0 - Binary Task",
        "accuracy": 0.9651521343388937,
        "f1": 0.8954292084726867,
        "mcc": 0.8748536957182139,
        "auc": 0.9780694585915592
    },
    "metrics_multiclass": {
        "task": "Trial Experiment_outliers_Timestamp_75.0 - Multiclass Task",
        "accuracy": 0.964260504513876,
        "f1": 0.6644917689112657,
        "mcc": 0.8820450199758813,
        "auc": NaN
    }
}