{
    "model": "experiments/cnn_lstm_trial_Experiment_missing_Down_Up Ratio_50.0.pt",
    "model_type": "CNN-LSTM",
    "label": "Experiment_missing_Down_Up Ratio_50.0",
    "mcc_bin": 0.7271271904929754,
    "mcc_mul": 0.6577125532108662,
    "mean_mcc": 0.6924198718519208,
    "val_loss": 0.8382502907354917,
    "cm_bin": [
        [
            22192,
            139
        ],
        [
            1795,
            2791
        ]
    ],
    "cm_mul": [
        [
            22236,
            12,
            0,
            0,
            0,
            73,
            2,
            0,
            8,
            0,
            0,
            0,
            0
        ],
        [
            0,
            1095,
            0,
            64,
            0,
            0,
            0,
            0,
            0,
            0,
            0,
            0,
            0
        ],
        [
            939,
            2,
            0,
            0,
            0,
            0,
            0,
            0,
            0,
            0,
            0,
            0,
            0
        ],
        [
            61,
            104,
            0,
            615,
            0,
            0,
            2,
            0,
            0,
            0,
            0,
            0,
            0
        ],
        [
            466,
            0,
            0,
            0,
            0,
            0,
            0,
            0,
            0,
            0,
            0,
            0,
            0
        ],
        [
            57,
            2,
            0,
            0,
            0,
            234,
            0,
            0,
            23,
            0,
            0,
            0,
            0
        ],
        [
            143,
            25,
            0,
            0,
            0,
            153,
            5,
            0,
            0,
            0,
            0,
            0,
            0
        ],
        [
            268,
            1,
            0,
            0,
            0,
            1,
            0,
            0,
            0,
            0,
            0,
            0,
            0
        ],
        [
            0,
            0,
            0,
            0,
            0,
            0,
            0,
            0,
            235,
            0,
            0,
            0,
            0
        ],
        [
            40,
            19,
            0,
            0,
            0,
            1,
            7,
            0,
            0,
            0,
            0,
            0,
            0
        ],
        [
            19,
            0,
            0,
            0,
            0,
            0,
            0,
            0,
            0,
            0,
            0,
            0,
            0
        ],
        [
            3,
            0,
            0,
            0,
            0,
            0,
            0,
            0,
            0,
            0,
            0,
            0,
            0
        ],
        [
            2,
            0,
            0,
            0,
            0,
            0,
            0,
            0,
            0,
            0,
            0,
            0,
            0
        ]
    ],
    "feature_importance": {
        "Down/Up Ratio": 0.03319743739079789,
        "Dst Port": 0.6709376820034944,
        "FIN Flag Cnt": 0.0,
        "Flow Pkts/s": 0.07454863133372062,
        "Fwd Pkt Len Max": 0.6179382644146768,
        "Init Bwd Win Byts": 0.170064065230051,
        "Init Fwd Win Byts": 1.0,
        "Protocol": 0.2457775189283634
    },
    "params": {
        "nb_filters": 32,
        "kernel_size": 3,
        "lstm_units_1": 128,
        "lstm_units_2": 256,
        "dropout": 0.1,
        "lr": 0.0008204643365323959,
        "batch_size": 4096
    },
    "metrics_binary": {
        "task": "Trial Experiment_missing_Down_Up Ratio_50.0 - Binary Task",
        "accuracy": 0.9281494966006613,
        "f1": 0.7426822778073443,
        "mcc": 0.7271271904929754,
        "auc": 0.9380683028446666
    },
    "metrics_multiclass": {
        "task": "Trial Experiment_missing_Down_Up Ratio_50.0 - Multiclass Task",
        "accuracy": 0.9072333469554557,
        "f1": 0.328552300919586,
        "mcc": 0.6577125532108662,
        "auc": NaN
    }
}