{
    "model": "experiments/cnn_lstm_trial_Experiment_labels_Protocol_50.0.pt",
    "model_type": "CNN-LSTM",
    "label": "Experiment_labels_Protocol_50.0",
    "mcc_bin": 0.7210341292188811,
    "mcc_mul": 0.6821215736989867,
    "mean_mcc": 0.7015778514589339,
    "val_loss": 0.8646040194268737,
    "cm_bin": [
        [
            22098,
            233
        ],
        [
            1738,
            2848
        ]
    ],
    "cm_mul": [
        [
            22141,
            3,
            19,
            6,
            0,
            138,
            23,
            0,
            1,
            0,
            0,
            0,
            0
        ],
        [
            0,
            1138,
            21,
            0,
            0,
            0,
            0,
            0,
            0,
            0,
            0,
            0,
            0
        ],
        [
            939,
            0,
            2,
            0,
            0,
            0,
            0,
            0,
            0,
            0,
            0,
            0,
            0
        ],
        [
            37,
            85,
            41,
            619,
            0,
            0,
            0,
            0,
            0,
            0,
            0,
            0,
            0
        ],
        [
            464,
            0,
            2,
            0,
            0,
            0,
            0,
            0,
            0,
            0,
            0,
            0,
            0
        ],
        [
            11,
            0,
            0,
            0,
            0,
            305,
            0,
            0,
            0,
            0,
            0,
            0,
            0
        ],
        [
            12,
            0,
            1,
            0,
            0,
            194,
            119,
            0,
            0,
            0,
            0,
            0,
            0
        ],
        [
            267,
            0,
            3,
            0,
            0,
            0,
            0,
            0,
            0,
            0,
            0,
            0,
            0
        ],
        [
            0,
            0,
            0,
            0,
            0,
            0,
            0,
            0,
            235,
            0,
            0,
            0,
            0
        ],
        [
            22,
            10,
            21,
            0,
            0,
            2,
            12,
            0,
            0,
            0,
            0,
            0,
            0
        ],
        [
            18,
            0,
            1,
            0,
            0,
            0,
            0,
            0,
            0,
            0,
            0,
            0,
            0
        ],
        [
            1,
            0,
            0,
            2,
            0,
            0,
            0,
            0,
            0,
            0,
            0,
            0,
            0
        ],
        [
            2,
            0,
            0,
            0,
            0,
            0,
            0,
            0,
            0,
            0,
            0,
            0,
            0
        ]
    ],
    "feature_importance": {
        "Down/Up Ratio": 0.36868686868686845,
        "Dst Port": 0.4127640036730955,
        "FIN Flag Cnt": 0.00045913682277342704,
        "Flow Pkts/s": 0.1767676767676775,
        "Fwd Pkt Len Max": 0.5238751147842059,
        "Init Bwd Win Byts": 0.028007346189165328,
        "Init Fwd Win Byts": 1.0,
        "Protocol": 0.0032139577594126174
    },
    "params": {
        "nb_filters": 32,
        "kernel_size": 3,
        "lstm_units_1": 128,
        "lstm_units_2": 256,
        "dropout": 0.1,
        "lr": 0.0008204643365323959,
        "batch_size": 4096
    },
    "metrics_binary": {
        "task": "Trial Experiment_labels_Protocol_50.0 - Binary Task",
        "accuracy": 0.9267749006204258,
        "f1": 0.7429242206860571,
        "mcc": 0.7210341292188811,
        "auc": 0.9195511108752834
    },
    "metrics_multiclass": {
        "task": "Trial Experiment_labels_Protocol_50.0 - Multiclass Task",
        "accuracy": 0.9123973696920162,
        "f1": 0.37867373689173106,
        "mcc": 0.6821215736989867,
        "auc": NaN
    }
}