{
    "model": "experiments/cnn_lstm_trial_Experiment_labels_FIN Flag Cnt_30.0.pt",
    "model_type": "CNN-LSTM",
    "label": "Experiment_labels_FIN Flag Cnt_30.0",
    "mcc_bin": 0.7289881385841152,
    "mcc_mul": 0.7164776786591691,
    "mean_mcc": 0.7227329086216421,
    "val_loss": 0.7988468561587589,
    "cm_bin": [
        [
            22173,
            158
        ],
        [
            1763,
            2823
        ]
    ],
    "cm_mul": [
        [
            22224,
            3,
            9,
            0,
            0,
            86,
            8,
            0,
            1,
            0,
            0,
            0,
            0
        ],
        [
            1,
            1158,
            0,
            0,
            0,
            0,
            0,
            0,
            0,
            0,
            0,
            0,
            0
        ],
        [
            920,
            0,
            21,
            0,
            0,
            0,
            0,
            0,
            0,
            0,
            0,
            0,
            0
        ],
        [
            67,
            55,
            22,
            621,
            0,
            0,
            17,
            0,
            0,
            0,
            0,
            0,
            0
        ],
        [
            463,
            0,
            3,
            0,
            0,
            0,
            0,
            0,
            0,
            0,
            0,
            0,
            0
        ],
        [
            3,
            3,
            0,
            0,
            0,
            308,
            0,
            0,
            2,
            0,
            0,
            0,
            0
        ],
        [
            84,
            3,
            1,
            0,
            0,
            5,
            233,
            0,
            0,
            0,
            0,
            0,
            0
        ],
        [
            270,
            0,
            0,
            0,
            0,
            0,
            0,
            0,
            0,
            0,
            0,
            0,
            0
        ],
        [
            0,
            0,
            0,
            0,
            0,
            0,
            0,
            0,
            235,
            0,
            0,
            0,
            0
        ],
        [
            33,
            1,
            12,
            0,
            0,
            0,
            21,
            0,
            0,
            0,
            0,
            0,
            0
        ],
        [
            19,
            0,
            0,
            0,
            0,
            0,
            0,
            0,
            0,
            0,
            0,
            0,
            0
        ],
        [
            3,
            0,
            0,
            0,
            0,
            0,
            0,
            0,
            0,
            0,
            0,
            0,
            0
        ],
        [
            2,
            0,
            0,
            0,
            0,
            0,
            0,
            0,
            0,
            0,
            0,
            0,
            0
        ]
    ],
    "feature_importance": {
        "Down/Up Ratio": 0.09532267613972803,
        "Dst Port": 0.5458851391355825,
        "FIN Flag Cnt": 0.0,
        "Flow Pkts/s": 0.10775606867969194,
        "Fwd Pkt Len Max": 0.6145648312611011,
        "Init Bwd Win Byts": 0.09413854351687365,
        "Init Fwd Win Byts": 1.0,
        "Protocol": 0.14328004736530564
    },
    "params": {
        "nb_filters": 32,
        "kernel_size": 3,
        "lstm_units_1": 128,
        "lstm_units_2": 256,
        "dropout": 0.1,
        "lr": 0.0008204643365323959,
        "batch_size": 4096
    },
    "metrics_binary": {
        "task": "Trial Experiment_labels_FIN Flag Cnt_30.0 - Binary Task",
        "accuracy": 0.9286324627558792,
        "f1": 0.7461345315184353,
        "mcc": 0.7289881385841152,
        "auc": 0.946318901228812
    },
    "metrics_multiclass": {
        "task": "Trial Experiment_labels_FIN Flag Cnt_30.0 - Multiclass Task",
        "accuracy": 0.9213508191849017,
        "f1": 0.4217019751162463,
        "mcc": 0.7164776786591691,
        "auc": NaN
    }
}