{
    "model": "experiments/cnn_lstm_trial_Experiment_missing_Timestamp_75.0.pt",
    "model_type": "CNN-LSTM",
    "label": "Experiment_missing_Timestamp_75.0",
    "mcc_bin": 0.7783767094884785,
    "mcc_mul": 0.7730181343531298,
    "mean_mcc": 0.7756974219208042,
    "val_loss": 0.4651201151843582,
    "cm_bin": [
        [
            22147,
            184
        ],
        [
            1410,
            3176
        ]
    ],
    "cm_mul": [
        [
            22188,
            0,
            21,
            1,
            57,
            16,
            47,
            0,
            1,
            0,
            0,
            0,
            0
        ],
        [
            0,
            1158,
            1,
            0,
            0,
            0,
            0,
            0,
            0,
            0,
            0,
            0,
            0
        ],
        [
            914,
            0,
            26,
            0,
            1,
            0,
            0,
            0,
            0,
            0,
            0,
            0,
            0
        ],
        [
            4,
            0,
            2,
            776,
            0,
            0,
            0,
            0,
            0,
            0,
            0,
            0,
            0
        ],
        [
            239,
            0,
            27,
            0,
            200,
            0,
            0,
            0,
            0,
            0,
            0,
            0,
            0
        ],
        [
            8,
            0,
            0,
            0,
            0,
            308,
            0,
            0,
            0,
            0,
            0,
            0,
            0
        ],
        [
            28,
            0,
            1,
            0,
            8,
            0,
            289,
            0,
            0,
            0,
            0,
            0,
            0
        ],
        [
            269,
            0,
            1,
            0,
            0,
            0,
            0,
            0,
            0,
            0,
            0,
            0,
            0
        ],
        [
            0,
            0,
            0,
            1,
            0,
            2,
            0,
            0,
            232,
            0,
            0,
            0,
            0
        ],
        [
            13,
            0,
            0,
            0,
            46,
            0,
            6,
            0,
            0,
            2,
            0,
            0,
            0
        ],
        [
            19,
            0,
            0,
            0,
            0,
            0,
            0,
            0,
            0,
            0,
            0,
            0,
            0
        ],
        [
            3,
            0,
            0,
            0,
            0,
            0,
            0,
            0,
            0,
            0,
            0,
            0,
            0
        ],
        [
            2,
            0,
            0,
            0,
            0,
            0,
            0,
            0,
            0,
            0,
            0,
            0,
            0
        ]
    ],
    "feature_importance": {
        "Down/Up Ratio": 0.034299714169049464,
        "Dst Port": 0.5271539403838303,
        "FIN Flag Cnt": 0.0,
        "Flow Pkts/s": 0.09799918334013888,
        "Fwd Pkt Len Max": 0.3303389138423843,
        "Init Bwd Win Byts": 0.17027358105349127,
        "Init Fwd Win Byts": 1.0,
        "Protocol": 0.09881584320130714
    },
    "params": {
        "nb_filters": 32,
        "kernel_size": 3,
        "lstm_units_1": 128,
        "lstm_units_2": 256,
        "dropout": 0.1,
        "lr": 0.0008204643365323959,
        "batch_size": 4096
    },
    "metrics_binary": {
        "task": "Trial Experiment_missing_Timestamp_75.0 - Binary Task",
        "accuracy": 0.9407809191217447,
        "f1": 0.7993959224767179,
        "mcc": 0.7783767094884785,
        "auc": 0.9623928397749882
    },
    "metrics_multiclass": {
        "task": "Trial Experiment_missing_Timestamp_75.0 - Multiclass Task",
        "accuracy": 0.9354311401716388,
        "f1": 0.492159442062707,
        "mcc": 0.7730181343531298,
        "auc": NaN
    }
}