{
    "model": "experiments/cnn_lstm_trial_Experiment_outliers_Timestamp_30.0.pt",
    "model_type": "CNN-LSTM",
    "label": "Experiment_outliers_Timestamp_30.0",
    "mcc_bin": 0.8950493833827864,
    "mcc_mul": 0.8979266587626841,
    "mean_mcc": 0.8964880210727353,
    "val_loss": 0.23291288635560445,
    "cm_bin": [
        [
            21872,
            459
        ],
        [
            348,
            4238
        ]
    ],
    "cm_mul": [
        [
            21891,
            1,
            340,
            4,
            69,
            5,
            4,
            2,
            0,
            10,
            5,
            0,
            0
        ],
        [
            0,
            1159,
            0,
            0,
            0,
            0,
            0,
            0,
            0,
            0,
            0,
            0,
            0
        ],
        [
            10,
            0,
            930,
            1,
            0,
            0,
            0,
            0,
            0,
            0,
            0,
            0,
            0
        ],
        [
            7,
            0,
            16,
            738,
            0,
            0,
            0,
            0,
            0,
            21,
            0,
            0,
            0
        ],
        [
            50,
            0,
            2,
            1,
            412,
            0,
            1,
            0,
            0,
            0,
            0,
            0,
            0
        ],
        [
            0,
            0,
            0,
            0,
            0,
            315,
            0,
            0,
            1,
            0,
            0,
            0,
            0
        ],
        [
            1,
            0,
            0,
            0,
            0,
            0,
            324,
            0,
            0,
            0,
            1,
            0,
            0
        ],
        [
            265,
            0,
            4,
            0,
            0,
            0,
            0,
            1,
            0,
            0,
            0,
            0,
            0
        ],
        [
            0,
            0,
            0,
            0,
            0,
            1,
            0,
            0,
            234,
            0,
            0,
            0,
            0
        ],
        [
            7,
            1,
            1,
            0,
            0,
            0,
            0,
            0,
            0,
            58,
            0,
            0,
            0
        ],
        [
            15,
            0,
            1,
            0,
            0,
            1,
            0,
            0,
            0,
            0,
            2,
            0,
            0
        ],
        [
            3,
            0,
            0,
            0,
            0,
            0,
            0,
            0,
            0,
            0,
            0,
            0,
            0
        ],
        [
            2,
            0,
            0,
            0,
            0,
            0,
            0,
            0,
            0,
            0,
            0,
            0,
            0
        ]
    ],
    "feature_importance": {
        "Down/Up Ratio": 0.08959376739009497,
        "Dst Port": 0.4638286032276017,
        "FIN Flag Cnt": 0.001947690595437028,
        "Flow Pkts/s": 0.16360601001669456,
        "Fwd Pkt Len Max": 0.7529215358931556,
        "Init Bwd Win Byts": 0.17334446299387885,
        "Init Fwd Win Byts": 0.528102392877017,
        "Protocol": 1.0
    },
    "params": {
        "nb_filters": 32,
        "kernel_size": 3,
        "lstm_units_1": 128,
        "lstm_units_2": 256,
        "dropout": 0.1,
        "lr": 0.0008204643365323959,
        "batch_size": 4096
    },
    "metrics_binary": {
        "task": "Trial Experiment_outliers_Timestamp_30.0 - Binary Task",
        "accuracy": 0.9700189471337817,
        "f1": 0.9130668964774319,
        "mcc": 0.8950493833827864,
        "auc": 0.9808490708804649
    },
    "metrics_multiclass": {
        "task": "Trial Experiment_outliers_Timestamp_30.0 - Multiclass Task",
        "accuracy": 0.9683099899691645,
        "f1": 0.6555647202193116,
        "mcc": 0.8979266587626841,
        "auc": NaN
    }
}