{
    "model": "experiments/cnn_lstm_trial_Experiment_outliers_Timestamp_20.0.pt",
    "model_type": "CNN-LSTM",
    "label": "Experiment_outliers_Timestamp_20.0",
    "mcc_bin": 0.8957770119556516,
    "mcc_mul": 0.8959582060102763,
    "mean_mcc": 0.895867608982964,
    "val_loss": 0.22738598340323993,
    "cm_bin": [
        [
            22015,
            316
        ],
        [
            468,
            4118
        ]
    ],
    "cm_mul": [
        [
            22011,
            1,
            296,
            0,
            18,
            1,
            0,
            3,
            0,
            1,
            0,
            0,
            0
        ],
        [
            0,
            1159,
            0,
            0,
            0,
            0,
            0,
            0,
            0,
            0,
            0,
            0,
            0
        ],
        [
            107,
            0,
            833,
            1,
            0,
            0,
            0,
            0,
            0,
            0,
            0,
            0,
            0
        ],
        [
            17,
            1,
            17,
            736,
            0,
            0,
            0,
            0,
            0,
            11,
            0,
            0,
            0
        ],
        [
            28,
            0,
            6,
            0,
            429,
            0,
            3,
            0,
            0,
            0,
            0,
            0,
            0
        ],
        [
            1,
            0,
            0,
            0,
            0,
            315,
            0,
            0,
            0,
            0,
            0,
            0,
            0
        ],
        [
            5,
            0,
            0,
            0,
            1,
            0,
            309,
            0,
            11,
            0,
            0,
            0,
            0
        ],
        [
            266,
            0,
            2,
            0,
            1,
            0,
            0,
            1,
            0,
            0,
            0,
            0,
            0
        ],
        [
            0,
            0,
            0,
            0,
            0,
            1,
            0,
            0,
            234,
            0,
            0,
            0,
            0
        ],
        [
            22,
            0,
            0,
            0,
            0,
            2,
            3,
            0,
            0,
            40,
            0,
            0,
            0
        ],
        [
            17,
            0,
            0,
            0,
            1,
            1,
            0,
            0,
            0,
            0,
            0,
            0,
            0
        ],
        [
            3,
            0,
            0,
            0,
            0,
            0,
            0,
            0,
            0,
            0,
            0,
            0,
            0
        ],
        [
            2,
            0,
            0,
            0,
            0,
            0,
            0,
            0,
            0,
            0,
            0,
            0,
            0
        ]
    ],
    "feature_importance": {
        "Down/Up Ratio": 0.042092357989374815,
        "Dst Port": 0.8823048630976712,
        "FIN Flag Cnt": 0.0020433183489998443,
        "Flow Pkts/s": 0.21577441765427122,
        "Fwd Pkt Len Max": 1.0,
        "Init Bwd Win Byts": 0.29260318757662507,
        "Init Fwd Win Byts": 0.6411932979158154,
        "Protocol": 0.6129955046996322
    },
    "params": {
        "nb_filters": 32,
        "kernel_size": 3,
        "lstm_units_1": 128,
        "lstm_units_2": 256,
        "dropout": 0.1,
        "lr": 0.0008204643365323959,
        "batch_size": 4096
    },
    "metrics_binary": {
        "task": "Trial Experiment_outliers_Timestamp_20.0 - Binary Task",
        "accuracy": 0.9708734257160903,
        "f1": 0.9130820399113082,
        "mcc": 0.8957770119556516,
        "auc": 0.9794603730265863
    },
    "metrics_multiclass": {
        "task": "Trial Experiment_outliers_Timestamp_20.0 - Multiclass Task",
        "accuracy": 0.9684214436972917,
        "f1": 0.6378286073026469,
        "mcc": 0.8959582060102763,
        "auc": NaN
    }
}