{
    "model": "experiments/cnn_lstm_trial_Experiment_noise_Down_Up Ratio_30.0.pt",
    "model_type": "CNN-LSTM",
    "label": "Experiment_noise_Down_Up Ratio_30.0",
    "mcc_bin": 0.7245820363858164,
    "mcc_mul": 0.6400767408004897,
    "mean_mcc": 0.6823293885931531,
    "val_loss": 0.7817899603396654,
    "cm_bin": [
        [
            22239,
            92
        ],
        [
            1862,
            2724
        ]
    ],
    "cm_mul": [
        [
            22308,
            4,
            0,
            1,
            0,
            2,
            4,
            0,
            12,
            0,
            0,
            0,
            0
        ],
        [
            1,
            1158,
            0,
            0,
            0,
            0,
            0,
            0,
            0,
            0,
            0,
            0,
            0
        ],
        [
            940,
            0,
            1,
            0,
            0,
            0,
            0,
            0,
            0,
            0,
            0,
            0,
            0
        ],
        [
            291,
            27,
            1,
            463,
            0,
            0,
            0,
            0,
            0,
            0,
            0,
            0,
            0
        ],
        [
            466,
            0,
            0,
            0,
            0,
            0,
            0,
            0,
            0,
            0,
            0,
            0,
            0
        ],
        [
            81,
            150,
            0,
            0,
            0,
            63,
            1,
            0,
            21,
            0,
            0,
            0,
            0
        ],
        [
            211,
            16,
            0,
            0,
            0,
            0,
            99,
            0,
            0,
            0,
            0,
            0,
            0
        ],
        [
            269,
            1,
            0,
            0,
            0,
            0,
            0,
            0,
            0,
            0,
            0,
            0,
            0
        ],
        [
            0,
            1,
            0,
            0,
            0,
            0,
            0,
            0,
            234,
            0,
            0,
            0,
            0
        ],
        [
            58,
            8,
            0,
            0,
            0,
            0,
            1,
            0,
            0,
            0,
            0,
            0,
            0
        ],
        [
            19,
            0,
            0,
            0,
            0,
            0,
            0,
            0,
            0,
            0,
            0,
            0,
            0
        ],
        [
            3,
            0,
            0,
            0,
            0,
            0,
            0,
            0,
            0,
            0,
            0,
            0,
            0
        ],
        [
            2,
            0,
            0,
            0,
            0,
            0,
            0,
            0,
            0,
            0,
            0,
            0,
            0
        ]
    ],
    "feature_importance": {
        "Down/Up Ratio": 0.0,
        "Dst Port": 0.4497461928934013,
        "FIN Flag Cnt": 0.005076142131979318,
        "Flow Pkts/s": 0.18223350253807086,
        "Fwd Pkt Len Max": 0.44467005076142196,
        "Init Bwd Win Byts": 0.16142131979695384,
        "Init Fwd Win Byts": 1.0,
        "Protocol": 0.2751269035532994
    },
    "params": {
        "nb_filters": 32,
        "kernel_size": 3,
        "lstm_units_1": 128,
        "lstm_units_2": 256,
        "dropout": 0.1,
        "lr": 0.0008204643365323959,
        "batch_size": 4096
    },
    "metrics_binary": {
        "task": "Trial Experiment_noise_Down_Up Ratio_30.0 - Binary Task",
        "accuracy": 0.9274064717464799,
        "f1": 0.7360172926236153,
        "mcc": 0.7245820363858164,
        "auc": 0.9369687028311288
    },
    "metrics_multiclass": {
        "task": "Trial Experiment_noise_Down_Up Ratio_30.0 - Multiclass Task",
        "accuracy": 0.9037411301408033,
        "f1": 0.3334574792928281,
        "mcc": 0.6400767408004897,
        "auc": NaN
    }
}