{
    "model": "experiments/cnn_lstm_trial_Experiment_noise_FIN Flag Cnt_5.0.pt",
    "model_type": "CNN-LSTM",
    "label": "Experiment_noise_FIN Flag Cnt_5.0",
    "mcc_bin": 0.7131382348780796,
    "mcc_mul": 0.7009384227816522,
    "mean_mcc": 0.7070383288298658,
    "val_loss": 0.7794453195695367,
    "cm_bin": [
        [
            21997,
            334
        ],
        [
            1691,
            2895
        ]
    ],
    "cm_mul": [
        [
            22014,
            1,
            3,
            0,
            0,
            230,
            82,
            0,
            1,
            0,
            0,
            0,
            0
        ],
        [
            0,
            1158,
            1,
            0,
            0,
            0,
            0,
            0,
            0,
            0,
            0,
            0,
            0
        ],
        [
            939,
            0,
            2,
            0,
            0,
            0,
            0,
            0,
            0,
            0,
            0,
            0,
            0
        ],
        [
            33,
            33,
            68,
            633,
            0,
            0,
            15,
            0,
            0,
            0,
            0,
            0,
            0
        ],
        [
            465,
            0,
            1,
            0,
            0,
            0,
            0,
            0,
            0,
            0,
            0,
            0,
            0
        ],
        [
            0,
            0,
            0,
            0,
            0,
            316,
            0,
            0,
            0,
            0,
            0,
            0,
            0
        ],
        [
            2,
            3,
            1,
            0,
            0,
            6,
            314,
            0,
            0,
            0,
            0,
            0,
            0
        ],
        [
            246,
            0,
            3,
            0,
            0,
            21,
            0,
            0,
            0,
            0,
            0,
            0,
            0
        ],
        [
            0,
            0,
            0,
            0,
            0,
            0,
            0,
            0,
            235,
            0,
            0,
            0,
            0
        ],
        [
            13,
            0,
            8,
            0,
            0,
            0,
            46,
            0,
            0,
            0,
            0,
            0,
            0
        ],
        [
            19,
            0,
            0,
            0,
            0,
            0,
            0,
            0,
            0,
            0,
            0,
            0,
            0
        ],
        [
            3,
            0,
            0,
            0,
            0,
            0,
            0,
            0,
            0,
            0,
            0,
            0,
            0
        ],
        [
            2,
            0,
            0,
            0,
            0,
            0,
            0,
            0,
            0,
            0,
            0,
            0,
            0
        ]
    ],
    "feature_importance": {
        "Down/Up Ratio": 0.16996047430829975,
        "Dst Port": 0.6988142292490122,
        "FIN Flag Cnt": 0.0,
        "Flow Pkts/s": 0.2173913043478267,
        "Fwd Pkt Len Max": 0.6845849802371541,
        "Init Bwd Win Byts": 0.11225296442687728,
        "Init Fwd Win Byts": 1.0,
        "Protocol": 0.17312252964426744
    },
    "params": {
        "nb_filters": 32,
        "kernel_size": 3,
        "lstm_units_1": 128,
        "lstm_units_2": 256,
        "dropout": 0.1,
        "lr": 0.0008204643365323959,
        "batch_size": 4096
    },
    "metrics_binary": {
        "task": "Trial Experiment_noise_FIN Flag Cnt_5.0 - Binary Task",
        "accuracy": 0.924768733514136,
        "f1": 0.7408829174664108,
        "mcc": 0.7131382348780796,
        "auc": 0.9466669728217663
    },
    "metrics_multiclass": {
        "task": "Trial Experiment_noise_FIN Flag Cnt_5.0 - Multiclass Task",
        "accuracy": 0.916595460118141,
        "f1": 0.41146290454631385,
        "mcc": 0.7009384227816522,
        "auc": NaN
    }
}