{
    "model": "experiments/cnn_lstm_trial_Experiment_noise_Down_Up Ratio_20.0.pt",
    "model_type": "CNN-LSTM",
    "label": "Experiment_noise_Down_Up Ratio_20.0",
    "mcc_bin": 0.7343828894028879,
    "mcc_mul": 0.7014218237752572,
    "mean_mcc": 0.7179023565890725,
    "val_loss": 0.7594951266156775,
    "cm_bin": [
        [
            22195,
            136
        ],
        [
            1751,
            2835
        ]
    ],
    "cm_mul": [
        [
            22160,
            0,
            11,
            0,
            0,
            126,
            33,
            0,
            1,
            0,
            0,
            0,
            0
        ],
        [
            1,
            1157,
            1,
            0,
            0,
            0,
            0,
            0,
            0,
            0,
            0,
            0,
            0
        ],
        [
            933,
            0,
            8,
            0,
            0,
            0,
            0,
            0,
            0,
            0,
            0,
            0,
            0
        ],
        [
            62,
            84,
            58,
            541,
            0,
            0,
            37,
            0,
            0,
            0,
            0,
            0,
            0
        ],
        [
            462,
            0,
            4,
            0,
            0,
            0,
            0,
            0,
            0,
            0,
            0,
            0,
            0
        ],
        [
            3,
            0,
            0,
            0,
            0,
            311,
            0,
            0,
            2,
            0,
            0,
            0,
            0
        ],
        [
            19,
            13,
            1,
            0,
            0,
            12,
            281,
            0,
            0,
            0,
            0,
            0,
            0
        ],
        [
            257,
            0,
            6,
            0,
            0,
            7,
            0,
            0,
            0,
            0,
            0,
            0,
            0
        ],
        [
            0,
            0,
            0,
            0,
            0,
            0,
            0,
            0,
            235,
            0,
            0,
            0,
            0
        ],
        [
            28,
            1,
            6,
            0,
            0,
            0,
            32,
            0,
            0,
            0,
            0,
            0,
            0
        ],
        [
            19,
            0,
            0,
            0,
            0,
            0,
            0,
            0,
            0,
            0,
            0,
            0,
            0
        ],
        [
            3,
            0,
            0,
            0,
            0,
            0,
            0,
            0,
            0,
            0,
            0,
            0,
            0
        ],
        [
            2,
            0,
            0,
            0,
            0,
            0,
            0,
            0,
            0,
            0,
            0,
            0,
            0
        ]
    ],
    "feature_importance": {
        "Down/Up Ratio": 0.0029776674937966063,
        "Dst Port": 0.5771712158808938,
        "FIN Flag Cnt": 0.0009925558312660298,
        "Flow Pkts/s": 0.12655086848635205,
        "Fwd Pkt Len Max": 0.6908188585607948,
        "Init Bwd Win Byts": 0.11166253101736903,
        "Init Fwd Win Byts": 1.0,
        "Protocol": 0.17617866004962834
    },
    "params": {
        "nb_filters": 32,
        "kernel_size": 3,
        "lstm_units_1": 128,
        "lstm_units_2": 256,
        "dropout": 0.1,
        "lr": 0.0008204643365323959,
        "batch_size": 4096
    },
    "metrics_binary": {
        "task": "Trial Experiment_noise_Down_Up Ratio_20.0 - Binary Task",
        "accuracy": 0.9298956050079875,
        "f1": 0.7502977371973005,
        "mcc": 0.7343828894028879,
        "auc": 0.9480557097343436
    },
    "metrics_multiclass": {
        "task": "Trial Experiment_noise_Down_Up Ratio_20.0 - Multiclass Task",
        "accuracy": 0.9173756362150314,
        "f1": 0.4108868497805851,
        "mcc": 0.7014218237752572,
        "auc": NaN
    }
}