{
    "model": "experiments/cnn_lstm_trial_Experiment_outliers_FIN Flag Cnt_1.0.pt",
    "model_type": "CNN-LSTM",
    "label": "Experiment_outliers_FIN Flag Cnt_1.0",
    "mcc_bin": 0.7825955354254672,
    "mcc_mul": 0.7623340852931239,
    "mean_mcc": 0.7724648103592955,
    "val_loss": 0.5639624965510198,
    "cm_bin": [
        [
            22215,
            115
        ],
        [
            1453,
            3134
        ]
    ],
    "cm_mul": [
        [
            22258,
            0,
            0,
            0,
            32,
            32,
            6,
            0,
            2,
            0,
            0,
            0,
            0
        ],
        [
            1,
            1159,
            0,
            0,
            0,
            0,
            0,
            0,
            0,
            0,
            0,
            0,
            0
        ],
        [
            949,
            0,
            0,
            0,
            0,
            0,
            0,
            0,
            0,
            0,
            0,
            0,
            0
        ],
        [
            44,
            0,
            0,
            774,
            2,
            0,
            0,
            0,
            0,
            1,
            0,
            0,
            0
        ],
        [
            203,
            0,
            0,
            0,
            176,
            1,
            34,
            0,
            0,
            0,
            0,
            0,
            0
        ],
        [
            17,
            1,
            0,
            0,
            0,
            301,
            0,
            0,
            0,
            0,
            0,
            0,
            0
        ],
        [
            29,
            0,
            0,
            0,
            101,
            0,
            198,
            0,
            2,
            0,
            0,
            0,
            0
        ],
        [
            264,
            0,
            0,
            0,
            0,
            0,
            0,
            0,
            0,
            0,
            0,
            0,
            0
        ],
        [
            0,
            1,
            0,
            0,
            0,
            0,
            0,
            0,
            234,
            0,
            0,
            0,
            0
        ],
        [
            21,
            0,
            0,
            0,
            15,
            1,
            26,
            0,
            0,
            5,
            0,
            0,
            0
        ],
        [
            23,
            0,
            0,
            0,
            0,
            0,
            0,
            0,
            0,
            0,
            0,
            0,
            0
        ],
        [
            3,
            0,
            0,
            0,
            0,
            0,
            0,
            0,
            0,
            0,
            0,
            0,
            0
        ],
        [
            1,
            0,
            0,
            0,
            0,
            0,
            0,
            0,
            0,
            0,
            0,
            0,
            0
        ]
    ],
    "feature_importance": {
        "Down/Up Ratio": 0.019769357495881903,
        "Dst Port": 0.6795716639209219,
        "FIN Flag Cnt": 0.0,
        "Flow Pkts/s": 0.09225700164744682,
        "Fwd Pkt Len Max": 0.4761120263591431,
        "Init Bwd Win Byts": 0.20675453047775957,
        "Init Fwd Win Byts": 1.0,
        "Protocol": 0.14168039538715035
    },
    "params": {
        "nb_filters": 32,
        "kernel_size": 3,
        "lstm_units_1": 128,
        "lstm_units_2": 256,
        "dropout": 0.1,
        "lr": 0.0008204643365323959,
        "batch_size": 4096
    },
    "metrics_binary": {
        "task": "Trial Experiment_outliers_FIN Flag Cnt_1.0 - Binary Task",
        "accuracy": 0.9417468514321804,
        "f1": 0.7998979070954568,
        "mcc": 0.7825955354254672,
        "auc": 0.9634079928175685
    },
    "metrics_multiclass": {
        "task": "Trial Experiment_outliers_FIN Flag Cnt_1.0 - Multiclass Task",
        "accuracy": 0.9326819482111677,
        "f1": 0.4708751050675342,
        "mcc": 0.7623340852931239,
        "auc": NaN
    }
}