{
    "model": "experiments/cnn_lstm_trial_Experiment_labels_FIN Flag Cnt_20.0.pt",
    "model_type": "CNN-LSTM",
    "label": "Experiment_labels_FIN Flag Cnt_20.0",
    "mcc_bin": 0.7304594929276923,
    "mcc_mul": 0.725183072505163,
    "mean_mcc": 0.7278212827164277,
    "val_loss": 0.783457811921835,
    "cm_bin": [
        [
            22261,
            70
        ],
        [
            1848,
            2738
        ]
    ],
    "cm_mul": [
        [
            22281,
            1,
            4,
            0,
            0,
            31,
            12,
            0,
            2,
            0,
            0,
            0,
            0
        ],
        [
            1,
            1157,
            1,
            0,
            0,
            0,
            0,
            0,
            0,
            0,
            0,
            0,
            0
        ],
        [
            937,
            0,
            4,
            0,
            0,
            0,
            0,
            0,
            0,
            0,
            0,
            0,
            0
        ],
        [
            47,
            0,
            58,
            673,
            0,
            0,
            2,
            0,
            0,
            2,
            0,
            0,
            0
        ],
        [
            464,
            0,
            2,
            0,
            0,
            0,
            0,
            0,
            0,
            0,
            0,
            0,
            0
        ],
        [
            58,
            0,
            0,
            0,
            0,
            256,
            0,
            0,
            2,
            0,
            0,
            0,
            0
        ],
        [
            70,
            0,
            1,
            0,
            0,
            4,
            251,
            0,
            0,
            0,
            0,
            0,
            0
        ],
        [
            270,
            0,
            0,
            0,
            0,
            0,
            0,
            0,
            0,
            0,
            0,
            0,
            0
        ],
        [
            0,
            0,
            0,
            0,
            0,
            0,
            0,
            0,
            235,
            0,
            0,
            0,
            0
        ],
        [
            39,
            0,
            10,
            0,
            0,
            0,
            16,
            0,
            0,
            2,
            0,
            0,
            0
        ],
        [
            19,
            0,
            0,
            0,
            0,
            0,
            0,
            0,
            0,
            0,
            0,
            0,
            0
        ],
        [
            3,
            0,
            0,
            0,
            0,
            0,
            0,
            0,
            0,
            0,
            0,
            0,
            0
        ],
        [
            2,
            0,
            0,
            0,
            0,
            0,
            0,
            0,
            0,
            0,
            0,
            0,
            0
        ]
    ],
    "feature_importance": {
        "Down/Up Ratio": 0.15358592692828102,
        "Dst Port": 0.6786197564276044,
        "FIN Flag Cnt": 0.0,
        "Flow Pkts/s": 0.13667117726657727,
        "Fwd Pkt Len Max": 0.4587280108254394,
        "Init Bwd Win Byts": 0.11231393775372142,
        "Init Fwd Win Byts": 1.0,
        "Protocol": 0.11299052774018999
    },
    "params": {
        "nb_filters": 32,
        "kernel_size": 3,
        "lstm_units_1": 128,
        "lstm_units_2": 256,
        "dropout": 0.1,
        "lr": 0.0008204643365323959,
        "batch_size": 4096
    },
    "metrics_binary": {
        "task": "Trial Experiment_labels_FIN Flag Cnt_20.0 - Binary Task",
        "accuracy": 0.9287439164840063,
        "f1": 0.7406004868812551,
        "mcc": 0.7304594929276923,
        "auc": 0.9448698918618915
    },
    "metrics_multiclass": {
        "task": "Trial Experiment_labels_FIN Flag Cnt_20.0 - Multiclass Task",
        "accuracy": 0.9235427425047368,
        "f1": 0.4313773770376478,
        "mcc": 0.725183072505163,
        "auc": NaN
    }
}