{
    "model": "experiments/cnn_lstm_trial_Experiment_outliers_Down_Up Ratio_50.0.pt",
    "model_type": "CNN-LSTM",
    "label": "Experiment_outliers_Down_Up Ratio_50.0",
    "mcc_bin": 0.7548383744529651,
    "mcc_mul": 0.6920231768829265,
    "mean_mcc": 0.7234307756679458,
    "val_loss": 0.6524863897689751,
    "cm_bin": [
        [
            22150,
            181
        ],
        [
            1570,
            3016
        ]
    ],
    "cm_mul": [
        [
            22182,
            1,
            0,
            2,
            59,
            46,
            40,
            0,
            0,
            1,
            0,
            0,
            0
        ],
        [
            1,
            1158,
            0,
            0,
            0,
            0,
            0,
            0,
            0,
            0,
            0,
            0,
            0
        ],
        [
            941,
            0,
            0,
            0,
            0,
            0,
            0,
            0,
            0,
            0,
            0,
            0,
            0
        ],
        [
            41,
            1,
            0,
            246,
            480,
            0,
            0,
            0,
            0,
            14,
            0,
            0,
            0
        ],
        [
            291,
            0,
            0,
            4,
            171,
            0,
            0,
            0,
            0,
            0,
            0,
            0,
            0
        ],
        [
            1,
            0,
            0,
            0,
            0,
            315,
            0,
            0,
            0,
            0,
            0,
            0,
            0
        ],
        [
            2,
            2,
            0,
            0,
            0,
            29,
            293,
            0,
            0,
            0,
            0,
            0,
            0
        ],
        [
            264,
            0,
            0,
            0,
            3,
            3,
            0,
            0,
            0,
            0,
            0,
            0,
            0
        ],
        [
            0,
            0,
            0,
            0,
            0,
            0,
            0,
            0,
            235,
            0,
            0,
            0,
            0
        ],
        [
            20,
            2,
            0,
            2,
            34,
            0,
            0,
            0,
            0,
            9,
            0,
            0,
            0
        ],
        [
            19,
            0,
            0,
            0,
            0,
            0,
            0,
            0,
            0,
            0,
            0,
            0,
            0
        ],
        [
            3,
            0,
            0,
            0,
            0,
            0,
            0,
            0,
            0,
            0,
            0,
            0,
            0
        ],
        [
            2,
            0,
            0,
            0,
            0,
            0,
            0,
            0,
            0,
            0,
            0,
            0,
            0
        ]
    ],
    "feature_importance": {
        "Down/Up Ratio": 0.0025614754098358798,
        "Dst Port": 0.6567622950819676,
        "FIN Flag Cnt": 0.0010245901639334334,
        "Flow Pkts/s": 0.2310450819672135,
        "Fwd Pkt Len Max": 0.6209016393442622,
        "Init Bwd Win Byts": 0.1275614754098357,
        "Init Fwd Win Byts": 1.0,
        "Protocol": 0.20389344262295073
    },
    "params": {
        "nb_filters": 32,
        "kernel_size": 3,
        "lstm_units_1": 128,
        "lstm_units_2": 256,
        "dropout": 0.1,
        "lr": 0.0008204643365323959,
        "batch_size": 4096
    },
    "metrics_binary": {
        "task": "Trial Experiment_outliers_Down_Up Ratio_50.0 - Binary Task",
        "accuracy": 0.9349481740164208,
        "f1": 0.7750224849029937,
        "mcc": 0.7548383744529651,
        "auc": 0.9585042533848708
    },
    "metrics_multiclass": {
        "task": "Trial Experiment_outliers_Down_Up Ratio_50.0 - Multiclass Task",
        "accuracy": 0.9142549318274696,
        "f1": 0.43783261239319643,
        "mcc": 0.6920231768829265,
        "auc": NaN
    }
}