{
    "model": "experiments/cnn_lstm_trial_Experiment_labels_FIN Flag Cnt_10.0.pt",
    "model_type": "CNN-LSTM",
    "label": "Experiment_labels_FIN Flag Cnt_10.0",
    "mcc_bin": 0.7275375493039575,
    "mcc_mul": 0.5704530244468778,
    "mean_mcc": 0.6489952868754176,
    "val_loss": 0.8924109173406448,
    "cm_bin": [
        [
            22241,
            90
        ],
        [
            1845,
            2741
        ]
    ],
    "cm_mul": [
        [
            22308,
            8,
            9,
            0,
            0,
            5,
            0,
            0,
            1,
            0,
            0,
            0,
            0
        ],
        [
            1,
            616,
            1,
            0,
            0,
            0,
            0,
            0,
            541,
            0,
            0,
            0,
            0
        ],
        [
            940,
            0,
            1,
            0,
            0,
            0,
            0,
            0,
            0,
            0,
            0,
            0,
            0
        ],
        [
            30,
            79,
            26,
            647,
            0,
            0,
            0,
            0,
            0,
            0,
            0,
            0,
            0
        ],
        [
            464,
            0,
            2,
            0,
            0,
            0,
            0,
            0,
            0,
            0,
            0,
            0,
            0
        ],
        [
            218,
            16,
            3,
            0,
            0,
            79,
            0,
            0,
            0,
            0,
            0,
            0,
            0
        ],
        [
            169,
            55,
            24,
            0,
            0,
            78,
            0,
            0,
            0,
            0,
            0,
            0,
            0
        ],
        [
            268,
            1,
            1,
            0,
            0,
            0,
            0,
            0,
            0,
            0,
            0,
            0,
            0
        ],
        [
            0,
            0,
            0,
            0,
            0,
            1,
            0,
            0,
            234,
            0,
            0,
            0,
            0
        ],
        [
            40,
            5,
            22,
            0,
            0,
            0,
            0,
            0,
            0,
            0,
            0,
            0,
            0
        ],
        [
            19,
            0,
            0,
            0,
            0,
            0,
            0,
            0,
            0,
            0,
            0,
            0,
            0
        ],
        [
            3,
            0,
            0,
            0,
            0,
            0,
            0,
            0,
            0,
            0,
            0,
            0,
            0
        ],
        [
            2,
            0,
            0,
            0,
            0,
            0,
            0,
            0,
            0,
            0,
            0,
            0,
            0
        ]
    ],
    "feature_importance": {
        "Down/Up Ratio": 0.050476190476189946,
        "Dst Port": 0.5199999999999998,
        "FIN Flag Cnt": 0.0,
        "Flow Pkts/s": 0.19238095238095237,
        "Fwd Pkt Len Max": 0.4376190476190483,
        "Init Bwd Win Byts": 0.17428571428571474,
        "Init Fwd Win Byts": 1.0,
        "Protocol": 0.06952380952380903
    },
    "params": {
        "nb_filters": 32,
        "kernel_size": 3,
        "lstm_units_1": 128,
        "lstm_units_2": 256,
        "dropout": 0.1,
        "lr": 0.0008204643365323959,
        "batch_size": 4096
    },
    "metrics_binary": {
        "task": "Trial Experiment_labels_FIN Flag Cnt_10.0 - Binary Task",
        "accuracy": 0.9281123453579522,
        "f1": 0.7391128488607254,
        "mcc": 0.7275375493039575,
        "auc": 0.9354980158864616
    },
    "metrics_multiclass": {
        "task": "Trial Experiment_labels_FIN Flag Cnt_10.0 - Multiclass Task",
        "accuracy": 0.887357432106104,
        "f1": 0.25300669013705046,
        "mcc": 0.5704530244468778,
        "auc": NaN
    }
}