{
    "model": "experiments/cnn_lstm_trial_Experiment_outliers_Timestamp_5.0.pt",
    "model_type": "CNN-LSTM",
    "label": "Experiment_outliers_Timestamp_5.0",
    "mcc_bin": 0.8517735604339457,
    "mcc_mul": 0.8259670608838444,
    "mean_mcc": 0.8388703106588951,
    "val_loss": 0.3068344821887357,
    "cm_bin": [
        [
            22077,
            254
        ],
        [
            837,
            3749
        ]
    ],
    "cm_mul": [
        [
            22194,
            6,
            4,
            1,
            95,
            15,
            6,
            0,
            0,
            10,
            0,
            0,
            0
        ],
        [
            0,
            1159,
            0,
            0,
            0,
            0,
            0,
            0,
            0,
            0,
            0,
            0,
            0
        ],
        [
            780,
            0,
            81,
            0,
            80,
            0,
            0,
            0,
            0,
            0,
            0,
            0,
            0
        ],
        [
            11,
            0,
            0,
            746,
            12,
            0,
            0,
            0,
            0,
            13,
            0,
            0,
            0
        ],
        [
            12,
            0,
            0,
            1,
            453,
            0,
            0,
            0,
            0,
            0,
            0,
            0,
            0
        ],
        [
            0,
            0,
            0,
            0,
            0,
            316,
            0,
            0,
            0,
            0,
            0,
            0,
            0
        ],
        [
            3,
            0,
            0,
            0,
            0,
            1,
            322,
            0,
            0,
            0,
            0,
            0,
            0
        ],
        [
            265,
            0,
            1,
            0,
            2,
            2,
            0,
            0,
            0,
            0,
            0,
            0,
            0
        ],
        [
            0,
            0,
            0,
            0,
            0,
            2,
            0,
            0,
            233,
            0,
            0,
            0,
            0
        ],
        [
            16,
            0,
            0,
            0,
            2,
            0,
            3,
            0,
            0,
            46,
            0,
            0,
            0
        ],
        [
            15,
            0,
            0,
            0,
            2,
            2,
            0,
            0,
            0,
            0,
            0,
            0,
            0
        ],
        [
            3,
            0,
            0,
            0,
            0,
            0,
            0,
            0,
            0,
            0,
            0,
            0,
            0
        ],
        [
            2,
            0,
            0,
            0,
            0,
            0,
            0,
            0,
            0,
            0,
            0,
            0,
            0
        ]
    ],
    "feature_importance": {
        "Down/Up Ratio": 0.10788381742738495,
        "Dst Port": 0.9958506224066379,
        "FIN Flag Cnt": 0.0,
        "Flow Pkts/s": 0.11769143719351158,
        "Fwd Pkt Len Max": 1.0,
        "Init Bwd Win Byts": 0.2942285929837795,
        "Init Fwd Win Byts": 0.952470765748774,
        "Protocol": 0.2908336476801198
    },
    "params": {
        "nb_filters": 32,
        "kernel_size": 3,
        "lstm_units_1": 128,
        "lstm_units_2": 256,
        "dropout": 0.1,
        "lr": 0.0008204643365323959,
        "batch_size": 4096
    },
    "metrics_binary": {
        "task": "Trial Experiment_outliers_Timestamp_5.0 - Binary Task",
        "accuracy": 0.9594679942044061,
        "f1": 0.8729770636861102,
        "mcc": 0.8517735604339457,
        "auc": 0.9734133736554504
    },
    "metrics_multiclass": {
        "task": "Trial Experiment_outliers_Timestamp_5.0 - Multiclass Task",
        "accuracy": 0.9492142512167032,
        "f1": 0.5797369459174948,
        "mcc": 0.8259670608838444,
        "auc": 0.9005002299059341
    }
}