{
    "model": "experiments/cnn_lstm_trial_Experiment_outliers_Down_Up Ratio_1.0.pt",
    "model_type": "CNN-LSTM",
    "label": "Experiment_outliers_Down_Up Ratio_1.0",
    "mcc_bin": 0.7748664085173744,
    "mcc_mul": 0.7727321699187848,
    "mean_mcc": 0.7737992892180796,
    "val_loss": 0.5847913323502455,
    "cm_bin": [
        [
            22170,
            161
        ],
        [
            1457,
            3129
        ]
    ],
    "cm_mul": [
        [
            22205,
            0,
            0,
            2,
            51,
            43,
            27,
            0,
            0,
            3,
            0,
            0,
            0
        ],
        [
            1,
            1158,
            0,
            0,
            0,
            0,
            0,
            0,
            0,
            0,
            0,
            0,
            0
        ],
        [
            941,
            0,
            0,
            0,
            0,
            0,
            0,
            0,
            0,
            0,
            0,
            0,
            0
        ],
        [
            18,
            0,
            0,
            729,
            31,
            0,
            0,
            0,
            0,
            4,
            0,
            0,
            0
        ],
        [
            218,
            0,
            0,
            0,
            242,
            0,
            0,
            0,
            0,
            6,
            0,
            0,
            0
        ],
        [
            5,
            0,
            0,
            0,
            0,
            262,
            0,
            0,
            49,
            0,
            0,
            0,
            0
        ],
        [
            3,
            0,
            0,
            0,
            0,
            1,
            322,
            0,
            0,
            0,
            0,
            0,
            0
        ],
        [
            270,
            0,
            0,
            0,
            0,
            0,
            0,
            0,
            0,
            0,
            0,
            0,
            0
        ],
        [
            0,
            0,
            0,
            0,
            0,
            0,
            0,
            0,
            235,
            0,
            0,
            0,
            0
        ],
        [
            22,
            1,
            0,
            0,
            21,
            0,
            1,
            0,
            0,
            22,
            0,
            0,
            0
        ],
        [
            19,
            0,
            0,
            0,
            0,
            0,
            0,
            0,
            0,
            0,
            0,
            0,
            0
        ],
        [
            3,
            0,
            0,
            0,
            0,
            0,
            0,
            0,
            0,
            0,
            0,
            0,
            0
        ],
        [
            2,
            0,
            0,
            0,
            0,
            0,
            0,
            0,
            0,
            0,
            0,
            0,
            0
        ]
    ],
    "feature_importance": {
        "Down/Up Ratio": 0.02261640798226155,
        "Dst Port": 0.7450110864745002,
        "FIN Flag Cnt": 0.000443458980044578,
        "Flow Pkts/s": 0.11796008869179547,
        "Fwd Pkt Len Max": 0.38181818181818156,
        "Init Bwd Win Byts": 0.26119733924612,
        "Init Fwd Win Byts": 1.0,
        "Protocol": 0.1645232815964523
    },
    "params": {
        "nb_filters": 32,
        "kernel_size": 3,
        "lstm_units_1": 128,
        "lstm_units_2": 256,
        "dropout": 0.1,
        "lr": 0.0008204643365323959,
        "batch_size": 4096
    },
    "metrics_binary": {
        "task": "Trial Experiment_outliers_Down_Up Ratio_1.0 - Binary Task",
        "accuracy": 0.939889289296727,
        "f1": 0.7945657694261046,
        "mcc": 0.7748664085173744,
        "auc": 0.9571445907910955
    },
    "metrics_multiclass": {
        "task": "Trial Experiment_outliers_Down_Up Ratio_1.0 - Multiclass Task",
        "accuracy": 0.9352825352008025,
        "f1": 0.5120218635797957,
        "mcc": 0.7727321699187848,
        "auc": NaN
    }
}