{
    "model": "experiments/cnn_lstm_trial_Experiment_missing_Down_Up Ratio_10.0.pt",
    "model_type": "CNN-LSTM",
    "label": "Experiment_missing_Down_Up Ratio_10.0",
    "mcc_bin": 0.7107319175115809,
    "mcc_mul": 0.6761927132669868,
    "mean_mcc": 0.6934623153892838,
    "val_loss": 0.888017825782299,
    "cm_bin": [
        [
            22120,
            211
        ],
        [
            1826,
            2760
        ]
    ],
    "cm_mul": [
        [
            22165,
            10,
            27,
            2,
            0,
            64,
            62,
            0,
            1,
            0,
            0,
            0,
            0
        ],
        [
            1,
            1106,
            0,
            52,
            0,
            0,
            0,
            0,
            0,
            0,
            0,
            0,
            0
        ],
        [
            920,
            0,
            21,
            0,
            0,
            0,
            0,
            0,
            0,
            0,
            0,
            0,
            0
        ],
        [
            45,
            2,
            105,
            630,
            0,
            0,
            0,
            0,
            0,
            0,
            0,
            0,
            0
        ],
        [
            460,
            0,
            6,
            0,
            0,
            0,
            0,
            0,
            0,
            0,
            0,
            0,
            0
        ],
        [
            15,
            21,
            0,
            0,
            0,
            198,
            59,
            0,
            23,
            0,
            0,
            0,
            0
        ],
        [
            143,
            3,
            1,
            0,
            0,
            0,
            179,
            0,
            0,
            0,
            0,
            0,
            0
        ],
        [
            240,
            2,
            3,
            0,
            0,
            15,
            8,
            0,
            2,
            0,
            0,
            0,
            0
        ],
        [
            0,
            0,
            0,
            0,
            0,
            0,
            0,
            0,
            235,
            0,
            0,
            0,
            0
        ],
        [
            31,
            13,
            12,
            0,
            0,
            0,
            11,
            0,
            0,
            0,
            0,
            0,
            0
        ],
        [
            19,
            0,
            0,
            0,
            0,
            0,
            0,
            0,
            0,
            0,
            0,
            0,
            0
        ],
        [
            3,
            0,
            0,
            0,
            0,
            0,
            0,
            0,
            0,
            0,
            0,
            0,
            0
        ],
        [
            2,
            0,
            0,
            0,
            0,
            0,
            0,
            0,
            0,
            0,
            0,
            0,
            0
        ]
    ],
    "feature_importance": {
        "Down/Up Ratio": 0.0,
        "Dst Port": 0.5021231422505311,
        "FIN Flag Cnt": 0.0,
        "Flow Pkts/s": 0.19108280254776952,
        "Fwd Pkt Len Max": 0.5153927813163476,
        "Init Bwd Win Byts": 0.04617834394904345,
        "Init Fwd Win Byts": 1.0,
        "Protocol": 0.18418259023354558
    },
    "params": {
        "nb_filters": 32,
        "kernel_size": 3,
        "lstm_units_1": 128,
        "lstm_units_2": 256,
        "dropout": 0.1,
        "lr": 0.0008204643365323959,
        "batch_size": 4096
    },
    "metrics_binary": {
        "task": "Trial Experiment_missing_Down_Up Ratio_10.0 - Binary Task",
        "accuracy": 0.9243229186016272,
        "f1": 0.7304485907105994,
        "mcc": 0.7107319175115809,
        "auc": 0.931993898914096
    },
    "metrics_multiclass": {
        "task": "Trial Experiment_missing_Down_Up Ratio_10.0 - Multiclass Task",
        "accuracy": 0.9114685886242895,
        "f1": 0.3829634035442623,
        "mcc": 0.6761927132669868,
        "auc": NaN
    }
}