{
    "model": "experiments/cnn_lstm_trial_Experiment_outliers_Down_Up Ratio_30.0.pt",
    "model_type": "CNN-LSTM",
    "label": "Experiment_outliers_Down_Up Ratio_30.0",
    "mcc_bin": 0.765805135414787,
    "mcc_mul": 0.7697563875019005,
    "mean_mcc": 0.7677807614583437,
    "val_loss": 0.5226098546492202,
    "cm_bin": [
        [
            22119,
            212
        ],
        [
            1466,
            3120
        ]
    ],
    "cm_mul": [
        [
            22141,
            0,
            0,
            0,
            86,
            61,
            40,
            0,
            0,
            3,
            0,
            0,
            0
        ],
        [
            1,
            1141,
            0,
            0,
            5,
            0,
            0,
            0,
            0,
            12,
            0,
            0,
            0
        ],
        [
            941,
            0,
            0,
            0,
            0,
            0,
            0,
            0,
            0,
            0,
            0,
            0,
            0
        ],
        [
            42,
            0,
            0,
            715,
            8,
            0,
            0,
            0,
            0,
            17,
            0,
            0,
            0
        ],
        [
            187,
            0,
            0,
            0,
            279,
            0,
            0,
            0,
            0,
            0,
            0,
            0,
            0
        ],
        [
            0,
            0,
            0,
            0,
            0,
            301,
            0,
            0,
            15,
            0,
            0,
            0,
            0
        ],
        [
            2,
            0,
            0,
            0,
            0,
            18,
            306,
            0,
            0,
            0,
            0,
            0,
            0
        ],
        [
            270,
            0,
            0,
            0,
            0,
            0,
            0,
            0,
            0,
            0,
            0,
            0,
            0
        ],
        [
            0,
            0,
            0,
            0,
            0,
            0,
            0,
            0,
            235,
            0,
            0,
            0,
            0
        ],
        [
            11,
            0,
            0,
            0,
            22,
            0,
            1,
            0,
            0,
            33,
            0,
            0,
            0
        ],
        [
            19,
            0,
            0,
            0,
            0,
            0,
            0,
            0,
            0,
            0,
            0,
            0,
            0
        ],
        [
            3,
            0,
            0,
            0,
            0,
            0,
            0,
            0,
            0,
            0,
            0,
            0,
            0
        ],
        [
            2,
            0,
            0,
            0,
            0,
            0,
            0,
            0,
            0,
            0,
            0,
            0,
            0
        ]
    ],
    "feature_importance": {
        "Down/Up Ratio": 0.0009285051067771869,
        "Dst Port": 0.7005571030640666,
        "FIN Flag Cnt": 0.0,
        "Flow Pkts/s": 0.12070566388115082,
        "Fwd Pkt Len Max": 0.6230269266480959,
        "Init Bwd Win Byts": 0.15181058495821642,
        "Init Fwd Win Byts": 1.0,
        "Protocol": 0.16805942432683313
    },
    "params": {
        "nb_filters": 32,
        "kernel_size": 3,
        "lstm_units_1": 128,
        "lstm_units_2": 256,
        "dropout": 0.1,
        "lr": 0.0008204643365323959,
        "batch_size": 4096
    },
    "metrics_binary": {
        "task": "Trial Experiment_outliers_Down_Up Ratio_30.0 - Binary Task",
        "accuracy": 0.9376602147341828,
        "f1": 0.7880777974235919,
        "mcc": 0.765805135414787,
        "auc": 0.9623312490895661
    },
    "metrics_multiclass": {
        "task": "Trial Experiment_outliers_Down_Up Ratio_30.0 - Multiclass Task",
        "accuracy": 0.9343909053757848,
        "f1": 0.5229873055756382,
        "mcc": 0.7697563875019005,
        "auc": NaN
    }
}