{
    "model": "experiments/cnn_lstm_trial_Experiment_noise_Down_Up Ratio_10.0.pt",
    "model_type": "CNN-LSTM",
    "label": "Experiment_noise_Down_Up Ratio_10.0",
    "mcc_bin": 0.7147882364234797,
    "mcc_mul": 0.6875729598422199,
    "mean_mcc": 0.7011805981328498,
    "val_loss": 0.7836017645895481,
    "cm_bin": [
        [
            22182,
            149
        ],
        [
            1864,
            2722
        ]
    ],
    "cm_mul": [
        [
            22219,
            14,
            32,
            0,
            0,
            52,
            13,
            0,
            1,
            0,
            0,
            0,
            0
        ],
        [
            1,
            1157,
            1,
            0,
            0,
            0,
            0,
            0,
            0,
            0,
            0,
            0,
            0
        ],
        [
            933,
            0,
            8,
            0,
            0,
            0,
            0,
            0,
            0,
            0,
            0,
            0,
            0
        ],
        [
            36,
            18,
            84,
            642,
            0,
            0,
            2,
            0,
            0,
            0,
            0,
            0,
            0
        ],
        [
            417,
            4,
            41,
            0,
            0,
            0,
            4,
            0,
            0,
            0,
            0,
            0,
            0
        ],
        [
            23,
            11,
            1,
            0,
            0,
            251,
            0,
            0,
            30,
            0,
            0,
            0,
            0
        ],
        [
            201,
            8,
            1,
            0,
            0,
            13,
            103,
            0,
            0,
            0,
            0,
            0,
            0
        ],
        [
            255,
            1,
            1,
            0,
            0,
            11,
            2,
            0,
            0,
            0,
            0,
            0,
            0
        ],
        [
            0,
            0,
            0,
            0,
            0,
            0,
            0,
            0,
            235,
            0,
            0,
            0,
            0
        ],
        [
            34,
            13,
            13,
            0,
            0,
            0,
            7,
            0,
            0,
            0,
            0,
            0,
            0
        ],
        [
            19,
            0,
            0,
            0,
            0,
            0,
            0,
            0,
            0,
            0,
            0,
            0,
            0
        ],
        [
            3,
            0,
            0,
            0,
            0,
            0,
            0,
            0,
            0,
            0,
            0,
            0,
            0
        ],
        [
            2,
            0,
            0,
            0,
            0,
            0,
            0,
            0,
            0,
            0,
            0,
            0,
            0
        ]
    ],
    "feature_importance": {
        "Down/Up Ratio": 0.0,
        "Dst Port": 0.7974842767295588,
        "FIN Flag Cnt": 0.0,
        "Flow Pkts/s": 0.14716981132075482,
        "Fwd Pkt Len Max": 0.5421383647798746,
        "Init Bwd Win Byts": 0.06540880503144701,
        "Init Fwd Win Byts": 1.0,
        "Protocol": 0.2559748427672945
    },
    "params": {
        "nb_filters": 32,
        "kernel_size": 3,
        "lstm_units_1": 128,
        "lstm_units_2": 256,
        "dropout": 0.1,
        "lr": 0.0008204643365323959,
        "batch_size": 4096
    },
    "metrics_binary": {
        "task": "Trial Experiment_noise_Down_Up Ratio_10.0 - Binary Task",
        "accuracy": 0.9252145484266449,
        "f1": 0.7300522998524875,
        "mcc": 0.7147882364234797,
        "auc": 0.948126039803587
    },
    "metrics_multiclass": {
        "task": "Trial Experiment_noise_Down_Up Ratio_10.0 - Multiclass Task",
        "accuracy": 0.9144778392837241,
        "f1": 0.3855353172303636,
        "mcc": 0.6875729598422199,
        "auc": NaN
    }
}