{
    "model": "experiments/cnn_lstm_trial_Experiment_missing_Timestamp_30.0.pt",
    "model_type": "CNN-LSTM",
    "label": "Experiment_missing_Timestamp_30.0",
    "mcc_bin": 0.7503911148864791,
    "mcc_mul": 0.7513264238812151,
    "mean_mcc": 0.7508587693838471,
    "val_loss": 0.7458111929840275,
    "cm_bin": [
        [
            22173,
            158
        ],
        [
            1623,
            2963
        ]
    ],
    "cm_mul": [
        [
            22200,
            0,
            2,
            0,
            32,
            67,
            25,
            0,
            0,
            5,
            0,
            0,
            0
        ],
        [
            1,
            1158,
            0,
            0,
            0,
            0,
            0,
            0,
            0,
            0,
            0,
            0,
            0
        ],
        [
            941,
            0,
            0,
            0,
            0,
            0,
            0,
            0,
            0,
            0,
            0,
            0,
            0
        ],
        [
            26,
            0,
            0,
            722,
            6,
            0,
            0,
            0,
            0,
            28,
            0,
            0,
            0
        ],
        [
            341,
            0,
            0,
            0,
            117,
            0,
            8,
            0,
            0,
            0,
            0,
            0,
            0
        ],
        [
            1,
            0,
            0,
            0,
            0,
            315,
            0,
            0,
            0,
            0,
            0,
            0,
            0
        ],
        [
            58,
            0,
            0,
            0,
            1,
            3,
            264,
            0,
            0,
            0,
            0,
            0,
            0
        ],
        [
            268,
            0,
            2,
            0,
            0,
            0,
            0,
            0,
            0,
            0,
            0,
            0,
            0
        ],
        [
            0,
            0,
            0,
            0,
            0,
            0,
            0,
            0,
            235,
            0,
            0,
            0,
            0
        ],
        [
            28,
            0,
            0,
            0,
            19,
            0,
            1,
            0,
            0,
            19,
            0,
            0,
            0
        ],
        [
            19,
            0,
            0,
            0,
            0,
            0,
            0,
            0,
            0,
            0,
            0,
            0,
            0
        ],
        [
            2,
            0,
            0,
            0,
            1,
            0,
            0,
            0,
            0,
            0,
            0,
            0,
            0
        ],
        [
            2,
            0,
            0,
            0,
            0,
            0,
            0,
            0,
            0,
            0,
            0,
            0,
            0
        ]
    ],
    "feature_importance": {
        "Down/Up Ratio": 0.05977382875605816,
        "Dst Port": 0.4151857835218089,
        "FIN Flag Cnt": 0.0,
        "Flow Pkts/s": 0.11187399030694628,
        "Fwd Pkt Len Max": 0.4075121163166401,
        "Init Bwd Win Byts": 0.22011308562197063,
        "Init Fwd Win Byts": 1.0,
        "Protocol": 0.11712439418416795
    },
    "params": {
        "nb_filters": 32,
        "kernel_size": 3,
        "lstm_units_1": 128,
        "lstm_units_2": 256,
        "dropout": 0.1,
        "lr": 0.0008204643365323959,
        "batch_size": 4096
    },
    "metrics_binary": {
        "task": "Trial Experiment_missing_Timestamp_30.0 - Binary Task",
        "accuracy": 0.9338336367351487,
        "f1": 0.7689113792656027,
        "mcc": 0.7503911148864791,
        "auc": 0.9474847740892718
    },
    "metrics_multiclass": {
        "task": "Trial Experiment_missing_Timestamp_30.0 - Multiclass Task",
        "accuracy": 0.9298956050079875,
        "f1": 0.4883863957604498,
        "mcc": 0.7513264238812151,
        "auc": NaN
    }
}