{
    "model": "experiments/cnn_lstm_trial_Experiment_missing_Protocol_10.0.pt",
    "model_type": "CNN-LSTM",
    "label": "Experiment_missing_Protocol_10.0",
    "mcc_bin": 0.7241934670963293,
    "mcc_mul": 0.6704263412310177,
    "mean_mcc": 0.6973099041636734,
    "val_loss": 0.7598068368222032,
    "cm_bin": [
        [
            22263,
            68
        ],
        [
            1891,
            2695
        ]
    ],
    "cm_mul": [
        [
            22316,
            3,
            5,
            0,
            0,
            7,
            0,
            0,
            0,
            0,
            0,
            0,
            0
        ],
        [
            0,
            1145,
            1,
            11,
            0,
            0,
            0,
            0,
            2,
            0,
            0,
            0,
            0
        ],
        [
            940,
            0,
            1,
            0,
            0,
            0,
            0,
            0,
            0,
            0,
            0,
            0,
            0
        ],
        [
            52,
            18,
            22,
            689,
            0,
            0,
            0,
            0,
            1,
            0,
            0,
            0,
            0
        ],
        [
            463,
            0,
            3,
            0,
            0,
            0,
            0,
            0,
            0,
            0,
            0,
            0,
            0
        ],
        [
            189,
            1,
            0,
            0,
            0,
            125,
            0,
            0,
            1,
            0,
            0,
            0,
            0
        ],
        [
            198,
            5,
            0,
            0,
            0,
            122,
            0,
            0,
            1,
            0,
            0,
            0,
            0
        ],
        [
            269,
            1,
            0,
            0,
            0,
            0,
            0,
            0,
            0,
            0,
            0,
            0,
            0
        ],
        [
            0,
            0,
            0,
            0,
            0,
            0,
            0,
            0,
            235,
            0,
            0,
            0,
            0
        ],
        [
            40,
            21,
            3,
            0,
            0,
            1,
            0,
            0,
            2,
            0,
            0,
            0,
            0
        ],
        [
            18,
            0,
            1,
            0,
            0,
            0,
            0,
            0,
            0,
            0,
            0,
            0,
            0
        ],
        [
            3,
            0,
            0,
            0,
            0,
            0,
            0,
            0,
            0,
            0,
            0,
            0,
            0
        ],
        [
            2,
            0,
            0,
            0,
            0,
            0,
            0,
            0,
            0,
            0,
            0,
            0,
            0
        ]
    ],
    "feature_importance": {
        "Down/Up Ratio": 0.11938872970391569,
        "Dst Port": 0.3992359121298957,
        "FIN Flag Cnt": 0.0014326647564477418,
        "Flow Pkts/s": 0.09694364851958058,
        "Fwd Pkt Len Max": 0.4885386819484245,
        "Init Bwd Win Byts": 0.041547277936963105,
        "Init Fwd Win Byts": 1.0,
        "Protocol": 0.012416427889208053
    },
    "params": {
        "nb_filters": 32,
        "kernel_size": 3,
        "lstm_units_1": 128,
        "lstm_units_2": 256,
        "dropout": 0.1,
        "lr": 0.0008204643365323959,
        "batch_size": 4096
    },
    "metrics_binary": {
        "task": "Trial Experiment_missing_Protocol_10.0 - Binary Task",
        "accuracy": 0.9272207155329346,
        "f1": 0.7334331201524017,
        "mcc": 0.7241934670963293,
        "auc": 0.9381319392294301
    },
    "metrics_multiclass": {
        "task": "Trial Experiment_missing_Protocol_10.0 - Multiclass Task",
        "accuracy": 0.9106141100419809,
        "f1": 0.3293460082276969,
        "mcc": 0.6704263412310177,
        "auc": NaN
    }
}