{
    "model": "experiments/cnn_lstm_trial_Experiment_missing_Timestamp_20.0.pt",
    "model_type": "CNN-LSTM",
    "label": "Experiment_missing_Timestamp_20.0",
    "mcc_bin": 0.8076049218874979,
    "mcc_mul": 0.8108453096884697,
    "mean_mcc": 0.8092251157879837,
    "val_loss": 0.42898352071642876,
    "cm_bin": [
        [
            22187,
            144
        ],
        [
            1252,
            3334
        ]
    ],
    "cm_mul": [
        [
            22219,
            0,
            49,
            4,
            0,
            28,
            25,
            3,
            0,
            3,
            0,
            0,
            0
        ],
        [
            1,
            1158,
            0,
            0,
            0,
            0,
            0,
            0,
            0,
            0,
            0,
            0,
            0
        ],
        [
            555,
            0,
            386,
            0,
            0,
            0,
            0,
            0,
            0,
            0,
            0,
            0,
            0
        ],
        [
            3,
            0,
            2,
            777,
            0,
            0,
            0,
            0,
            0,
            0,
            0,
            0,
            0
        ],
        [
            431,
            0,
            35,
            0,
            0,
            0,
            0,
            0,
            0,
            0,
            0,
            0,
            0
        ],
        [
            0,
            0,
            0,
            0,
            0,
            316,
            0,
            0,
            0,
            0,
            0,
            0,
            0
        ],
        [
            2,
            0,
            1,
            0,
            0,
            0,
            323,
            0,
            0,
            0,
            0,
            0,
            0
        ],
        [
            269,
            0,
            1,
            0,
            0,
            0,
            0,
            0,
            0,
            0,
            0,
            0,
            0
        ],
        [
            0,
            0,
            0,
            0,
            0,
            0,
            0,
            0,
            235,
            0,
            0,
            0,
            0
        ],
        [
            27,
            0,
            2,
            0,
            0,
            0,
            1,
            0,
            0,
            37,
            0,
            0,
            0
        ],
        [
            19,
            0,
            0,
            0,
            0,
            0,
            0,
            0,
            0,
            0,
            0,
            0,
            0
        ],
        [
            3,
            0,
            0,
            0,
            0,
            0,
            0,
            0,
            0,
            0,
            0,
            0,
            0
        ],
        [
            2,
            0,
            0,
            0,
            0,
            0,
            0,
            0,
            0,
            0,
            0,
            0,
            0
        ]
    ],
    "feature_importance": {
        "Down/Up Ratio": 0.051794871794871356,
        "Dst Port": 0.5738461538461542,
        "FIN Flag Cnt": 0.003076923076923157,
        "Flow Pkts/s": 0.12974358974359032,
        "Fwd Pkt Len Max": 0.7938461538461546,
        "Init Bwd Win Byts": 0.21333333333333326,
        "Init Fwd Win Byts": 1.0,
        "Protocol": 0.16102564102564113
    },
    "params": {
        "nb_filters": 32,
        "kernel_size": 3,
        "lstm_units_1": 128,
        "lstm_units_2": 256,
        "dropout": 0.1,
        "lr": 0.0008204643365323959,
        "batch_size": 4096
    },
    "metrics_binary": {
        "task": "Trial Experiment_missing_Timestamp_20.0 - Binary Task",
        "accuracy": 0.9481368651781402,
        "f1": 0.8268849206349206,
        "mcc": 0.8076049218874979,
        "auc": 0.9683867827863549
    },
    "metrics_multiclass": {
        "task": "Trial Experiment_missing_Timestamp_20.0 - Multiclass Task",
        "accuracy": 0.9455362781885054,
        "f1": 0.5472134726247581,
        "mcc": 0.8108453096884697,
        "auc": NaN
    }
}