{
    "model": "experiments/cnn_lstm_trial_Experiment_noise_Timestamp_5.0.pt",
    "model_type": "CNN-LSTM",
    "label": "Experiment_noise_Timestamp_5.0",
    "mcc_bin": 0.7604219112708562,
    "mcc_mul": 0.7588421791455512,
    "mean_mcc": 0.7596320452082037,
    "val_loss": 0.5529886689037085,
    "cm_bin": [
        [
            22222,
            109
        ],
        [
            1608,
            2978
        ]
    ],
    "cm_mul": [
        [
            22247,
            0,
            25,
            0,
            0,
            44,
            14,
            0,
            0,
            1,
            0,
            0,
            0
        ],
        [
            1,
            1158,
            0,
            0,
            0,
            0,
            0,
            0,
            0,
            0,
            0,
            0,
            0
        ],
        [
            886,
            0,
            55,
            0,
            0,
            0,
            0,
            0,
            0,
            0,
            0,
            0,
            0
        ],
        [
            22,
            0,
            36,
            722,
            0,
            0,
            0,
            0,
            0,
            2,
            0,
            0,
            0
        ],
        [
            425,
            0,
            34,
            0,
            0,
            0,
            2,
            0,
            0,
            5,
            0,
            0,
            0
        ],
        [
            0,
            0,
            0,
            0,
            0,
            316,
            0,
            0,
            0,
            0,
            0,
            0,
            0
        ],
        [
            7,
            0,
            0,
            0,
            0,
            0,
            318,
            0,
            0,
            1,
            0,
            0,
            0
        ],
        [
            269,
            0,
            0,
            0,
            0,
            1,
            0,
            0,
            0,
            0,
            0,
            0,
            0
        ],
        [
            0,
            0,
            0,
            0,
            0,
            0,
            0,
            0,
            235,
            0,
            0,
            0,
            0
        ],
        [
            29,
            0,
            5,
            0,
            0,
            0,
            0,
            0,
            0,
            33,
            0,
            0,
            0
        ],
        [
            19,
            0,
            0,
            0,
            0,
            0,
            0,
            0,
            0,
            0,
            0,
            0,
            0
        ],
        [
            3,
            0,
            0,
            0,
            0,
            0,
            0,
            0,
            0,
            0,
            0,
            0,
            0
        ],
        [
            2,
            0,
            0,
            0,
            0,
            0,
            0,
            0,
            0,
            0,
            0,
            0,
            0
        ]
    ],
    "feature_importance": {
        "Down/Up Ratio": 0.07479674796748005,
        "Dst Port": 0.7707317073170719,
        "FIN Flag Cnt": 0.0008130081300817274,
        "Flow Pkts/s": 0.21788617886178877,
        "Fwd Pkt Len Max": 0.6967479674796736,
        "Init Bwd Win Byts": 0.48048780487804826,
        "Init Fwd Win Byts": 1.0,
        "Protocol": 0.24390243902438946
    },
    "params": {
        "nb_filters": 32,
        "kernel_size": 3,
        "lstm_units_1": 128,
        "lstm_units_2": 256,
        "dropout": 0.1,
        "lr": 0.0008204643365323959,
        "batch_size": 4096
    },
    "metrics_binary": {
        "task": "Trial Experiment_noise_Timestamp_5.0 - Binary Task",
        "accuracy": 0.9362113162685292,
        "f1": 0.7762283331161215,
        "mcc": 0.7604219112708562,
        "auc": 0.9640361759323307
    },
    "metrics_multiclass": {
        "task": "Trial Experiment_noise_Timestamp_5.0 - Multiclass Task",
        "accuracy": 0.9319017721142773,
        "f1": 0.5019177431175426,
        "mcc": 0.7588421791455512,
        "auc": NaN
    }
}