{
    "model": "experiments/cnn_lstm_trial_Experiment_noise_Down_Up Ratio_30.0.pt",
    "model_type": "CNN-LSTM",
    "label": "Experiment_noise_Down_Up Ratio_30.0",
    "mcc_bin": 0.7106029301731237,
    "mcc_mul": 0.6214953273780417,
    "mean_mcc": 0.6660491287755828,
    "val_loss": 0.817814729708646,
    "cm_bin": [
        [
            21970,
            361
        ],
        [
            1682,
            2904
        ]
    ],
    "cm_mul": [
        [
            21969,
            0,
            17,
            0,
            0,
            252,
            88,
            0,
            5,
            0,
            0,
            0,
            0
        ],
        [
            1,
            1158,
            0,
            0,
            0,
            0,
            0,
            0,
            0,
            0,
            0,
            0,
            0
        ],
        [
            921,
            0,
            20,
            0,
            0,
            0,
            0,
            0,
            0,
            0,
            0,
            0,
            0
        ],
        [
            38,
            0,
            611,
            105,
            0,
            0,
            28,
            0,
            0,
            0,
            0,
            0,
            0
        ],
        [
            466,
            0,
            0,
            0,
            0,
            0,
            0,
            0,
            0,
            0,
            0,
            0,
            0
        ],
        [
            0,
            0,
            0,
            0,
            0,
            298,
            0,
            0,
            18,
            0,
            0,
            0,
            0
        ],
        [
            1,
            0,
            1,
            0,
            0,
            0,
            324,
            0,
            0,
            0,
            0,
            0,
            0
        ],
        [
            233,
            1,
            2,
            0,
            0,
            33,
            1,
            0,
            0,
            0,
            0,
            0,
            0
        ],
        [
            0,
            0,
            0,
            0,
            0,
            0,
            0,
            0,
            235,
            0,
            0,
            0,
            0
        ],
        [
            18,
            0,
            7,
            0,
            0,
            0,
            42,
            0,
            0,
            0,
            0,
            0,
            0
        ],
        [
            18,
            0,
            1,
            0,
            0,
            0,
            0,
            0,
            0,
            0,
            0,
            0,
            0
        ],
        [
            3,
            0,
            0,
            0,
            0,
            0,
            0,
            0,
            0,
            0,
            0,
            0,
            0
        ],
        [
            2,
            0,
            0,
            0,
            0,
            0,
            0,
            0,
            0,
            0,
            0,
            0,
            0
        ]
    ],
    "feature_importance": {
        "Down/Up Ratio": 0.0005479452054781026,
        "Dst Port": 0.5238356164383564,
        "FIN Flag Cnt": 0.0,
        "Flow Pkts/s": 0.1293150684931499,
        "Fwd Pkt Len Max": 0.4356164383561641,
        "Init Bwd Win Byts": 0.19561643835616405,
        "Init Fwd Win Byts": 1.0,
        "Protocol": 0.2082191780821915
    },
    "params": {
        "nb_filters": 32,
        "kernel_size": 3,
        "lstm_units_1": 128,
        "lstm_units_2": 256,
        "dropout": 0.1,
        "lr": 0.0008204643365323959,
        "batch_size": 4096
    },
    "metrics_binary": {
        "task": "Trial Experiment_noise_Down_Up Ratio_30.0 - Binary Task",
        "accuracy": 0.9241000111453728,
        "f1": 0.7397783721818877,
        "mcc": 0.7106029301731237,
        "auc": 0.941864115060833
    },
    "metrics_multiclass": {
        "task": "Trial Experiment_noise_Down_Up Ratio_30.0 - Multiclass Task",
        "accuracy": 0.8956793104729354,
        "f1": 0.35641061620850234,
        "mcc": 0.6214953273780417,
        "auc": NaN
    }
}