{
    "model": "experiments/cnn_lstm_trial_Experiment_outliers_Timestamp_30.0.pt",
    "model_type": "CNN-LSTM",
    "label": "Experiment_outliers_Timestamp_30.0",
    "mcc_bin": 0.9197703323700142,
    "mcc_mul": 0.9193928392106561,
    "mean_mcc": 0.9195815857903351,
    "val_loss": 0.19288729556969234,
    "cm_bin": [
        [
            22052,
            279
        ],
        [
            329,
            4257
        ]
    ],
    "cm_mul": [
        [
            22065,
            0,
            206,
            2,
            16,
            1,
            2,
            30,
            0,
            9,
            0,
            0,
            0
        ],
        [
            0,
            1159,
            0,
            0,
            0,
            0,
            0,
            0,
            0,
            0,
            0,
            0,
            0
        ],
        [
            51,
            0,
            890,
            0,
            0,
            0,
            0,
            0,
            0,
            0,
            0,
            0,
            0
        ],
        [
            6,
            0,
            19,
            742,
            0,
            0,
            0,
            0,
            0,
            15,
            0,
            0,
            0
        ],
        [
            19,
            0,
            3,
            0,
            444,
            0,
            0,
            0,
            0,
            0,
            0,
            0,
            0
        ],
        [
            0,
            0,
            0,
            0,
            0,
            316,
            0,
            0,
            0,
            0,
            0,
            0,
            0
        ],
        [
            8,
            0,
            0,
            0,
            0,
            0,
            318,
            0,
            0,
            0,
            0,
            0,
            0
        ],
        [
            234,
            0,
            2,
            0,
            0,
            0,
            0,
            34,
            0,
            0,
            0,
            0,
            0
        ],
        [
            0,
            0,
            0,
            0,
            0,
            3,
            0,
            0,
            232,
            0,
            0,
            0,
            0
        ],
        [
            10,
            1,
            1,
            0,
            0,
            0,
            0,
            0,
            0,
            55,
            0,
            0,
            0
        ],
        [
            18,
            0,
            0,
            0,
            0,
            1,
            0,
            0,
            0,
            0,
            0,
            0,
            0
        ],
        [
            3,
            0,
            0,
            0,
            0,
            0,
            0,
            0,
            0,
            0,
            0,
            0,
            0
        ],
        [
            2,
            0,
            0,
            0,
            0,
            0,
            0,
            0,
            0,
            0,
            0,
            0,
            0
        ]
    ],
    "feature_importance": {
        "Down/Up Ratio": 0.08321579689703847,
        "Dst Port": 0.6128349788434411,
        "FIN Flag Cnt": 0.005289139633286981,
        "Flow Pkts/s": 0.1297602256699582,
        "Fwd Pkt Len Max": 1.0,
        "Init Bwd Win Byts": 0.3684767277856137,
        "Init Fwd Win Byts": 0.7697461212976018,
        "Protocol": 0.7316643159379403
    },
    "params": {
        "nb_filters": 32,
        "kernel_size": 3,
        "lstm_units_1": 128,
        "lstm_units_2": 256,
        "dropout": 0.1,
        "lr": 0.0008204643365323959,
        "batch_size": 4096
    },
    "metrics_binary": {
        "task": "Trial Experiment_outliers_Timestamp_30.0 - Binary Task",
        "accuracy": 0.9774120444328863,
        "f1": 0.9333479500109625,
        "mcc": 0.9197703323700142,
        "auc": 0.9849903524037885
    },
    "metrics_multiclass": {
        "task": "Trial Experiment_outliers_Timestamp_30.0 - Multiclass Task",
        "accuracy": 0.9754058773265966,
        "f1": 0.6698249527284985,
        "mcc": 0.9193928392106561,
        "auc": NaN
    }
}