{
    "model": "experiments/cnn_lstm_trial_Experiment_outliers_FIN Flag Cnt_1.0.pt",
    "model_type": "CNN-LSTM",
    "label": "Experiment_outliers_FIN Flag Cnt_1.0",
    "mcc_bin": 0.7276371377066682,
    "mcc_mul": 0.7275702997927188,
    "mean_mcc": 0.7276037187496935,
    "val_loss": 0.7308474848312991,
    "cm_bin": [
        [
            22065,
            266
        ],
        [
            1663,
            2923
        ]
    ],
    "cm_mul": [
        [
            22114,
            1,
            0,
            1,
            0,
            151,
            45,
            0,
            5,
            14,
            0,
            0,
            0
        ],
        [
            1,
            1155,
            0,
            2,
            0,
            1,
            0,
            0,
            0,
            0,
            0,
            0,
            0
        ],
        [
            941,
            0,
            0,
            0,
            0,
            0,
            0,
            0,
            0,
            0,
            0,
            0,
            0
        ],
        [
            9,
            0,
            0,
            748,
            0,
            0,
            0,
            0,
            0,
            25,
            0,
            0,
            0
        ],
        [
            435,
            0,
            0,
            0,
            0,
            0,
            7,
            0,
            0,
            24,
            0,
            0,
            0
        ],
        [
            0,
            0,
            0,
            0,
            0,
            257,
            0,
            0,
            59,
            0,
            0,
            0,
            0
        ],
        [
            7,
            0,
            0,
            0,
            0,
            0,
            318,
            0,
            1,
            0,
            0,
            0,
            0
        ],
        [
            268,
            0,
            0,
            0,
            0,
            2,
            0,
            0,
            0,
            0,
            0,
            0,
            0
        ],
        [
            0,
            0,
            0,
            0,
            0,
            0,
            0,
            0,
            235,
            0,
            0,
            0,
            0
        ],
        [
            24,
            2,
            0,
            0,
            0,
            0,
            6,
            0,
            0,
            35,
            0,
            0,
            0
        ],
        [
            19,
            0,
            0,
            0,
            0,
            0,
            0,
            0,
            0,
            0,
            0,
            0,
            0
        ],
        [
            3,
            0,
            0,
            0,
            0,
            0,
            0,
            0,
            0,
            0,
            0,
            0,
            0
        ],
        [
            2,
            0,
            0,
            0,
            0,
            0,
            0,
            0,
            0,
            0,
            0,
            0,
            0
        ]
    ],
    "feature_importance": {
        "Down/Up Ratio": 0.0,
        "Dst Port": 0.3277042446371522,
        "FIN Flag Cnt": 0.0,
        "Flow Pkts/s": 0.09036969420355974,
        "Fwd Pkt Len Max": 0.172980374258329,
        "Init Bwd Win Byts": 0.1396622546782288,
        "Init Fwd Win Byts": 1.0,
        "Protocol": 0.1309904153354625
    },
    "params": {
        "nb_filters": 32,
        "kernel_size": 3,
        "lstm_units_1": 128,
        "lstm_units_2": 256,
        "dropout": 0.1,
        "lr": 0.0008204643365323959,
        "batch_size": 4096
    },
    "metrics_binary": {
        "task": "Trial Experiment_outliers_FIN Flag Cnt_1.0 - Binary Task",
        "accuracy": 0.9283352528142066,
        "f1": 0.7518971061093248,
        "mcc": 0.7276371377066682,
        "auc": 0.949249333800189
    },
    "metrics_multiclass": {
        "task": "Trial Experiment_outliers_FIN Flag Cnt_1.0 - Multiclass Task",
        "accuracy": 0.923654196232864,
        "f1": 0.44975834178383717,
        "mcc": 0.7275702997927188,
        "auc": NaN
    }
}