{
    "model": "experiments/cnn_lstm_trial_Experiment_noise_Down_Up Ratio_20.0.pt",
    "model_type": "CNN-LSTM",
    "label": "Experiment_noise_Down_Up Ratio_20.0",
    "mcc_bin": 0.7103046034359324,
    "mcc_mul": 0.6411539906981523,
    "mean_mcc": 0.6757292970670423,
    "val_loss": 0.8431563568966729,
    "cm_bin": [
        [
            22137,
            194
        ],
        [
            1846,
            2740
        ]
    ],
    "cm_mul": [
        [
            22195,
            37,
            45,
            0,
            0,
            50,
            0,
            0,
            4,
            0,
            0,
            0,
            0
        ],
        [
            1,
            1082,
            1,
            75,
            0,
            0,
            0,
            0,
            0,
            0,
            0,
            0,
            0
        ],
        [
            898,
            0,
            43,
            0,
            0,
            0,
            0,
            0,
            0,
            0,
            0,
            0,
            0
        ],
        [
            49,
            37,
            105,
            591,
            0,
            0,
            0,
            0,
            0,
            0,
            0,
            0,
            0
        ],
        [
            459,
            0,
            7,
            0,
            0,
            0,
            0,
            0,
            0,
            0,
            0,
            0,
            0
        ],
        [
            69,
            55,
            0,
            0,
            0,
            168,
            0,
            0,
            24,
            0,
            0,
            0,
            0
        ],
        [
            178,
            134,
            1,
            0,
            0,
            13,
            0,
            0,
            0,
            0,
            0,
            0,
            0
        ],
        [
            249,
            7,
            2,
            0,
            0,
            12,
            0,
            0,
            0,
            0,
            0,
            0,
            0
        ],
        [
            0,
            1,
            0,
            0,
            0,
            0,
            0,
            0,
            234,
            0,
            0,
            0,
            0
        ],
        [
            39,
            24,
            4,
            0,
            0,
            0,
            0,
            0,
            0,
            0,
            0,
            0,
            0
        ],
        [
            19,
            0,
            0,
            0,
            0,
            0,
            0,
            0,
            0,
            0,
            0,
            0,
            0
        ],
        [
            3,
            0,
            0,
            0,
            0,
            0,
            0,
            0,
            0,
            0,
            0,
            0,
            0
        ],
        [
            2,
            0,
            0,
            0,
            0,
            0,
            0,
            0,
            0,
            0,
            0,
            0,
            0
        ]
    ],
    "feature_importance": {
        "Down/Up Ratio": 0.0,
        "Dst Port": 0.7885178676039832,
        "FIN Flag Cnt": 0.0,
        "Flow Pkts/s": 0.145869947275922,
        "Fwd Pkt Len Max": 0.7188049209138839,
        "Init Bwd Win Byts": 0.0275336848271826,
        "Init Fwd Win Byts": 1.0,
        "Protocol": 0.48506151142355014
    },
    "params": {
        "nb_filters": 32,
        "kernel_size": 3,
        "lstm_units_1": 128,
        "lstm_units_2": 256,
        "dropout": 0.1,
        "lr": 0.0008204643365323959,
        "batch_size": 4096
    },
    "metrics_binary": {
        "task": "Trial Experiment_noise_Down_Up Ratio_20.0 - Binary Task",
        "accuracy": 0.9242114648735,
        "f1": 0.7287234042553191,
        "mcc": 0.7103046034359324,
        "auc": 0.9349157092777476
    },
    "metrics_multiclass": {
        "task": "Trial Experiment_noise_Down_Up Ratio_20.0 - Multiclass Task",
        "accuracy": 0.9032581639855853,
        "f1": 0.32630534647580195,
        "mcc": 0.6411539906981523,
        "auc": NaN
    }
}