{
    "model": "experiments/cnn_lstm_trial_Experiment_labels_FIN Flag Cnt_50.0.pt",
    "model_type": "CNN-LSTM",
    "label": "Experiment_labels_FIN Flag Cnt_50.0",
    "mcc_bin": 0.7247746592771631,
    "mcc_mul": 0.7022678083069369,
    "mean_mcc": 0.71352123379205,
    "val_loss": 0.7762695955378669,
    "cm_bin": [
        [
            22126,
            205
        ],
        [
            1742,
            2844
        ]
    ],
    "cm_mul": [
        [
            22131,
            1,
            3,
            0,
            0,
            145,
            41,
            0,
            10,
            0,
            0,
            0,
            0
        ],
        [
            0,
            1158,
            1,
            0,
            0,
            0,
            0,
            0,
            0,
            0,
            0,
            0,
            0
        ],
        [
            936,
            0,
            5,
            0,
            0,
            0,
            0,
            0,
            0,
            0,
            0,
            0,
            0
        ],
        [
            45,
            0,
            124,
            597,
            0,
            0,
            16,
            0,
            0,
            0,
            0,
            0,
            0
        ],
        [
            465,
            0,
            1,
            0,
            0,
            0,
            0,
            0,
            0,
            0,
            0,
            0,
            0
        ],
        [
            0,
            0,
            0,
            0,
            0,
            254,
            0,
            0,
            62,
            0,
            0,
            0,
            0
        ],
        [
            4,
            0,
            1,
            0,
            0,
            4,
            317,
            0,
            0,
            0,
            0,
            0,
            0
        ],
        [
            267,
            0,
            0,
            0,
            0,
            3,
            0,
            0,
            0,
            0,
            0,
            0,
            0
        ],
        [
            0,
            0,
            0,
            0,
            0,
            0,
            0,
            0,
            235,
            0,
            0,
            0,
            0
        ],
        [
            28,
            0,
            7,
            0,
            0,
            0,
            32,
            0,
            0,
            0,
            0,
            0,
            0
        ],
        [
            18,
            0,
            1,
            0,
            0,
            0,
            0,
            0,
            0,
            0,
            0,
            0,
            0
        ],
        [
            3,
            0,
            0,
            0,
            0,
            0,
            0,
            0,
            0,
            0,
            0,
            0,
            0
        ],
        [
            2,
            0,
            0,
            0,
            0,
            0,
            0,
            0,
            0,
            0,
            0,
            0,
            0
        ]
    ],
    "feature_importance": {
        "Down/Up Ratio": 0.12098188194038625,
        "Dst Port": 0.504967855055524,
        "FIN Flag Cnt": 0.0,
        "Flow Pkts/s": 0.0829924021040343,
        "Fwd Pkt Len Max": 0.3728813559322049,
        "Init Bwd Win Byts": 0.10461718293395743,
        "Init Fwd Win Byts": 1.0,
        "Protocol": 0.129748684979544
    },
    "params": {
        "nb_filters": 32,
        "kernel_size": 3,
        "lstm_units_1": 128,
        "lstm_units_2": 256,
        "dropout": 0.1,
        "lr": 0.0008204643365323959,
        "batch_size": 4096
    },
    "metrics_binary": {
        "task": "Trial Experiment_labels_FIN Flag Cnt_50.0 - Binary Task",
        "accuracy": 0.9276665304454434,
        "f1": 0.7449901768172889,
        "mcc": 0.7247746592771631,
        "auc": 0.9477014180436305
    },
    "metrics_multiclass": {
        "task": "Trial Experiment_labels_FIN Flag Cnt_50.0 - Multiclass Task",
        "accuracy": 0.9175242411858676,
        "f1": 0.4052705640667468,
        "mcc": 0.7022678083069369,
        "auc": NaN
    }
}