{
    "model": "experiments/cnn_lstm_trial_Experiment_noise_Down_Up Ratio_75.0.pt",
    "model_type": "CNN-LSTM",
    "label": "Experiment_noise_Down_Up Ratio_75.0",
    "mcc_bin": 0.6569455917630218,
    "mcc_mul": 0.5546261289691282,
    "mean_mcc": 0.6057858603660751,
    "val_loss": 0.9747480271118028,
    "cm_bin": [
        [
            22060,
            271
        ],
        [
            2101,
            2485
        ]
    ],
    "cm_mul": [
        [
            22191,
            7,
            28,
            0,
            0,
            102,
            0,
            0,
            3,
            0,
            0,
            0,
            0
        ],
        [
            1,
            1153,
            1,
            4,
            0,
            0,
            0,
            0,
            0,
            0,
            0,
            0,
            0
        ],
        [
            941,
            0,
            0,
            0,
            0,
            0,
            0,
            0,
            0,
            0,
            0,
            0,
            0
        ],
        [
            409,
            81,
            292,
            0,
            0,
            0,
            0,
            0,
            0,
            0,
            0,
            0,
            0
        ],
        [
            466,
            0,
            0,
            0,
            0,
            0,
            0,
            0,
            0,
            0,
            0,
            0,
            0
        ],
        [
            70,
            0,
            0,
            0,
            0,
            212,
            0,
            0,
            34,
            0,
            0,
            0,
            0
        ],
        [
            47,
            47,
            6,
            0,
            0,
            226,
            0,
            0,
            0,
            0,
            0,
            0,
            0
        ],
        [
            247,
            2,
            4,
            0,
            0,
            16,
            0,
            0,
            1,
            0,
            0,
            0,
            0
        ],
        [
            0,
            1,
            0,
            0,
            0,
            0,
            0,
            0,
            234,
            0,
            0,
            0,
            0
        ],
        [
            48,
            0,
            19,
            0,
            0,
            0,
            0,
            0,
            0,
            0,
            0,
            0,
            0
        ],
        [
            19,
            0,
            0,
            0,
            0,
            0,
            0,
            0,
            0,
            0,
            0,
            0,
            0
        ],
        [
            3,
            0,
            0,
            0,
            0,
            0,
            0,
            0,
            0,
            0,
            0,
            0,
            0
        ],
        [
            2,
            0,
            0,
            0,
            0,
            0,
            0,
            0,
            0,
            0,
            0,
            0,
            0
        ]
    ],
    "feature_importance": {
        "Down/Up Ratio": 0.0,
        "Dst Port": 0.8742098609355247,
        "FIN Flag Cnt": 0.0,
        "Flow Pkts/s": 0.27623261694058115,
        "Fwd Pkt Len Max": 0.6093552465233889,
        "Init Bwd Win Byts": 0.0,
        "Init Fwd Win Byts": 1.0,
        "Protocol": 0.26042983565107536
    },
    "params": {
        "nb_filters": 32,
        "kernel_size": 3,
        "lstm_units_1": 128,
        "lstm_units_2": 256,
        "dropout": 0.1,
        "lr": 0.0008204643365323959,
        "batch_size": 4096
    },
    "metrics_binary": {
        "task": "Trial Experiment_noise_Down_Up Ratio_75.0 - Binary Task",
        "accuracy": 0.9118772522940892,
        "f1": 0.6769272677744483,
        "mcc": 0.6569455917630218,
        "auc": 0.9188060906103611
    },
    "metrics_multiclass": {
        "task": "Trial Experiment_noise_Down_Up Ratio_75.0 - Multiclass Task",
        "accuracy": 0.8838280640487425,
        "f1": 0.2537984721071853,
        "mcc": 0.5546261289691282,
        "auc": NaN
    }
}