{
    "model": "experiments/cnn_lstm_trial_Experiment_noise_Down_Up Ratio_10.0.pt",
    "model_type": "CNN-LSTM",
    "label": "Experiment_noise_Down_Up Ratio_10.0",
    "mcc_bin": 0.7160816238716263,
    "mcc_mul": 0.677411281284027,
    "mean_mcc": 0.6967464525778266,
    "val_loss": 0.7999540234782866,
    "cm_bin": [
        [
            22041,
            290
        ],
        [
            1714,
            2872
        ]
    ],
    "cm_mul": [
        [
            22037,
            2,
            15,
            0,
            0,
            235,
            38,
            0,
            4,
            0,
            0,
            0,
            0
        ],
        [
            1,
            1158,
            0,
            0,
            0,
            0,
            0,
            0,
            0,
            0,
            0,
            0,
            0
        ],
        [
            937,
            0,
            4,
            0,
            0,
            0,
            0,
            0,
            0,
            0,
            0,
            0,
            0
        ],
        [
            46,
            93,
            65,
            574,
            0,
            0,
            4,
            0,
            0,
            0,
            0,
            0,
            0
        ],
        [
            465,
            0,
            1,
            0,
            0,
            0,
            0,
            0,
            0,
            0,
            0,
            0,
            0
        ],
        [
            0,
            1,
            0,
            0,
            0,
            304,
            0,
            0,
            11,
            0,
            0,
            0,
            0
        ],
        [
            7,
            79,
            3,
            0,
            0,
            33,
            204,
            0,
            0,
            0,
            0,
            0,
            0
        ],
        [
            257,
            0,
            3,
            0,
            0,
            10,
            0,
            0,
            0,
            0,
            0,
            0,
            0
        ],
        [
            0,
            0,
            0,
            0,
            0,
            0,
            0,
            0,
            235,
            0,
            0,
            0,
            0
        ],
        [
            27,
            4,
            21,
            0,
            0,
            1,
            14,
            0,
            0,
            0,
            0,
            0,
            0
        ],
        [
            19,
            0,
            0,
            0,
            0,
            0,
            0,
            0,
            0,
            0,
            0,
            0,
            0
        ],
        [
            3,
            0,
            0,
            0,
            0,
            0,
            0,
            0,
            0,
            0,
            0,
            0,
            0
        ],
        [
            2,
            0,
            0,
            0,
            0,
            0,
            0,
            0,
            0,
            0,
            0,
            0,
            0
        ]
    ],
    "feature_importance": {
        "Down/Up Ratio": 0.0,
        "Dst Port": 0.628687690742625,
        "FIN Flag Cnt": 0.001525940996948916,
        "Flow Pkts/s": 0.14089521871821029,
        "Fwd Pkt Len Max": 0.6800610376398778,
        "Init Bwd Win Byts": 0.11342828077314347,
        "Init Fwd Win Byts": 1.0,
        "Protocol": 0.18819938962360236
    },
    "params": {
        "nb_filters": 32,
        "kernel_size": 3,
        "lstm_units_1": 128,
        "lstm_units_2": 256,
        "dropout": 0.1,
        "lr": 0.0008204643365323959,
        "batch_size": 4096
    },
    "metrics_binary": {
        "task": "Trial Experiment_noise_Down_Up Ratio_10.0 - Binary Task",
        "accuracy": 0.9255489096110265,
        "f1": 0.7413526071244192,
        "mcc": 0.7160816238716263,
        "auc": 0.9415146031783664
    },
    "metrics_multiclass": {
        "task": "Trial Experiment_noise_Down_Up Ratio_10.0 - Multiclass Task",
        "accuracy": 0.9107998662555262,
        "f1": 0.39070026280976017,
        "mcc": 0.677411281284027,
        "auc": NaN
    }
}