{
    "model": "experiments/cnn_lstm_trial_Experiment_outliers_Down_Up Ratio_1.0.pt",
    "model_type": "CNN-LSTM",
    "label": "Experiment_outliers_Down_Up Ratio_1.0",
    "mcc_bin": 0.7673468976301855,
    "mcc_mul": 0.7608645660361689,
    "mean_mcc": 0.7641057318331772,
    "val_loss": 0.5595345819102866,
    "cm_bin": [
        [
            22240,
            91
        ],
        [
            1581,
            3005
        ]
    ],
    "cm_mul": [
        [
            22271,
            0,
            0,
            0,
            53,
            6,
            1,
            0,
            0,
            0,
            0,
            0,
            0
        ],
        [
            1,
            1158,
            0,
            0,
            0,
            0,
            0,
            0,
            0,
            0,
            0,
            0,
            0
        ],
        [
            941,
            0,
            0,
            0,
            0,
            0,
            0,
            0,
            0,
            0,
            0,
            0,
            0
        ],
        [
            38,
            0,
            0,
            727,
            15,
            0,
            2,
            0,
            0,
            0,
            0,
            0,
            0
        ],
        [
            293,
            0,
            0,
            0,
            173,
            0,
            0,
            0,
            0,
            0,
            0,
            0,
            0
        ],
        [
            10,
            0,
            0,
            0,
            0,
            306,
            0,
            0,
            0,
            0,
            0,
            0,
            0
        ],
        [
            77,
            0,
            0,
            0,
            12,
            10,
            225,
            0,
            0,
            2,
            0,
            0,
            0
        ],
        [
            270,
            0,
            0,
            0,
            0,
            0,
            0,
            0,
            0,
            0,
            0,
            0,
            0
        ],
        [
            0,
            0,
            0,
            0,
            0,
            2,
            0,
            0,
            233,
            0,
            0,
            0,
            0
        ],
        [
            49,
            0,
            0,
            0,
            3,
            0,
            12,
            0,
            0,
            3,
            0,
            0,
            0
        ],
        [
            19,
            0,
            0,
            0,
            0,
            0,
            0,
            0,
            0,
            0,
            0,
            0,
            0
        ],
        [
            3,
            0,
            0,
            0,
            0,
            0,
            0,
            0,
            0,
            0,
            0,
            0,
            0
        ],
        [
            2,
            0,
            0,
            0,
            0,
            0,
            0,
            0,
            0,
            0,
            0,
            0,
            0
        ]
    ],
    "feature_importance": {
        "Down/Up Ratio": 0.024522028262675834,
        "Dst Port": 0.5245220282626758,
        "FIN Flag Cnt": 0.002909393183706439,
        "Flow Pkts/s": 0.13341645885286696,
        "Fwd Pkt Len Max": 0.5868661679135491,
        "Init Bwd Win Byts": 0.15087281795511182,
        "Init Fwd Win Byts": 1.0,
        "Protocol": 0.08312551953449719
    },
    "params": {
        "nb_filters": 32,
        "kernel_size": 3,
        "lstm_units_1": 128,
        "lstm_units_2": 256,
        "dropout": 0.1,
        "lr": 0.0008204643365323959,
        "batch_size": 4096
    },
    "metrics_binary": {
        "task": "Trial Experiment_outliers_Down_Up Ratio_1.0 - Binary Task",
        "accuracy": 0.9378831221904372,
        "f1": 0.7823483467846915,
        "mcc": 0.7673468976301855,
        "auc": 0.9654531718133761
    },
    "metrics_multiclass": {
        "task": "Trial Experiment_outliers_Down_Up Ratio_1.0 - Multiclass Task",
        "accuracy": 0.932347587026786,
        "f1": 0.47958723044607027,
        "mcc": 0.7608645660361689,
        "auc": NaN
    }
}