{
    "model": "experiments/cnn_lstm_trial_Experiment_noise_Down_Up Ratio_1.0.pt",
    "model_type": "CNN-LSTM",
    "label": "Experiment_noise_Down_Up Ratio_1.0",
    "mcc_bin": 0.723065636513815,
    "mcc_mul": 0.5643815694668824,
    "mean_mcc": 0.6437236029903487,
    "val_loss": 0.7870747870100396,
    "cm_bin": [
        [
            22090,
            241
        ],
        [
            1717,
            2869
        ]
    ],
    "cm_mul": [
        [
            22242,
            36,
            11,
            0,
            0,
            15,
            0,
            0,
            27,
            0,
            0,
            0,
            0
        ],
        [
            1,
            1158,
            0,
            0,
            0,
            0,
            0,
            0,
            0,
            0,
            0,
            0,
            0
        ],
        [
            937,
            0,
            4,
            0,
            0,
            0,
            0,
            0,
            0,
            0,
            0,
            0,
            0
        ],
        [
            44,
            37,
            555,
            146,
            0,
            0,
            0,
            0,
            0,
            0,
            0,
            0,
            0
        ],
        [
            463,
            0,
            3,
            0,
            0,
            0,
            0,
            0,
            0,
            0,
            0,
            0,
            0
        ],
        [
            13,
            10,
            0,
            0,
            0,
            7,
            0,
            0,
            286,
            0,
            0,
            0,
            0
        ],
        [
            43,
            214,
            0,
            0,
            0,
            61,
            0,
            0,
            8,
            0,
            0,
            0,
            0
        ],
        [
            262,
            5,
            3,
            0,
            0,
            0,
            0,
            0,
            0,
            0,
            0,
            0,
            0
        ],
        [
            0,
            0,
            0,
            0,
            0,
            0,
            0,
            0,
            235,
            0,
            0,
            0,
            0
        ],
        [
            33,
            33,
            1,
            0,
            0,
            0,
            0,
            0,
            0,
            0,
            0,
            0,
            0
        ],
        [
            19,
            0,
            0,
            0,
            0,
            0,
            0,
            0,
            0,
            0,
            0,
            0,
            0
        ],
        [
            3,
            0,
            0,
            0,
            0,
            0,
            0,
            0,
            0,
            0,
            0,
            0,
            0
        ],
        [
            2,
            0,
            0,
            0,
            0,
            0,
            0,
            0,
            0,
            0,
            0,
            0,
            0
        ]
    ],
    "feature_importance": {
        "Down/Up Ratio": 0.0015915119363387722,
        "Dst Port": 0.5527851458885941,
        "FIN Flag Cnt": 0.0,
        "Flow Pkts/s": 0.19522546419098083,
        "Fwd Pkt Len Max": 0.4774535809018568,
        "Init Bwd Win Byts": 0.09761273209548962,
        "Init Fwd Win Byts": 1.0,
        "Protocol": 0.20265251989389774
    },
    "params": {
        "nb_filters": 32,
        "kernel_size": 3,
        "lstm_units_1": 128,
        "lstm_units_2": 256,
        "dropout": 0.1,
        "lr": 0.0008204643365323959,
        "batch_size": 4096
    },
    "metrics_binary": {
        "task": "Trial Experiment_noise_Down_Up Ratio_1.0 - Binary Task",
        "accuracy": 0.9272578667756436,
        "f1": 0.7455821205821206,
        "mcc": 0.723065636513815,
        "auc": 0.9458492301423085
    },
    "metrics_multiclass": {
        "task": "Trial Experiment_noise_Down_Up Ratio_1.0 - Multiclass Task",
        "accuracy": 0.8839023665341605,
        "f1": 0.21395017528657304,
        "mcc": 0.5643815694668824,
        "auc": NaN
    }
}