{
    "model": "experiments/cnn_lstm_trial_Experiment_labels_FIN Flag Cnt_20.0.pt",
    "model_type": "CNN-LSTM",
    "label": "Experiment_labels_FIN Flag Cnt_20.0",
    "mcc_bin": 0.7310229886795492,
    "mcc_mul": 0.7284347144373612,
    "mean_mcc": 0.7297288515584552,
    "val_loss": 0.7747331325496946,
    "cm_bin": [
        [
            22258,
            73
        ],
        [
            1841,
            2745
        ]
    ],
    "cm_mul": [
        [
            22278,
            2,
            6,
            0,
            0,
            32,
            12,
            0,
            1,
            0,
            0,
            0,
            0
        ],
        [
            1,
            1157,
            1,
            0,
            0,
            0,
            0,
            0,
            0,
            0,
            0,
            0,
            0
        ],
        [
            937,
            0,
            4,
            0,
            0,
            0,
            0,
            0,
            0,
            0,
            0,
            0,
            0
        ],
        [
            43,
            0,
            45,
            692,
            0,
            0,
            1,
            0,
            0,
            1,
            0,
            0,
            0
        ],
        [
            462,
            0,
            4,
            0,
            0,
            0,
            0,
            0,
            0,
            0,
            0,
            0,
            0
        ],
        [
            61,
            0,
            0,
            0,
            0,
            255,
            0,
            0,
            0,
            0,
            0,
            0,
            0
        ],
        [
            66,
            0,
            1,
            0,
            0,
            3,
            256,
            0,
            0,
            0,
            0,
            0,
            0
        ],
        [
            270,
            0,
            0,
            0,
            0,
            0,
            0,
            0,
            0,
            0,
            0,
            0,
            0
        ],
        [
            0,
            0,
            0,
            0,
            0,
            0,
            0,
            0,
            235,
            0,
            0,
            0,
            0
        ],
        [
            37,
            0,
            11,
            0,
            0,
            0,
            16,
            0,
            0,
            3,
            0,
            0,
            0
        ],
        [
            19,
            0,
            0,
            0,
            0,
            0,
            0,
            0,
            0,
            0,
            0,
            0,
            0
        ],
        [
            3,
            0,
            0,
            0,
            0,
            0,
            0,
            0,
            0,
            0,
            0,
            0,
            0
        ],
        [
            2,
            0,
            0,
            0,
            0,
            0,
            0,
            0,
            0,
            0,
            0,
            0,
            0
        ]
    ],
    "feature_importance": {
        "Down/Up Ratio": 0.15358592692828102,
        "Dst Port": 0.6786197564276044,
        "FIN Flag Cnt": 0.0,
        "Flow Pkts/s": 0.13667117726657727,
        "Fwd Pkt Len Max": 0.4587280108254394,
        "Init Bwd Win Byts": 0.11231393775372142,
        "Init Fwd Win Byts": 1.0,
        "Protocol": 0.11299052774018999
    },
    "params": {
        "nb_filters": 32,
        "kernel_size": 3,
        "lstm_units_1": 128,
        "lstm_units_2": 256,
        "dropout": 0.1,
        "lr": 0.0008204643365323959,
        "batch_size": 4096
    },
    "metrics_binary": {
        "task": "Trial Experiment_labels_FIN Flag Cnt_20.0 - Binary Task",
        "accuracy": 0.9288925214548427,
        "f1": 0.7414910858995137,
        "mcc": 0.7310229886795492,
        "auc": 0.945181712100168
    },
    "metrics_multiclass": {
        "task": "Trial Experiment_labels_FIN Flag Cnt_20.0 - Multiclass Task",
        "accuracy": 0.9243229186016272,
        "f1": 0.4357722686577254,
        "mcc": 0.7284347144373612,
        "auc": NaN
    }
}