{
    "model": "experiments/cnn_lstm_trial_Experiment_missing_FIN Flag Cnt_70.0.pt",
    "model_type": "CNN-LSTM",
    "label": "Experiment_missing_FIN Flag Cnt_70.0",
    "mcc_bin": 0.7757926502943356,
    "mcc_mul": 0.7706487782849554,
    "mean_mcc": 0.7732207142896454,
    "val_loss": 0.49467732198536396,
    "cm_bin": [
        [
            22057,
            186
        ],
        [
            1435,
            3185
        ]
    ],
    "cm_mul": [
        [
            22083,
            0,
            0,
            1,
            92,
            40,
            24,
            0,
            0,
            3,
            0,
            0,
            0
        ],
        [
            1,
            1170,
            0,
            0,
            0,
            0,
            0,
            0,
            0,
            0,
            0,
            0,
            0
        ],
        [
            980,
            0,
            0,
            0,
            8,
            0,
            0,
            0,
            0,
            0,
            0,
            0,
            0
        ],
        [
            6,
            0,
            0,
            720,
            35,
            0,
            0,
            0,
            0,
            0,
            0,
            0,
            0
        ],
        [
            171,
            0,
            0,
            0,
            303,
            0,
            0,
            0,
            0,
            0,
            0,
            0,
            0
        ],
        [
            0,
            0,
            0,
            0,
            0,
            309,
            0,
            0,
            0,
            0,
            0,
            0,
            0
        ],
        [
            1,
            0,
            0,
            0,
            0,
            2,
            311,
            0,
            0,
            0,
            0,
            0,
            0
        ],
        [
            272,
            0,
            0,
            0,
            2,
            1,
            0,
            0,
            0,
            0,
            0,
            0,
            0
        ],
        [
            0,
            0,
            0,
            0,
            0,
            59,
            0,
            0,
            171,
            0,
            0,
            0,
            0
        ],
        [
            20,
            4,
            0,
            0,
            13,
            0,
            14,
            0,
            0,
            24,
            0,
            0,
            0
        ],
        [
            19,
            0,
            0,
            0,
            0,
            0,
            0,
            0,
            0,
            0,
            0,
            0,
            0
        ],
        [
            3,
            0,
            0,
            0,
            0,
            0,
            0,
            0,
            0,
            0,
            0,
            0,
            0
        ],
        [
            1,
            0,
            0,
            0,
            0,
            0,
            0,
            0,
            0,
            0,
            0,
            0,
            0
        ]
    ],
    "feature_importance": {
        "Down/Up Ratio": 0.00873180873180871,
        "Dst Port": 0.5330561330561331,
        "FIN Flag Cnt": 0.0,
        "Flow Pkts/s": 0.10644490644490541,
        "Fwd Pkt Len Max": 0.45696465696465666,
        "Init Bwd Win Byts": 0.16839916839916744,
        "Init Fwd Win Byts": 1.0,
        "Protocol": 0.10311850311850239
    },
    "params": {
        "nb_filters": 32,
        "kernel_size": 3,
        "lstm_units_1": 128,
        "lstm_units_2": 256,
        "dropout": 0.1,
        "lr": 0.0008204643365323959,
        "batch_size": 4096
    },
    "metrics_binary": {
        "task": "Trial Experiment_missing_FIN Flag Cnt_70.0 - Binary Task",
        "accuracy": 0.9396567769794885,
        "f1": 0.7971467901389063,
        "mcc": 0.7757926502943356,
        "auc": 0.9641513172196983
    },
    "metrics_multiclass": {
        "task": "Trial Experiment_missing_FIN Flag Cnt_70.0 - Multiclass Task",
        "accuracy": 0.93403566243532,
        "f1": 0.5159632175543641,
        "mcc": 0.7706487782849554,
        "auc": NaN
    }
}