{
    "model": "experiments/cnn_lstm_trial_Experiment_labels_Protocol_1.0.pt",
    "model_type": "CNN-LSTM",
    "label": "Experiment_labels_Protocol_1.0",
    "mcc_bin": 0.7251100703145784,
    "mcc_mul": 0.6789431134189426,
    "mean_mcc": 0.7020265918667605,
    "val_loss": 0.7681863885372877,
    "cm_bin": [
        [
            22131,
            112
        ],
        [
            1849,
            2771
        ]
    ],
    "cm_mul": [
        [
            22127,
            0,
            30,
            0,
            0,
            70,
            10,
            0,
            6,
            0,
            0,
            0,
            0
        ],
        [
            0,
            1170,
            1,
            0,
            0,
            0,
            0,
            0,
            0,
            0,
            0,
            0,
            0
        ],
        [
            970,
            0,
            18,
            0,
            0,
            0,
            0,
            0,
            0,
            0,
            0,
            0,
            0
        ],
        [
            36,
            9,
            298,
            417,
            0,
            0,
            1,
            0,
            0,
            0,
            0,
            0,
            0
        ],
        [
            463,
            0,
            11,
            0,
            0,
            0,
            0,
            0,
            0,
            0,
            0,
            0,
            0
        ],
        [
            15,
            0,
            2,
            0,
            0,
            277,
            0,
            0,
            15,
            0,
            0,
            0,
            0
        ],
        [
            61,
            0,
            0,
            0,
            0,
            4,
            249,
            0,
            0,
            0,
            0,
            0,
            0
        ],
        [
            274,
            0,
            1,
            0,
            0,
            0,
            0,
            0,
            0,
            0,
            0,
            0,
            0
        ],
        [
            0,
            1,
            0,
            0,
            0,
            0,
            0,
            0,
            229,
            0,
            0,
            0,
            0
        ],
        [
            36,
            0,
            23,
            0,
            0,
            0,
            16,
            0,
            0,
            0,
            0,
            0,
            0
        ],
        [
            19,
            0,
            0,
            0,
            0,
            0,
            0,
            0,
            0,
            0,
            0,
            0,
            0
        ],
        [
            3,
            0,
            0,
            0,
            0,
            0,
            0,
            0,
            0,
            0,
            0,
            0,
            0
        ],
        [
            1,
            0,
            0,
            0,
            0,
            0,
            0,
            0,
            0,
            0,
            0,
            0,
            0
        ]
    ],
    "feature_importance": {
        "Down/Up Ratio": 0.008524001794526413,
        "Dst Port": 0.5024674742036781,
        "FIN Flag Cnt": 0.00044863167339492983,
        "Flow Pkts/s": 0.10542844324809217,
        "Fwd Pkt Len Max": 0.5509196949304617,
        "Init Bwd Win Byts": 0.07581875280394786,
        "Init Fwd Win Byts": 1.0,
        "Protocol": 0.09152086137281187
    },
    "params": {
        "nb_filters": 32,
        "kernel_size": 3,
        "lstm_units_1": 128,
        "lstm_units_2": 256,
        "dropout": 0.1,
        "lr": 0.0008204643365323959,
        "batch_size": 4096
    },
    "metrics_binary": {
        "task": "Trial Experiment_labels_Protocol_1.0 - Binary Task",
        "accuracy": 0.9269999627740758,
        "f1": 0.7386378781820605,
        "mcc": 0.7251100703145784,
        "auc": 0.9402874205475025
    },
    "metrics_multiclass": {
        "task": "Trial Experiment_labels_Protocol_1.0 - Multiclass Task",
        "accuracy": 0.9115512042586458,
        "f1": 0.40954252755306914,
        "mcc": 0.6789431134189426,
        "auc": 0.917577978794985
    }
}