{
    "model": "experiments/cnn_lstm_trial_Experiment_outliers_FIN Flag Cnt_10.0.pt",
    "model_type": "CNN-LSTM",
    "label": "Experiment_outliers_FIN Flag Cnt_10.0",
    "mcc_bin": 0.7574224145330078,
    "mcc_mul": 0.729175797815536,
    "mean_mcc": 0.743299106174272,
    "val_loss": 0.6532469129722033,
    "cm_bin": [
        [
            22177,
            153
        ],
        [
            1582,
            3005
        ]
    ],
    "cm_mul": [
        [
            22232,
            0,
            0,
            4,
            18,
            61,
            11,
            0,
            1,
            3,
            0,
            0,
            0
        ],
        [
            1,
            1069,
            0,
            0,
            0,
            75,
            0,
            0,
            0,
            15,
            0,
            0,
            0
        ],
        [
            949,
            0,
            0,
            0,
            0,
            0,
            0,
            0,
            0,
            0,
            0,
            0,
            0
        ],
        [
            36,
            0,
            0,
            784,
            1,
            0,
            0,
            0,
            0,
            0,
            0,
            0,
            0
        ],
        [
            369,
            0,
            0,
            5,
            38,
            0,
            0,
            0,
            0,
            2,
            0,
            0,
            0
        ],
        [
            0,
            0,
            0,
            0,
            0,
            266,
            0,
            0,
            53,
            0,
            0,
            0,
            0
        ],
        [
            36,
            0,
            0,
            0,
            0,
            55,
            227,
            0,
            0,
            12,
            0,
            0,
            0
        ],
        [
            263,
            0,
            0,
            0,
            0,
            1,
            0,
            0,
            0,
            0,
            0,
            0,
            0
        ],
        [
            0,
            0,
            0,
            0,
            0,
            1,
            0,
            0,
            234,
            0,
            0,
            0,
            0
        ],
        [
            20,
            0,
            0,
            1,
            17,
            1,
            0,
            0,
            0,
            29,
            0,
            0,
            0
        ],
        [
            23,
            0,
            0,
            0,
            0,
            0,
            0,
            0,
            0,
            0,
            0,
            0,
            0
        ],
        [
            3,
            0,
            0,
            0,
            0,
            0,
            0,
            0,
            0,
            0,
            0,
            0,
            0
        ],
        [
            1,
            0,
            0,
            0,
            0,
            0,
            0,
            0,
            0,
            0,
            0,
            0,
            0
        ]
    ],
    "feature_importance": {
        "Down/Up Ratio": 0.01996527777777789,
        "Dst Port": 0.5633680555555558,
        "FIN Flag Cnt": 0.0,
        "Flow Pkts/s": 0.09809027777777743,
        "Fwd Pkt Len Max": 0.43663194444444425,
        "Init Bwd Win Byts": 0.18142361111111044,
        "Init Fwd Win Byts": 1.0,
        "Protocol": 0.15017361111111088
    },
    "params": {
        "nb_filters": 32,
        "kernel_size": 3,
        "lstm_units_1": 128,
        "lstm_units_2": 256,
        "dropout": 0.1,
        "lr": 0.0008204643365323959,
        "batch_size": 4096
    },
    "metrics_binary": {
        "task": "Trial Experiment_outliers_FIN Flag Cnt_10.0 - Binary Task",
        "accuracy": 0.9355425938997659,
        "f1": 0.775984506132989,
        "mcc": 0.7574224145330078,
        "auc": 0.958611107287276
    },
    "metrics_multiclass": {
        "task": "Trial Experiment_outliers_FIN Flag Cnt_10.0 - Multiclass Task",
        "accuracy": 0.9242857673589182,
        "f1": 0.4518150901151925,
        "mcc": 0.729175797815536,
        "auc": NaN
    }
}