{
    "model": "experiments/cnn_lstm_trial_Experiment_outliers_Down_Up Ratio_30.0.pt",
    "model_type": "CNN-LSTM",
    "label": "Experiment_outliers_Down_Up Ratio_30.0",
    "mcc_bin": 0.7582818325976329,
    "mcc_mul": 0.7544284468566665,
    "mean_mcc": 0.7563551397271497,
    "val_loss": 0.5432305152394942,
    "cm_bin": [
        [
            21981,
            262
        ],
        [
            1477,
            3143
        ]
    ],
    "cm_mul": [
        [
            22026,
            0,
            0,
            0,
            82,
            71,
            30,
            30,
            3,
            1,
            0,
            0,
            0
        ],
        [
            1,
            1170,
            0,
            0,
            0,
            0,
            0,
            0,
            0,
            0,
            0,
            0,
            0
        ],
        [
            988,
            0,
            0,
            0,
            0,
            0,
            0,
            0,
            0,
            0,
            0,
            0,
            0
        ],
        [
            46,
            0,
            0,
            710,
            0,
            0,
            0,
            0,
            0,
            5,
            0,
            0,
            0
        ],
        [
            202,
            0,
            0,
            0,
            272,
            0,
            0,
            0,
            0,
            0,
            0,
            0,
            0
        ],
        [
            3,
            0,
            0,
            0,
            0,
            223,
            0,
            0,
            83,
            0,
            0,
            0,
            0
        ],
        [
            1,
            0,
            0,
            0,
            1,
            1,
            311,
            0,
            0,
            0,
            0,
            0,
            0
        ],
        [
            254,
            0,
            0,
            0,
            0,
            0,
            0,
            21,
            0,
            0,
            0,
            0,
            0
        ],
        [
            0,
            0,
            0,
            0,
            0,
            0,
            0,
            0,
            230,
            0,
            0,
            0,
            0
        ],
        [
            22,
            0,
            0,
            0,
            20,
            0,
            20,
            0,
            0,
            13,
            0,
            0,
            0
        ],
        [
            19,
            0,
            0,
            0,
            0,
            0,
            0,
            0,
            0,
            0,
            0,
            0,
            0
        ],
        [
            3,
            0,
            0,
            0,
            0,
            0,
            0,
            0,
            0,
            0,
            0,
            0,
            0
        ],
        [
            1,
            0,
            0,
            0,
            0,
            0,
            0,
            0,
            0,
            0,
            0,
            0,
            0
        ]
    ],
    "feature_importance": {
        "Down/Up Ratio": 0.0,
        "Dst Port": 0.5137362637362635,
        "FIN Flag Cnt": 0.0,
        "Flow Pkts/s": 0.14913657770800703,
        "Fwd Pkt Len Max": 0.3916797488226067,
        "Init Bwd Win Byts": 0.12755102040816382,
        "Init Fwd Win Byts": 1.0,
        "Protocol": 0.15188383045525938
    },
    "params": {
        "nb_filters": 32,
        "kernel_size": 3,
        "lstm_units_1": 128,
        "lstm_units_2": 256,
        "dropout": 0.1,
        "lr": 0.0008204643365323959,
        "batch_size": 4096
    },
    "metrics_binary": {
        "task": "Trial Experiment_outliers_Down_Up Ratio_30.0 - Binary Task",
        "accuracy": 0.9352641179317277,
        "f1": 0.7833021806853583,
        "mcc": 0.7582818325976329,
        "auc": 0.963252362288014
    },
    "metrics_multiclass": {
        "task": "Trial Experiment_outliers_Down_Up Ratio_30.0 - Multiclass Task",
        "accuracy": 0.9297546811599599,
        "f1": 0.49808572922474076,
        "mcc": 0.7544284468566665,
        "auc": NaN
    }
}