{
    "model": "experiments/cnn_lstm_trial_Experiment_duplicated_Timestamp_10.0.pt",
    "model_type": "CNN-LSTM",
    "label": "Experiment_duplicated_Timestamp_10.0",
    "mcc_bin": 0.7193320566639269,
    "mcc_mul": 0.6039346910569797,
    "mean_mcc": 0.6616333738604533,
    "val_loss": 0.7732550661478724,
    "cm_bin": [
        [
            22123,
            208
        ],
        [
            1774,
            2812
        ]
    ],
    "cm_mul": [
        [
            22224,
            33,
            18,
            0,
            0,
            56,
            0,
            0,
            0,
            0,
            0,
            0,
            0
        ],
        [
            1,
            1158,
            0,
            0,
            0,
            0,
            0,
            0,
            0,
            0,
            0,
            0,
            0
        ],
        [
            911,
            0,
            30,
            0,
            0,
            0,
            0,
            0,
            0,
            0,
            0,
            0,
            0
        ],
        [
            75,
            100,
            20,
            587,
            0,
            0,
            0,
            0,
            0,
            0,
            0,
            0,
            0
        ],
        [
            463,
            0,
            3,
            0,
            0,
            0,
            0,
            0,
            0,
            0,
            0,
            0,
            0
        ],
        [
            95,
            139,
            1,
            0,
            0,
            81,
            0,
            0,
            0,
            0,
            0,
            0,
            0
        ],
        [
            170,
            59,
            5,
            0,
            0,
            92,
            0,
            0,
            0,
            0,
            0,
            0,
            0
        ],
        [
            270,
            0,
            0,
            0,
            0,
            0,
            0,
            0,
            0,
            0,
            0,
            0,
            0
        ],
        [
            0,
            235,
            0,
            0,
            0,
            0,
            0,
            0,
            0,
            0,
            0,
            0,
            0
        ],
        [
            49,
            0,
            18,
            0,
            0,
            0,
            0,
            0,
            0,
            0,
            0,
            0,
            0
        ],
        [
            19,
            0,
            0,
            0,
            0,
            0,
            0,
            0,
            0,
            0,
            0,
            0,
            0
        ],
        [
            1,
            0,
            2,
            0,
            0,
            0,
            0,
            0,
            0,
            0,
            0,
            0,
            0
        ],
        [
            2,
            0,
            0,
            0,
            0,
            0,
            0,
            0,
            0,
            0,
            0,
            0,
            0
        ]
    ],
    "feature_importance": {
        "Down/Up Ratio": 0.14322250639386208,
        "Dst Port": 0.5386189258312032,
        "FIN Flag Cnt": 0.0010230179028138356,
        "Flow Pkts/s": 0.11969309462915609,
        "Fwd Pkt Len Max": 0.5544757033248084,
        "Init Bwd Win Byts": 0.08439897698209711,
        "Init Fwd Win Byts": 1.0,
        "Protocol": 0.07109974424552488
    },
    "params": {
        "nb_filters": 32,
        "kernel_size": 3,
        "lstm_units_1": 128,
        "lstm_units_2": 256,
        "dropout": 0.1,
        "lr": 0.0008204643365323959,
        "batch_size": 4096
    },
    "metrics_binary": {
        "task": "Trial Experiment_duplicated_Timestamp_10.0 - Binary Task",
        "accuracy": 0.926366236950626,
        "f1": 0.7394162503286879,
        "mcc": 0.7193320566639269,
        "auc": 0.93658278335919
    },
    "metrics_multiclass": {
        "task": "Trial Experiment_duplicated_Timestamp_10.0 - Multiclass Task",
        "accuracy": 0.8946019244343724,
        "f1": 0.22842584210468425,
        "mcc": 0.6039346910569797,
        "auc": 0.8569312747044818
    }
}