{
    "model": "experiments/cnn_lstm_trial_Experiment_labels_FIN Flag Cnt_1.0.pt",
    "model_type": "CNN-LSTM",
    "label": "Experiment_labels_FIN Flag Cnt_1.0",
    "mcc_bin": 0.730591218431806,
    "mcc_mul": 0.6939106959825262,
    "mean_mcc": 0.712250957207166,
    "val_loss": 0.7747017421892711,
    "cm_bin": [
        [
            22076,
            167
        ],
        [
            1755,
            2865
        ]
    ],
    "cm_mul": [
        [
            22134,
            3,
            6,
            0,
            0,
            71,
            27,
            0,
            2,
            0,
            0,
            0,
            0
        ],
        [
            1,
            1170,
            0,
            0,
            0,
            0,
            0,
            0,
            0,
            0,
            0,
            0,
            0
        ],
        [
            988,
            0,
            0,
            0,
            0,
            0,
            0,
            0,
            0,
            0,
            0,
            0,
            0
        ],
        [
            15,
            158,
            1,
            577,
            0,
            0,
            10,
            0,
            0,
            0,
            0,
            0,
            0
        ],
        [
            458,
            0,
            16,
            0,
            0,
            0,
            0,
            0,
            0,
            0,
            0,
            0,
            0
        ],
        [
            18,
            0,
            0,
            0,
            0,
            290,
            0,
            0,
            1,
            0,
            0,
            0,
            0
        ],
        [
            18,
            62,
            0,
            0,
            0,
            59,
            175,
            0,
            0,
            0,
            0,
            0,
            0
        ],
        [
            268,
            0,
            0,
            0,
            0,
            7,
            0,
            0,
            0,
            0,
            0,
            0,
            0
        ],
        [
            0,
            1,
            0,
            0,
            0,
            0,
            0,
            0,
            229,
            0,
            0,
            0,
            0
        ],
        [
            24,
            23,
            11,
            0,
            0,
            2,
            15,
            0,
            0,
            0,
            0,
            0,
            0
        ],
        [
            19,
            0,
            0,
            0,
            0,
            0,
            0,
            0,
            0,
            0,
            0,
            0,
            0
        ],
        [
            3,
            0,
            0,
            0,
            0,
            0,
            0,
            0,
            0,
            0,
            0,
            0,
            0
        ],
        [
            1,
            0,
            0,
            0,
            0,
            0,
            0,
            0,
            0,
            0,
            0,
            0,
            0
        ]
    ],
    "feature_importance": {
        "Down/Up Ratio": 0.06340183646698815,
        "Dst Port": 0.3458679492785313,
        "FIN Flag Cnt": 0.0,
        "Flow Pkts/s": 0.1823349365981638,
        "Fwd Pkt Len Max": 0.469173589855706,
        "Init Bwd Win Byts": 0.09881941407958056,
        "Init Fwd Win Byts": 1.0,
        "Protocol": 0.034105815478793614
    },
    "params": {
        "nb_filters": 32,
        "kernel_size": 3,
        "lstm_units_1": 128,
        "lstm_units_2": 256,
        "dropout": 0.1,
        "lr": 0.0008204643365323959,
        "batch_size": 4096
    },
    "metrics_binary": {
        "task": "Trial Experiment_labels_FIN Flag Cnt_1.0 - Binary Task",
        "accuracy": 0.928451773815285,
        "f1": 0.7488238369053842,
        "mcc": 0.730591218431806,
        "auc": 0.9434795625181366
    },
    "metrics_multiclass": {
        "task": "Trial Experiment_labels_FIN Flag Cnt_1.0 - Multiclass Task",
        "accuracy": 0.9148270855823996,
        "f1": 0.3960956635868586,
        "mcc": 0.6939106959825262,
        "auc": 0.9086712701855462
    }
}