{
    "model": "experiments/cnn_lstm_trial_Experiment_missing_Timestamp_10.0.pt",
    "model_type": "CNN-LSTM",
    "label": "Experiment_missing_Timestamp_10.0",
    "mcc_bin": 0.7788689469840657,
    "mcc_mul": 0.7712642423138825,
    "mean_mcc": 0.7750665946489741,
    "val_loss": 0.48738742087568554,
    "cm_bin": [
        [
            22238,
            167
        ],
        [
            1402,
            3110
        ]
    ],
    "cm_mul": [
        [
            22265,
            2,
            15,
            6,
            54,
            31,
            30,
            0,
            0,
            2,
            0,
            0,
            0
        ],
        [
            0,
            1115,
            2,
            1,
            0,
            7,
            0,
            0,
            0,
            1,
            0,
            0,
            0
        ],
        [
            834,
            0,
            94,
            13,
            1,
            9,
            0,
            0,
            0,
            0,
            0,
            0,
            0
        ],
        [
            13,
            0,
            19,
            746,
            4,
            10,
            0,
            0,
            1,
            0,
            0,
            0,
            0
        ],
        [
            256,
            0,
            3,
            0,
            181,
            0,
            0,
            0,
            0,
            0,
            0,
            0,
            0
        ],
        [
            3,
            0,
            0,
            0,
            0,
            289,
            0,
            0,
            1,
            1,
            0,
            0,
            0
        ],
        [
            9,
            0,
            1,
            0,
            9,
            5,
            279,
            0,
            0,
            5,
            0,
            0,
            0
        ],
        [
            262,
            1,
            0,
            0,
            0,
            1,
            0,
            0,
            0,
            0,
            0,
            0,
            0
        ],
        [
            1,
            1,
            1,
            4,
            0,
            9,
            0,
            0,
            216,
            0,
            0,
            0,
            0
        ],
        [
            33,
            0,
            9,
            0,
            19,
            0,
            0,
            0,
            0,
            8,
            0,
            0,
            0
        ],
        [
            30,
            0,
            0,
            0,
            0,
            0,
            0,
            0,
            0,
            0,
            0,
            0,
            0
        ],
        [
            3,
            0,
            0,
            0,
            0,
            0,
            0,
            0,
            0,
            0,
            0,
            0,
            0
        ],
        [
            2,
            0,
            0,
            0,
            0,
            0,
            0,
            0,
            0,
            0,
            0,
            0,
            0
        ]
    ],
    "feature_importance": {
        "Down/Up Ratio": 0.003691739732348046,
        "Dst Port": 0.61513613290263,
        "FIN Flag Cnt": 0.0,
        "Flow Pkts/s": 0.11582833410244579,
        "Fwd Pkt Len Max": 0.34840793724042374,
        "Init Bwd Win Byts": 0.18366405168435596,
        "Init Fwd Win Byts": 1.0,
        "Protocol": 0.24411628980156866
    },
    "params": {
        "nb_filters": 32,
        "kernel_size": 3,
        "lstm_units_1": 128,
        "lstm_units_2": 256,
        "dropout": 0.1,
        "lr": 0.0008204643365323959,
        "batch_size": 4096
    },
    "metrics_binary": {
        "task": "Trial Experiment_missing_Timestamp_10.0 - Binary Task",
        "accuracy": 0.9417097001894713,
        "f1": 0.79856207472076,
        "mcc": 0.7788689469840657,
        "auc": 0.9660787084079194
    },
    "metrics_multiclass": {
        "task": "Trial Experiment_missing_Timestamp_10.0 - Multiclass Task",
        "accuracy": 0.9359512575695657,
        "f1": 0.5022581302085309,
        "mcc": 0.7712642423138825,
        "auc": NaN
    }
}