{
    "model": "experiments/cnn_lstm_trial_Experiment_outliers_Protocol_30.0.pt",
    "model_type": "CNN-LSTM",
    "label": "Experiment_outliers_Protocol_30.0",
    "mcc_bin": 0.7781516449189572,
    "mcc_mul": 0.7772351671699789,
    "mean_mcc": 0.777693406044468,
    "val_loss": 0.535466383610453,
    "cm_bin": [
        [
            22120,
            123
        ],
        [
            1484,
            3136
        ]
    ],
    "cm_mul": [
        [
            22141,
            0,
            0,
            2,
            47,
            45,
            4,
            2,
            0,
            2,
            0,
            0,
            0
        ],
        [
            1,
            1169,
            0,
            1,
            0,
            0,
            0,
            0,
            0,
            0,
            0,
            0,
            0
        ],
        [
            985,
            0,
            0,
            0,
            3,
            0,
            0,
            0,
            0,
            0,
            0,
            0,
            0
        ],
        [
            43,
            0,
            0,
            704,
            1,
            0,
            0,
            0,
            0,
            13,
            0,
            0,
            0
        ],
        [
            200,
            0,
            0,
            0,
            274,
            0,
            0,
            0,
            0,
            0,
            0,
            0,
            0
        ],
        [
            1,
            0,
            0,
            0,
            0,
            304,
            0,
            0,
            4,
            0,
            0,
            0,
            0
        ],
        [
            10,
            0,
            0,
            0,
            20,
            0,
            284,
            0,
            0,
            0,
            0,
            0,
            0
        ],
        [
            274,
            0,
            0,
            0,
            0,
            0,
            0,
            1,
            0,
            0,
            0,
            0,
            0
        ],
        [
            0,
            0,
            0,
            0,
            0,
            0,
            0,
            0,
            230,
            0,
            0,
            0,
            0
        ],
        [
            23,
            0,
            0,
            0,
            18,
            0,
            0,
            0,
            0,
            34,
            0,
            0,
            0
        ],
        [
            19,
            0,
            0,
            0,
            0,
            0,
            0,
            0,
            0,
            0,
            0,
            0,
            0
        ],
        [
            2,
            0,
            0,
            1,
            0,
            0,
            0,
            0,
            0,
            0,
            0,
            0,
            0
        ],
        [
            1,
            0,
            0,
            0,
            0,
            0,
            0,
            0,
            0,
            0,
            0,
            0,
            0
        ]
    ],
    "feature_importance": {
        "Down/Up Ratio": 0.09195402298850557,
        "Dst Port": 0.532567049808429,
        "FIN Flag Cnt": 0.0006966213862767541,
        "Flow Pkts/s": 0.12295367467781282,
        "Fwd Pkt Len Max": 0.30581678857540884,
        "Init Bwd Win Byts": 0.09892023685127103,
        "Init Fwd Win Byts": 1.0,
        "Protocol": 0.005572971090211955
    },
    "params": {
        "nb_filters": 32,
        "kernel_size": 3,
        "lstm_units_1": 128,
        "lstm_units_2": 256,
        "dropout": 0.1,
        "lr": 0.0008204643365323959,
        "batch_size": 4096
    },
    "metrics_binary": {
        "task": "Trial Experiment_outliers_Protocol_30.0 - Binary Task",
        "accuracy": 0.9401779399173584,
        "f1": 0.7960401066125142,
        "mcc": 0.7781516449189572,
        "auc": 0.9617066549269939
    },
    "metrics_multiclass": {
        "task": "Trial Experiment_outliers_Protocol_30.0 - Multiclass Task",
        "accuracy": 0.9358969586419983,
        "f1": 0.5377446613530736,
        "mcc": 0.7772351671699789,
        "auc": NaN
    }
}