{
    "model": "experiments/cnn_lstm_trial_Experiment_noise_Down_Up Ratio_10.0.pt",
    "model_type": "CNN-LSTM",
    "label": "Experiment_noise_Down_Up Ratio_10.0",
    "mcc_bin": 0.7243199723075373,
    "mcc_mul": 0.647536991932466,
    "mean_mcc": 0.6859284821200017,
    "val_loss": 0.7547316689576421,
    "cm_bin": [
        [
            22084,
            247
        ],
        [
            1703,
            2883
        ]
    ],
    "cm_mul": [
        [
            22189,
            14,
            24,
            0,
            0,
            57,
            11,
            0,
            36,
            0,
            0,
            0,
            0
        ],
        [
            1,
            1158,
            0,
            0,
            0,
            0,
            0,
            0,
            0,
            0,
            0,
            0,
            0
        ],
        [
            929,
            0,
            12,
            0,
            0,
            0,
            0,
            0,
            0,
            0,
            0,
            0,
            0
        ],
        [
            38,
            24,
            90,
            627,
            0,
            0,
            3,
            0,
            0,
            0,
            0,
            0,
            0
        ],
        [
            454,
            0,
            12,
            0,
            0,
            0,
            0,
            0,
            0,
            0,
            0,
            0,
            0
        ],
        [
            14,
            2,
            1,
            0,
            0,
            86,
            0,
            0,
            213,
            0,
            0,
            0,
            0
        ],
        [
            60,
            49,
            0,
            0,
            0,
            188,
            29,
            0,
            0,
            0,
            0,
            0,
            0
        ],
        [
            259,
            3,
            2,
            0,
            0,
            2,
            0,
            0,
            4,
            0,
            0,
            0,
            0
        ],
        [
            0,
            0,
            0,
            0,
            0,
            0,
            0,
            0,
            235,
            0,
            0,
            0,
            0
        ],
        [
            38,
            24,
            3,
            0,
            0,
            0,
            2,
            0,
            0,
            0,
            0,
            0,
            0
        ],
        [
            19,
            0,
            0,
            0,
            0,
            0,
            0,
            0,
            0,
            0,
            0,
            0,
            0
        ],
        [
            3,
            0,
            0,
            0,
            0,
            0,
            0,
            0,
            0,
            0,
            0,
            0,
            0
        ],
        [
            2,
            0,
            0,
            0,
            0,
            0,
            0,
            0,
            0,
            0,
            0,
            0,
            0
        ]
    ],
    "feature_importance": {
        "Down/Up Ratio": 0.006703910614525315,
        "Dst Port": 0.596648044692738,
        "FIN Flag Cnt": 0.0,
        "Flow Pkts/s": 0.3016759776536308,
        "Fwd Pkt Len Max": 0.7955307262569828,
        "Init Bwd Win Byts": 0.04804469273743031,
        "Init Fwd Win Byts": 1.0,
        "Protocol": 0.1737430167597758
    },
    "params": {
        "nb_filters": 32,
        "kernel_size": 3,
        "lstm_units_1": 128,
        "lstm_units_2": 256,
        "dropout": 0.1,
        "lr": 0.0008204643365323959,
        "batch_size": 4096
    },
    "metrics_binary": {
        "task": "Trial Experiment_noise_Down_Up Ratio_10.0 - Binary Task",
        "accuracy": 0.9275550767173162,
        "f1": 0.7472783825816485,
        "mcc": 0.7243199723075373,
        "auc": 0.9442275471510263
    },
    "metrics_multiclass": {
        "task": "Trial Experiment_noise_Down_Up Ratio_10.0 - Multiclass Task",
        "accuracy": 0.9041126425678939,
        "f1": 0.29947486229782105,
        "mcc": 0.647536991932466,
        "auc": NaN
    }
}