{
    "model": "experiments/cnn_lstm_trial_Experiment_outliers_Down_Up Ratio_5.0.pt",
    "model_type": "CNN-LSTM",
    "label": "Experiment_outliers_Down_Up Ratio_5.0",
    "mcc_bin": 0.7586076669003435,
    "mcc_mul": 0.7645048613806623,
    "mean_mcc": 0.7615562641405029,
    "val_loss": 0.5603230808462415,
    "cm_bin": [
        [
            22197,
            133
        ],
        [
            1595,
            2992
        ]
    ],
    "cm_mul": [
        [
            22228,
            2,
            0,
            1,
            21,
            64,
            13,
            0,
            0,
            1,
            0,
            0,
            0
        ],
        [
            1,
            1152,
            0,
            7,
            0,
            0,
            0,
            0,
            0,
            0,
            0,
            0,
            0
        ],
        [
            949,
            0,
            0,
            0,
            0,
            0,
            0,
            0,
            0,
            0,
            0,
            0,
            0
        ],
        [
            22,
            0,
            0,
            796,
            3,
            0,
            0,
            0,
            0,
            0,
            0,
            0,
            0
        ],
        [
            370,
            0,
            0,
            0,
            43,
            1,
            0,
            0,
            0,
            0,
            0,
            0,
            0
        ],
        [
            0,
            0,
            0,
            0,
            0,
            319,
            0,
            0,
            0,
            0,
            0,
            0,
            0
        ],
        [
            5,
            0,
            0,
            0,
            1,
            5,
            319,
            0,
            0,
            0,
            0,
            0,
            0
        ],
        [
            249,
            0,
            0,
            0,
            0,
            15,
            0,
            0,
            0,
            0,
            0,
            0,
            0
        ],
        [
            0,
            0,
            0,
            0,
            0,
            0,
            0,
            0,
            235,
            0,
            0,
            0,
            0
        ],
        [
            28,
            1,
            0,
            0,
            6,
            1,
            5,
            0,
            0,
            27,
            0,
            0,
            0
        ],
        [
            23,
            0,
            0,
            0,
            0,
            0,
            0,
            0,
            0,
            0,
            0,
            0,
            0
        ],
        [
            3,
            0,
            0,
            0,
            0,
            0,
            0,
            0,
            0,
            0,
            0,
            0,
            0
        ],
        [
            1,
            0,
            0,
            0,
            0,
            0,
            0,
            0,
            0,
            0,
            0,
            0,
            0
        ]
    ],
    "feature_importance": {
        "Down/Up Ratio": 0.003919860627177153,
        "Dst Port": 0.5936411149825787,
        "FIN Flag Cnt": 0.0,
        "Flow Pkts/s": 0.11236933797909444,
        "Fwd Pkt Len Max": 0.5574912891986058,
        "Init Bwd Win Byts": 0.14808362369337938,
        "Init Fwd Win Byts": 1.0,
        "Protocol": 0.10540069686411081
    },
    "params": {
        "nb_filters": 32,
        "kernel_size": 3,
        "lstm_units_1": 128,
        "lstm_units_2": 256,
        "dropout": 0.1,
        "lr": 0.0008204643365323959,
        "batch_size": 4096
    },
    "metrics_binary": {
        "task": "Trial Experiment_outliers_Down_Up Ratio_5.0 - Binary Task",
        "accuracy": 0.9358026525987294,
        "f1": 0.7759336099585062,
        "mcc": 0.7586076669003435,
        "auc": 0.9640778408499029
    },
    "metrics_multiclass": {
        "task": "Trial Experiment_outliers_Down_Up Ratio_5.0 - Multiclass Task",
        "accuracy": 0.9332020656090946,
        "f1": 0.501036236308714,
        "mcc": 0.7645048613806623,
        "auc": NaN
    }
}