{
    "model": "experiments/cnn_lstm_trial_Experiment_missing_Protocol_1.0.pt",
    "model_type": "CNN-LSTM",
    "label": "Experiment_missing_Protocol_1.0",
    "mcc_bin": 0.7566353768604335,
    "mcc_mul": 0.6788372523686397,
    "mean_mcc": 0.7177363146145366,
    "val_loss": 0.6269794045282262,
    "cm_bin": [
        [
            22259,
            127
        ],
        [
            1596,
            2935
        ]
    ],
    "cm_mul": [
        [
            22289,
            0,
            0,
            0,
            15,
            36,
            42,
            0,
            0,
            4,
            0,
            0,
            0
        ],
        [
            2,
            1151,
            0,
            0,
            0,
            0,
            0,
            0,
            0,
            0,
            0,
            0,
            0
        ],
        [
            937,
            0,
            0,
            0,
            0,
            0,
            0,
            0,
            0,
            0,
            0,
            0,
            0
        ],
        [
            36,
            202,
            0,
            197,
            335,
            0,
            0,
            0,
            0,
            0,
            0,
            0,
            0
        ],
        [
            391,
            1,
            0,
            1,
            58,
            0,
            0,
            0,
            0,
            0,
            0,
            0,
            0
        ],
        [
            1,
            1,
            0,
            0,
            0,
            301,
            0,
            0,
            0,
            0,
            0,
            0,
            0
        ],
        [
            3,
            1,
            0,
            0,
            0,
            0,
            311,
            0,
            0,
            0,
            0,
            0,
            0
        ],
        [
            276,
            0,
            0,
            0,
            0,
            1,
            0,
            0,
            0,
            0,
            0,
            0,
            0
        ],
        [
            0,
            0,
            0,
            0,
            0,
            0,
            0,
            0,
            235,
            0,
            0,
            0,
            0
        ],
        [
            30,
            5,
            0,
            0,
            10,
            0,
            1,
            0,
            0,
            21,
            0,
            0,
            0
        ],
        [
            18,
            0,
            0,
            0,
            0,
            0,
            0,
            0,
            0,
            0,
            0,
            0,
            0
        ],
        [
            3,
            0,
            0,
            0,
            0,
            0,
            0,
            0,
            0,
            0,
            0,
            0,
            0
        ],
        [
            2,
            0,
            0,
            0,
            0,
            0,
            0,
            0,
            0,
            0,
            0,
            0,
            0
        ]
    ],
    "feature_importance": {
        "Down/Up Ratio": 0.010690423162583802,
        "Dst Port": 0.6841870824053446,
        "FIN Flag Cnt": 0.00044543429844121356,
        "Flow Pkts/s": 0.05434298440979877,
        "Fwd Pkt Len Max": 0.5616926503340761,
        "Init Bwd Win Byts": 0.061469933184855524,
        "Init Fwd Win Byts": 1.0,
        "Protocol": 0.09220489977728195
    },
    "params": {
        "nb_filters": 32,
        "kernel_size": 3,
        "lstm_units_1": 128,
        "lstm_units_2": 256,
        "dropout": 0.1,
        "lr": 0.0008204643365323959,
        "batch_size": 4096
    },
    "metrics_binary": {
        "task": "Trial Experiment_missing_Protocol_1.0 - Binary Task",
        "accuracy": 0.9359884088122747,
        "f1": 0.7730804688528908,
        "mcc": 0.7566353768604335,
        "auc": 0.9569445094311732
    },
    "metrics_multiclass": {
        "task": "Trial Experiment_missing_Protocol_1.0 - Multiclass Task",
        "accuracy": 0.9125459746628525,
        "f1": 0.44176003016668275,
        "mcc": 0.6788372523686397,
        "auc": NaN
    }
}