{
    "model": "experiments/cnn_lstm_trial_Experiment_outliers_Down_Up Ratio_10.0.pt",
    "model_type": "CNN-LSTM",
    "label": "Experiment_outliers_Down_Up Ratio_10.0",
    "mcc_bin": 0.759134016155959,
    "mcc_mul": 0.7489565604347751,
    "mean_mcc": 0.754045288295367,
    "val_loss": 0.5691333327974591,
    "cm_bin": [
        [
            22095,
            148
        ],
        [
            1586,
            3034
        ]
    ],
    "cm_mul": [
        [
            22149,
            0,
            0,
            10,
            12,
            41,
            27,
            0,
            0,
            4,
            0,
            0,
            0
        ],
        [
            1,
            1168,
            0,
            2,
            0,
            0,
            0,
            0,
            0,
            0,
            0,
            0,
            0
        ],
        [
            988,
            0,
            0,
            0,
            0,
            0,
            0,
            0,
            0,
            0,
            0,
            0,
            0
        ],
        [
            27,
            0,
            0,
            718,
            16,
            0,
            0,
            0,
            0,
            0,
            0,
            0,
            0
        ],
        [
            406,
            0,
            0,
            22,
            46,
            0,
            0,
            0,
            0,
            0,
            0,
            0,
            0
        ],
        [
            1,
            0,
            0,
            0,
            0,
            306,
            0,
            0,
            2,
            0,
            0,
            0,
            0
        ],
        [
            1,
            0,
            0,
            0,
            1,
            0,
            309,
            0,
            0,
            3,
            0,
            0,
            0
        ],
        [
            273,
            0,
            0,
            0,
            0,
            2,
            0,
            0,
            0,
            0,
            0,
            0,
            0
        ],
        [
            0,
            0,
            0,
            0,
            0,
            0,
            0,
            0,
            230,
            0,
            0,
            0,
            0
        ],
        [
            22,
            0,
            0,
            5,
            18,
            0,
            10,
            0,
            0,
            20,
            0,
            0,
            0
        ],
        [
            19,
            0,
            0,
            0,
            0,
            0,
            0,
            0,
            0,
            0,
            0,
            0,
            0
        ],
        [
            3,
            0,
            0,
            0,
            0,
            0,
            0,
            0,
            0,
            0,
            0,
            0,
            0
        ],
        [
            1,
            0,
            0,
            0,
            0,
            0,
            0,
            0,
            0,
            0,
            0,
            0,
            0
        ]
    ],
    "feature_importance": {
        "Down/Up Ratio": 0.002531645569619705,
        "Dst Port": 0.4573839662447257,
        "FIN Flag Cnt": 0.0,
        "Flow Pkts/s": 0.09789029535864957,
        "Fwd Pkt Len Max": 0.5700421940928272,
        "Init Bwd Win Byts": 0.18396624472573841,
        "Init Fwd Win Byts": 1.0,
        "Protocol": 0.14050632911392447
    },
    "params": {
        "nb_filters": 32,
        "kernel_size": 3,
        "lstm_units_1": 128,
        "lstm_units_2": 256,
        "dropout": 0.1,
        "lr": 0.0008204643365323959,
        "batch_size": 4096
    },
    "metrics_binary": {
        "task": "Trial Experiment_outliers_Down_Up Ratio_10.0 - Binary Task",
        "accuracy": 0.9354502475523955,
        "f1": 0.7777492950525506,
        "mcc": 0.759134016155959,
        "auc": 0.9617798332585007
    },
    "metrics_multiclass": {
        "task": "Trial Experiment_outliers_Down_Up Ratio_10.0 - Multiclass Task",
        "accuracy": 0.9286379034359528,
        "f1": 0.48626477063832013,
        "mcc": 0.7489565604347751,
        "auc": NaN
    }
}