{
    "model": "experiments/cnn_lstm_trial_Experiment_noise_Down_Up Ratio_50.0.pt",
    "model_type": "CNN-LSTM",
    "label": "Experiment_noise_Down_Up Ratio_50.0",
    "mcc_bin": 0.7329781735111058,
    "mcc_mul": 0.5915838011179028,
    "mean_mcc": 0.6622809873145044,
    "val_loss": 0.8300866205245256,
    "cm_bin": [
        [
            22171,
            160
        ],
        [
            1735,
            2851
        ]
    ],
    "cm_mul": [
        [
            22270,
            11,
            12,
            0,
            0,
            36,
            2,
            0,
            0,
            0,
            0,
            0,
            0
        ],
        [
            1,
            1158,
            0,
            0,
            0,
            0,
            0,
            0,
            0,
            0,
            0,
            0,
            0
        ],
        [
            935,
            0,
            6,
            0,
            0,
            0,
            0,
            0,
            0,
            0,
            0,
            0,
            0
        ],
        [
            56,
            30,
            518,
            175,
            0,
            0,
            3,
            0,
            0,
            0,
            0,
            0,
            0
        ],
        [
            460,
            0,
            6,
            0,
            0,
            0,
            0,
            0,
            0,
            0,
            0,
            0,
            0
        ],
        [
            40,
            2,
            0,
            0,
            0,
            124,
            0,
            0,
            150,
            0,
            0,
            0,
            0
        ],
        [
            51,
            16,
            0,
            0,
            0,
            229,
            19,
            0,
            11,
            0,
            0,
            0,
            0
        ],
        [
            266,
            2,
            2,
            0,
            0,
            0,
            0,
            0,
            0,
            0,
            0,
            0,
            0
        ],
        [
            0,
            0,
            0,
            0,
            0,
            0,
            0,
            0,
            235,
            0,
            0,
            0,
            0
        ],
        [
            42,
            24,
            0,
            0,
            0,
            0,
            1,
            0,
            0,
            0,
            0,
            0,
            0
        ],
        [
            19,
            0,
            0,
            0,
            0,
            0,
            0,
            0,
            0,
            0,
            0,
            0,
            0
        ],
        [
            3,
            0,
            0,
            0,
            0,
            0,
            0,
            0,
            0,
            0,
            0,
            0,
            0
        ],
        [
            2,
            0,
            0,
            0,
            0,
            0,
            0,
            0,
            0,
            0,
            0,
            0,
            0
        ]
    ],
    "feature_importance": {
        "Down/Up Ratio": 0.0005252100840323192,
        "Dst Port": 0.6901260504201673,
        "FIN Flag Cnt": 0.003151260504201763,
        "Flow Pkts/s": 0.23686974789915827,
        "Fwd Pkt Len Max": 0.6197478991596639,
        "Init Bwd Win Byts": 0.0714285714285712,
        "Init Fwd Win Byts": 1.0,
        "Protocol": 0.20430672268907443
    },
    "params": {
        "nb_filters": 32,
        "kernel_size": 3,
        "lstm_units_1": 128,
        "lstm_units_2": 256,
        "dropout": 0.1,
        "lr": 0.0008204643365323959,
        "batch_size": 4096
    },
    "metrics_binary": {
        "task": "Trial Experiment_noise_Down_Up Ratio_50.0 - Binary Task",
        "accuracy": 0.9295983950663149,
        "f1": 0.750559431354482,
        "mcc": 0.7329781735111058,
        "auc": 0.9425587300751571
    },
    "metrics_multiclass": {
        "task": "Trial Experiment_noise_Down_Up Ratio_50.0 - Multiclass Task",
        "accuracy": 0.891146858862429,
        "f1": 0.26932555643052036,
        "mcc": 0.5915838011179028,
        "auc": NaN
    }
}