{
    "model": "experiments/cnn_lstm_trial_Experiment_noise_FIN Flag Cnt_10.0.pt",
    "model_type": "CNN-LSTM",
    "label": "Experiment_noise_FIN Flag Cnt_10.0",
    "mcc_bin": 0.7301289965702817,
    "mcc_mul": 0.6770227776772417,
    "mean_mcc": 0.7035758871237617,
    "val_loss": 0.8016269792403493,
    "cm_bin": [
        [
            22141,
            102
        ],
        [
            1827,
            2793
        ]
    ],
    "cm_mul": [
        [
            22202,
            6,
            17,
            12,
            0,
            5,
            1,
            0,
            0,
            0,
            0,
            0,
            0
        ],
        [
            1,
            1169,
            0,
            1,
            0,
            0,
            0,
            0,
            0,
            0,
            0,
            0,
            0
        ],
        [
            981,
            0,
            7,
            0,
            0,
            0,
            0,
            0,
            0,
            0,
            0,
            0,
            0
        ],
        [
            58,
            8,
            4,
            691,
            0,
            0,
            0,
            0,
            0,
            0,
            0,
            0,
            0
        ],
        [
            457,
            1,
            15,
            1,
            0,
            0,
            0,
            0,
            0,
            0,
            0,
            0,
            0
        ],
        [
            99,
            26,
            0,
            0,
            0,
            129,
            2,
            0,
            53,
            0,
            0,
            0,
            0
        ],
        [
            246,
            14,
            0,
            0,
            0,
            1,
            53,
            0,
            0,
            0,
            0,
            0,
            0
        ],
        [
            271,
            0,
            3,
            1,
            0,
            0,
            0,
            0,
            0,
            0,
            0,
            0,
            0
        ],
        [
            0,
            0,
            0,
            0,
            0,
            0,
            0,
            0,
            230,
            0,
            0,
            0,
            0
        ],
        [
            43,
            19,
            12,
            0,
            0,
            0,
            1,
            0,
            0,
            0,
            0,
            0,
            0
        ],
        [
            19,
            0,
            0,
            0,
            0,
            0,
            0,
            0,
            0,
            0,
            0,
            0,
            0
        ],
        [
            2,
            0,
            1,
            0,
            0,
            0,
            0,
            0,
            0,
            0,
            0,
            0,
            0
        ],
        [
            1,
            0,
            0,
            0,
            0,
            0,
            0,
            0,
            0,
            0,
            0,
            0,
            0
        ]
    ],
    "feature_importance": {
        "Down/Up Ratio": 0.033926585094549114,
        "Dst Port": 0.4087875417130136,
        "FIN Flag Cnt": 0.0,
        "Flow Pkts/s": 0.15239154616240252,
        "Fwd Pkt Len Max": 0.6062291434927698,
        "Init Bwd Win Byts": 0.0500556173526132,
        "Init Fwd Win Byts": 1.0,
        "Protocol": 0.09176863181312503
    },
    "params": {
        "nb_filters": 32,
        "kernel_size": 3,
        "lstm_units_1": 128,
        "lstm_units_2": 256,
        "dropout": 0.1,
        "lr": 0.0008204643365323959,
        "batch_size": 4096
    },
    "metrics_binary": {
        "task": "Trial Experiment_noise_FIN Flag Cnt_10.0 - Binary Task",
        "accuracy": 0.92819119234635,
        "f1": 0.743313373253493,
        "mcc": 0.7301289965702817,
        "auc": 0.9401240392181363
    },
    "metrics_multiclass": {
        "task": "Trial Experiment_noise_FIN Flag Cnt_10.0 - Multiclass Task",
        "accuracy": 0.9113278487138443,
        "f1": 0.3569103182137504,
        "mcc": 0.6770227776772417,
        "auc": 0.9078030310700229
    }
}