{
    "model": "experiments/cnn_lstm_trial_Experiment_missing_Protocol_5.0.pt",
    "model_type": "CNN-LSTM",
    "label": "Experiment_missing_Protocol_5.0",
    "mcc_bin": 0.7495153127231372,
    "mcc_mul": 0.705002655348792,
    "mean_mcc": 0.7272589840359647,
    "val_loss": 0.6358713358640671,
    "cm_bin": [
        [
            22220,
            166
        ],
        [
            1602,
            2929
        ]
    ],
    "cm_mul": [
        [
            22300,
            0,
            0,
            2,
            37,
            27,
            20,
            0,
            0,
            0,
            0,
            0,
            0
        ],
        [
            0,
            1153,
            0,
            0,
            0,
            0,
            0,
            0,
            0,
            0,
            0,
            0,
            0
        ],
        [
            937,
            0,
            0,
            0,
            0,
            0,
            0,
            0,
            0,
            0,
            0,
            0,
            0
        ],
        [
            134,
            178,
            0,
            445,
            13,
            0,
            0,
            0,
            0,
            0,
            0,
            0,
            0
        ],
        [
            326,
            0,
            0,
            2,
            123,
            0,
            0,
            0,
            0,
            0,
            0,
            0,
            0
        ],
        [
            115,
            0,
            0,
            0,
            0,
            181,
            0,
            0,
            7,
            0,
            0,
            0,
            0
        ],
        [
            5,
            0,
            0,
            0,
            0,
            2,
            308,
            0,
            0,
            0,
            0,
            0,
            0
        ],
        [
            272,
            0,
            0,
            0,
            0,
            5,
            0,
            0,
            0,
            0,
            0,
            0,
            0
        ],
        [
            0,
            0,
            0,
            0,
            0,
            0,
            0,
            0,
            235,
            0,
            0,
            0,
            0
        ],
        [
            23,
            2,
            0,
            0,
            39,
            0,
            0,
            0,
            0,
            3,
            0,
            0,
            0
        ],
        [
            18,
            0,
            0,
            0,
            0,
            0,
            0,
            0,
            0,
            0,
            0,
            0,
            0
        ],
        [
            3,
            0,
            0,
            0,
            0,
            0,
            0,
            0,
            0,
            0,
            0,
            0,
            0
        ],
        [
            2,
            0,
            0,
            0,
            0,
            0,
            0,
            0,
            0,
            0,
            0,
            0,
            0
        ]
    ],
    "feature_importance": {
        "Down/Up Ratio": 0.003441682600381929,
        "Dst Port": 0.5889101338432126,
        "FIN Flag Cnt": 0.0,
        "Flow Pkts/s": 0.08718929254302106,
        "Fwd Pkt Len Max": 0.33728489483747587,
        "Init Bwd Win Byts": 0.10745697896749559,
        "Init Fwd Win Byts": 1.0,
        "Protocol": 0.10439770554493298
    },
    "params": {
        "nb_filters": 32,
        "kernel_size": 3,
        "lstm_units_1": 128,
        "lstm_units_2": 256,
        "dropout": 0.1,
        "lr": 0.0008204643365323959,
        "batch_size": 4096
    },
    "metrics_binary": {
        "task": "Trial Experiment_missing_Protocol_5.0 - Binary Task",
        "accuracy": 0.9343166028903667,
        "f1": 0.7681615525832678,
        "mcc": 0.7495153127231372,
        "auc": 0.9559121570428503
    },
    "metrics_multiclass": {
        "task": "Trial Experiment_missing_Protocol_5.0 - Multiclass Task",
        "accuracy": 0.9194189545640302,
        "f1": 0.4396414601628931,
        "mcc": 0.705002655348792,
        "auc": NaN
    }
}