{
    "model": "experiments/cnn_lstm_trial_Experiment_missing_Down_Up Ratio_30.0.pt",
    "model_type": "CNN-LSTM",
    "label": "Experiment_missing_Down_Up Ratio_30.0",
    "mcc_bin": 0.7559406813009504,
    "mcc_mul": 0.7447675638113167,
    "mean_mcc": 0.7503541225561335,
    "val_loss": 0.6052526012063026,
    "cm_bin": [
        [
            22267,
            119
        ],
        [
            1609,
            2922
        ]
    ],
    "cm_mul": [
        [
            22316,
            0,
            0,
            0,
            28,
            33,
            7,
            0,
            0,
            2,
            0,
            0,
            0
        ],
        [
            2,
            1151,
            0,
            0,
            0,
            0,
            0,
            0,
            0,
            0,
            0,
            0,
            0
        ],
        [
            937,
            0,
            0,
            0,
            0,
            0,
            0,
            0,
            0,
            0,
            0,
            0,
            0
        ],
        [
            19,
            0,
            0,
            738,
            13,
            0,
            0,
            0,
            0,
            0,
            0,
            0,
            0
        ],
        [
            372,
            0,
            0,
            4,
            75,
            0,
            0,
            0,
            0,
            0,
            0,
            0,
            0
        ],
        [
            98,
            0,
            0,
            0,
            0,
            204,
            0,
            0,
            1,
            0,
            0,
            0,
            0
        ],
        [
            22,
            0,
            0,
            0,
            0,
            10,
            282,
            0,
            0,
            1,
            0,
            0,
            0
        ],
        [
            277,
            0,
            0,
            0,
            0,
            0,
            0,
            0,
            0,
            0,
            0,
            0,
            0
        ],
        [
            0,
            0,
            0,
            0,
            0,
            0,
            0,
            0,
            235,
            0,
            0,
            0,
            0
        ],
        [
            23,
            1,
            0,
            1,
            34,
            0,
            0,
            0,
            0,
            8,
            0,
            0,
            0
        ],
        [
            18,
            0,
            0,
            0,
            0,
            0,
            0,
            0,
            0,
            0,
            0,
            0,
            0
        ],
        [
            3,
            0,
            0,
            0,
            0,
            0,
            0,
            0,
            0,
            0,
            0,
            0,
            0
        ],
        [
            2,
            0,
            0,
            0,
            0,
            0,
            0,
            0,
            0,
            0,
            0,
            0,
            0
        ]
    ],
    "feature_importance": {
        "Down/Up Ratio": 0.003523884103366774,
        "Dst Port": 0.6276429130775256,
        "FIN Flag Cnt": 0.0007830853563042476,
        "Flow Pkts/s": 0.0387627251370392,
        "Fwd Pkt Len Max": 0.3343774471417382,
        "Init Bwd Win Byts": 0.08653093187157372,
        "Init Fwd Win Byts": 1.0,
        "Protocol": 0.09671104150352426
    },
    "params": {
        "nb_filters": 32,
        "kernel_size": 3,
        "lstm_units_1": 128,
        "lstm_units_2": 256,
        "dropout": 0.1,
        "lr": 0.0008204643365323959,
        "batch_size": 4096
    },
    "metrics_binary": {
        "task": "Trial Experiment_missing_Down_Up Ratio_30.0 - Binary Task",
        "accuracy": 0.9358026525987294,
        "f1": 0.7717908082408875,
        "mcc": 0.7559406813009504,
        "auc": 0.9594097871452786
    },
    "metrics_multiclass": {
        "task": "Trial Experiment_missing_Down_Up Ratio_30.0 - Multiclass Task",
        "accuracy": 0.9291154289110971,
        "f1": 0.466366933286158,
        "mcc": 0.7447675638113167,
        "auc": NaN
    }
}