{
    "model": "experiments/cnn_lstm_trial_Experiment_missing_Timestamp_5.0.pt",
    "model_type": "CNN-LSTM",
    "label": "Experiment_missing_Timestamp_5.0",
    "mcc_bin": 0.8070968817061301,
    "mcc_mul": 0.8084051087443216,
    "mean_mcc": 0.8077509952252259,
    "val_loss": 0.4179941016648497,
    "cm_bin": [
        [
            22255,
            103
        ],
        [
            1291,
            3268
        ]
    ],
    "cm_mul": [
        [
            22260,
            2,
            10,
            6,
            22,
            48,
            7,
            2,
            0,
            1,
            0,
            0,
            0
        ],
        [
            1,
            1168,
            0,
            2,
            0,
            0,
            0,
            0,
            1,
            0,
            0,
            0,
            0
        ],
        [
            885,
            0,
            45,
            18,
            0,
            0,
            0,
            0,
            0,
            0,
            0,
            0,
            0
        ],
        [
            27,
            0,
            22,
            713,
            0,
            3,
            3,
            0,
            0,
            0,
            0,
            0,
            0
        ],
        [
            72,
            0,
            2,
            0,
            389,
            0,
            0,
            0,
            0,
            0,
            0,
            0,
            0
        ],
        [
            3,
            0,
            2,
            0,
            0,
            319,
            3,
            0,
            0,
            0,
            0,
            0,
            0
        ],
        [
            8,
            0,
            0,
            0,
            10,
            2,
            284,
            0,
            0,
            0,
            0,
            0,
            0
        ],
        [
            249,
            0,
            0,
            0,
            0,
            1,
            0,
            2,
            0,
            0,
            0,
            0,
            0
        ],
        [
            0,
            1,
            0,
            3,
            3,
            1,
            3,
            0,
            224,
            0,
            0,
            0,
            0
        ],
        [
            27,
            0,
            5,
            0,
            2,
            0,
            1,
            0,
            0,
            32,
            0,
            0,
            0
        ],
        [
            16,
            0,
            0,
            0,
            0,
            0,
            0,
            0,
            0,
            0,
            0,
            0,
            0
        ],
        [
            4,
            0,
            0,
            0,
            0,
            0,
            0,
            0,
            0,
            0,
            0,
            0,
            0
        ],
        [
            3,
            0,
            0,
            0,
            0,
            0,
            0,
            0,
            0,
            0,
            0,
            0,
            0
        ]
    ],
    "feature_importance": {
        "Down/Up Ratio": 0.02935263369521608,
        "Dst Port": 0.6887816646562127,
        "FIN Flag Cnt": 0.0,
        "Flow Pkts/s": 0.09288299155609227,
        "Fwd Pkt Len Max": 0.5725774024929642,
        "Init Bwd Win Byts": 0.1676718938480098,
        "Init Fwd Win Byts": 1.0,
        "Protocol": 0.0956976276638529
    },
    "params": {
        "nb_filters": 32,
        "kernel_size": 3,
        "lstm_units_1": 128,
        "lstm_units_2": 256,
        "dropout": 0.1,
        "lr": 0.0008204643365323959,
        "batch_size": 4096
    },
    "metrics_binary": {
        "task": "Trial Experiment_missing_Timestamp_5.0 - Binary Task",
        "accuracy": 0.9482111676635584,
        "f1": 0.8242118537200505,
        "mcc": 0.8070968817061301,
        "auc": 0.9713007995811092
    },
    "metrics_multiclass": {
        "task": "Trial Experiment_missing_Timestamp_5.0 - Multiclass Task",
        "accuracy": 0.9449790095478694,
        "f1": 0.565517990803887,
        "mcc": 0.8084051087443216,
        "auc": NaN
    }
}