{
    "model": "experiments/cnn_lstm_trial_Experiment_missing_Down_Up Ratio_10.0.pt",
    "model_type": "CNN-LSTM",
    "label": "Experiment_missing_Down_Up Ratio_10.0",
    "mcc_bin": 0.7491345652726484,
    "mcc_mul": 0.73030022750637,
    "mean_mcc": 0.7397173963895092,
    "val_loss": 0.5992064438760281,
    "cm_bin": [
        [
            22135,
            108
        ],
        [
            1695,
            2925
        ]
    ],
    "cm_mul": [
        [
            22153,
            0,
            0,
            4,
            0,
            48,
            31,
            0,
            0,
            7,
            0,
            0,
            0
        ],
        [
            1,
            1170,
            0,
            0,
            0,
            0,
            0,
            0,
            0,
            0,
            0,
            0,
            0
        ],
        [
            988,
            0,
            0,
            0,
            0,
            0,
            0,
            0,
            0,
            0,
            0,
            0,
            0
        ],
        [
            36,
            0,
            0,
            718,
            2,
            0,
            0,
            0,
            0,
            5,
            0,
            0,
            0
        ],
        [
            464,
            0,
            0,
            7,
            3,
            0,
            0,
            0,
            0,
            0,
            0,
            0,
            0
        ],
        [
            1,
            0,
            0,
            0,
            0,
            214,
            0,
            0,
            94,
            0,
            0,
            0,
            0
        ],
        [
            6,
            0,
            0,
            0,
            0,
            4,
            304,
            0,
            0,
            0,
            0,
            0,
            0
        ],
        [
            270,
            0,
            0,
            0,
            0,
            5,
            0,
            0,
            0,
            0,
            0,
            0,
            0
        ],
        [
            0,
            0,
            0,
            0,
            0,
            0,
            0,
            0,
            230,
            0,
            0,
            0,
            0
        ],
        [
            33,
            3,
            0,
            9,
            2,
            0,
            0,
            0,
            0,
            28,
            0,
            0,
            0
        ],
        [
            19,
            0,
            0,
            0,
            0,
            0,
            0,
            0,
            0,
            0,
            0,
            0,
            0
        ],
        [
            3,
            0,
            0,
            0,
            0,
            0,
            0,
            0,
            0,
            0,
            0,
            0,
            0
        ],
        [
            1,
            0,
            0,
            0,
            0,
            0,
            0,
            0,
            0,
            0,
            0,
            0,
            0
        ]
    ],
    "feature_importance": {
        "Down/Up Ratio": 0.006569685593618459,
        "Dst Port": 0.5504458000938528,
        "FIN Flag Cnt": 0.001877053026748531,
        "Flow Pkts/s": 0.09948381041764415,
        "Fwd Pkt Len Max": 0.39981229469732515,
        "Init Bwd Win Byts": 0.2679493195682786,
        "Init Fwd Win Byts": 1.0,
        "Protocol": 0.18207414359455712
    },
    "params": {
        "nb_filters": 32,
        "kernel_size": 3,
        "lstm_units_1": 128,
        "lstm_units_2": 256,
        "dropout": 0.1,
        "lr": 0.0008204643365323959,
        "batch_size": 4096
    },
    "metrics_binary": {
        "task": "Trial Experiment_missing_Down_Up Ratio_10.0 - Binary Task",
        "accuracy": 0.9328816587871794,
        "f1": 0.764406115248922,
        "mcc": 0.7491345652726484,
        "auc": 0.9604217232212559
    },
    "metrics_multiclass": {
        "task": "Trial Experiment_missing_Down_Up Ratio_10.0 - Multiclass Task",
        "accuracy": 0.9239474369951234,
        "f1": 0.45533913058242337,
        "mcc": 0.73030022750637,
        "auc": NaN
    }
}