{
    "model": "experiments/cnn_lstm_trial_Experiment_missing_Protocol_10.0.pt",
    "model_type": "CNN-LSTM",
    "label": "Experiment_missing_Protocol_10.0",
    "mcc_bin": 0.766093898119914,
    "mcc_mul": 0.752212175925569,
    "mean_mcc": 0.7591530370227415,
    "val_loss": 0.6298766239945378,
    "cm_bin": [
        [
            22296,
            90
        ],
        [
            1573,
            2958
        ]
    ],
    "cm_mul": [
        [
            22305,
            0,
            0,
            0,
            43,
            12,
            21,
            0,
            0,
            5,
            0,
            0,
            0
        ],
        [
            2,
            1131,
            0,
            0,
            0,
            0,
            0,
            0,
            0,
            20,
            0,
            0,
            0
        ],
        [
            937,
            0,
            0,
            0,
            0,
            0,
            0,
            0,
            0,
            0,
            0,
            0,
            0
        ],
        [
            27,
            0,
            0,
            740,
            3,
            0,
            0,
            0,
            0,
            0,
            0,
            0,
            0
        ],
        [
            309,
            0,
            0,
            0,
            142,
            0,
            0,
            0,
            0,
            0,
            0,
            0,
            0
        ],
        [
            1,
            0,
            0,
            0,
            0,
            231,
            0,
            0,
            71,
            0,
            0,
            0,
            0
        ],
        [
            7,
            0,
            0,
            0,
            0,
            54,
            254,
            0,
            0,
            0,
            0,
            0,
            0
        ],
        [
            276,
            0,
            0,
            0,
            0,
            1,
            0,
            0,
            0,
            0,
            0,
            0,
            0
        ],
        [
            0,
            0,
            0,
            0,
            0,
            0,
            0,
            0,
            235,
            0,
            0,
            0,
            0
        ],
        [
            35,
            2,
            0,
            2,
            9,
            0,
            0,
            0,
            0,
            19,
            0,
            0,
            0
        ],
        [
            18,
            0,
            0,
            0,
            0,
            0,
            0,
            0,
            0,
            0,
            0,
            0,
            0
        ],
        [
            1,
            0,
            0,
            0,
            1,
            0,
            0,
            0,
            0,
            1,
            0,
            0,
            0
        ],
        [
            2,
            0,
            0,
            0,
            0,
            0,
            0,
            0,
            0,
            0,
            0,
            0,
            0
        ]
    ],
    "feature_importance": {
        "Down/Up Ratio": 0.0219256434699715,
        "Dst Port": 0.628217349857007,
        "FIN Flag Cnt": 0.0,
        "Flow Pkts/s": 0.18684461391801682,
        "Fwd Pkt Len Max": 0.30695900857959957,
        "Init Bwd Win Byts": 0.10057197330791232,
        "Init Fwd Win Byts": 1.0,
        "Protocol": 0.03908484270734087
    },
    "params": {
        "nb_filters": 32,
        "kernel_size": 3,
        "lstm_units_1": 128,
        "lstm_units_2": 256,
        "dropout": 0.1,
        "lr": 0.0008204643365323959,
        "batch_size": 4096
    },
    "metrics_binary": {
        "task": "Trial Experiment_missing_Protocol_10.0 - Binary Task",
        "accuracy": 0.9382174833748189,
        "f1": 0.7805779126533844,
        "mcc": 0.766093898119914,
        "auc": 0.9536900841504359
    },
    "metrics_multiclass": {
        "task": "Trial Experiment_missing_Protocol_10.0 - Multiclass Task",
        "accuracy": 0.9308986885611323,
        "f1": 0.4774685144679749,
        "mcc": 0.752212175925569,
        "auc": NaN
    }
}