{
    "model": "experiments/cnn_lstm_trial_Experiment_outliers_Timestamp_1.0.pt",
    "model_type": "CNN-LSTM",
    "label": "Experiment_outliers_Timestamp_1.0",
    "mcc_bin": 0.7403761934222735,
    "mcc_mul": 0.7427699621023879,
    "mean_mcc": 0.7415730777623306,
    "val_loss": 0.6202820959900107,
    "cm_bin": [
        [
            22146,
            185
        ],
        [
            1661,
            2925
        ]
    ],
    "cm_mul": [
        [
            22203,
            0,
            0,
            5,
            0,
            82,
            38,
            0,
            1,
            2,
            0,
            0,
            0
        ],
        [
            0,
            1159,
            0,
            0,
            0,
            0,
            0,
            0,
            0,
            0,
            0,
            0,
            0
        ],
        [
            941,
            0,
            0,
            0,
            0,
            0,
            0,
            0,
            0,
            0,
            0,
            0,
            0
        ],
        [
            35,
            0,
            0,
            734,
            0,
            0,
            6,
            0,
            0,
            7,
            0,
            0,
            0
        ],
        [
            458,
            0,
            0,
            6,
            1,
            0,
            0,
            0,
            0,
            1,
            0,
            0,
            0
        ],
        [
            0,
            0,
            0,
            0,
            0,
            316,
            0,
            0,
            0,
            0,
            0,
            0,
            0
        ],
        [
            3,
            0,
            0,
            0,
            0,
            4,
            319,
            0,
            0,
            0,
            0,
            0,
            0
        ],
        [
            269,
            0,
            0,
            0,
            0,
            1,
            0,
            0,
            0,
            0,
            0,
            0,
            0
        ],
        [
            0,
            0,
            0,
            0,
            0,
            0,
            0,
            0,
            235,
            0,
            0,
            0,
            0
        ],
        [
            32,
            2,
            0,
            2,
            0,
            0,
            27,
            0,
            0,
            4,
            0,
            0,
            0
        ],
        [
            19,
            0,
            0,
            0,
            0,
            0,
            0,
            0,
            0,
            0,
            0,
            0,
            0
        ],
        [
            3,
            0,
            0,
            0,
            0,
            0,
            0,
            0,
            0,
            0,
            0,
            0,
            0
        ],
        [
            2,
            0,
            0,
            0,
            0,
            0,
            0,
            0,
            0,
            0,
            0,
            0,
            0
        ]
    ],
    "feature_importance": {
        "Down/Up Ratio": 0.003198720511795765,
        "Dst Port": 0.32866853258696554,
        "FIN Flag Cnt": 0.00079968012794924,
        "Flow Pkts/s": 0.09236305477808941,
        "Fwd Pkt Len Max": 0.2550979608156737,
        "Init Bwd Win Byts": 0.14874050379848097,
        "Init Fwd Win Byts": 1.0,
        "Protocol": 0.05037984806077583
    },
    "params": {
        "nb_filters": 32,
        "kernel_size": 3,
        "lstm_units_1": 128,
        "lstm_units_2": 256,
        "dropout": 0.1,
        "lr": 0.0008204643365323959,
        "batch_size": 4096
    },
    "metrics_binary": {
        "task": "Trial Experiment_outliers_Timestamp_1.0 - Binary Task",
        "accuracy": 0.9314188059590593,
        "f1": 0.7601351351351351,
        "mcc": 0.7403761934222735,
        "auc": 0.9561972855259028
    },
    "metrics_multiclass": {
        "task": "Trial Experiment_outliers_Timestamp_1.0 - Multiclass Task",
        "accuracy": 0.9277036816881524,
        "f1": 0.44533871693115085,
        "mcc": 0.7427699621023879,
        "auc": NaN
    }
}