{
    "model": "experiments/cnn_lstm_trial_Experiment_outliers_Timestamp_30.0.pt",
    "model_type": "CNN-LSTM",
    "label": "Experiment_outliers_Timestamp_30.0",
    "mcc_bin": 0.915134217531618,
    "mcc_mul": 0.9170970778378822,
    "mean_mcc": 0.9161156476847501,
    "val_loss": 0.19452371927244322,
    "cm_bin": [
        [
            21963,
            280
        ],
        [
            365,
            4255
        ]
    ],
    "cm_mul": [
        [
            21971,
            5,
            243,
            1,
            14,
            1,
            1,
            0,
            0,
            7,
            0,
            0,
            0
        ],
        [
            0,
            1171,
            0,
            0,
            0,
            0,
            0,
            0,
            0,
            0,
            0,
            0,
            0
        ],
        [
            40,
            0,
            948,
            0,
            0,
            0,
            0,
            0,
            0,
            0,
            0,
            0,
            0
        ],
        [
            2,
            1,
            13,
            725,
            1,
            0,
            0,
            0,
            0,
            19,
            0,
            0,
            0
        ],
        [
            28,
            0,
            0,
            0,
            446,
            0,
            0,
            0,
            0,
            0,
            0,
            0,
            0
        ],
        [
            1,
            0,
            0,
            0,
            0,
            308,
            0,
            0,
            0,
            0,
            0,
            0,
            0
        ],
        [
            2,
            0,
            0,
            0,
            0,
            0,
            312,
            0,
            0,
            0,
            0,
            0,
            0
        ],
        [
            275,
            0,
            0,
            0,
            0,
            0,
            0,
            0,
            0,
            0,
            0,
            0,
            0
        ],
        [
            0,
            0,
            0,
            0,
            0,
            1,
            0,
            0,
            229,
            0,
            0,
            0,
            0
        ],
        [
            5,
            1,
            0,
            0,
            1,
            0,
            0,
            0,
            0,
            68,
            0,
            0,
            0
        ],
        [
            14,
            0,
            2,
            0,
            2,
            0,
            0,
            0,
            0,
            1,
            0,
            0,
            0
        ],
        [
            3,
            0,
            0,
            0,
            0,
            0,
            0,
            0,
            0,
            0,
            0,
            0,
            0
        ],
        [
            1,
            0,
            0,
            0,
            0,
            0,
            0,
            0,
            0,
            0,
            0,
            0,
            0
        ]
    ],
    "feature_importance": {
        "Down/Up Ratio": 0.05797610681658518,
        "Dst Port": 0.6321152494729443,
        "FIN Flag Cnt": 0.0010541110330291074,
        "Flow Pkts/s": 0.14652143359100506,
        "Fwd Pkt Len Max": 0.7561489810260013,
        "Init Bwd Win Byts": 0.20730850316233346,
        "Init Fwd Win Byts": 0.7663387210119462,
        "Protocol": 1.0
    },
    "params": {
        "nb_filters": 32,
        "kernel_size": 3,
        "lstm_units_1": 128,
        "lstm_units_2": 256,
        "dropout": 0.1,
        "lr": 0.0008204643365323959,
        "batch_size": 4096
    },
    "metrics_binary": {
        "task": "Trial Experiment_outliers_Timestamp_30.0 - Binary Task",
        "accuracy": 0.9759892789338496,
        "f1": 0.9295466957946478,
        "mcc": 0.915134217531618,
        "auc": 0.9834958339926195
    },
    "metrics_multiclass": {
        "task": "Trial Experiment_outliers_Timestamp_30.0 - Multiclass Task",
        "accuracy": 0.9745002419685068,
        "f1": 0.6585415731180719,
        "mcc": 0.9170970778378822,
        "auc": NaN
    }
}