{
    "model": "experiments/cnn_lstm_trial_Experiment_outliers_Down_Up Ratio_1.0.pt",
    "model_type": "CNN-LSTM",
    "label": "Experiment_outliers_Down_Up Ratio_1.0",
    "mcc_bin": 0.7613596811571757,
    "mcc_mul": 0.7585637552594997,
    "mean_mcc": 0.7599617182083377,
    "val_loss": 0.5525485764124564,
    "cm_bin": [
        [
            22056,
            187
        ],
        [
            1531,
            3089
        ]
    ],
    "cm_mul": [
        [
            22081,
            0,
            0,
            0,
            52,
            63,
            40,
            0,
            1,
            6,
            0,
            0,
            0
        ],
        [
            1,
            1170,
            0,
            0,
            0,
            0,
            0,
            0,
            0,
            0,
            0,
            0,
            0
        ],
        [
            988,
            0,
            0,
            0,
            0,
            0,
            0,
            0,
            0,
            0,
            0,
            0,
            0
        ],
        [
            18,
            0,
            0,
            697,
            42,
            0,
            0,
            0,
            0,
            4,
            0,
            0,
            0
        ],
        [
            261,
            0,
            0,
            0,
            209,
            0,
            1,
            0,
            0,
            3,
            0,
            0,
            0
        ],
        [
            3,
            0,
            0,
            0,
            0,
            274,
            0,
            0,
            32,
            0,
            0,
            0,
            0
        ],
        [
            1,
            0,
            0,
            0,
            0,
            1,
            312,
            0,
            0,
            0,
            0,
            0,
            0
        ],
        [
            273,
            0,
            0,
            0,
            0,
            1,
            0,
            0,
            0,
            1,
            0,
            0,
            0
        ],
        [
            0,
            0,
            0,
            0,
            0,
            0,
            0,
            0,
            230,
            0,
            0,
            0,
            0
        ],
        [
            14,
            0,
            0,
            0,
            25,
            0,
            0,
            0,
            0,
            36,
            0,
            0,
            0
        ],
        [
            17,
            0,
            0,
            0,
            1,
            1,
            0,
            0,
            0,
            0,
            0,
            0,
            0
        ],
        [
            3,
            0,
            0,
            0,
            0,
            0,
            0,
            0,
            0,
            0,
            0,
            0,
            0
        ],
        [
            1,
            0,
            0,
            0,
            0,
            0,
            0,
            0,
            0,
            0,
            0,
            0,
            0
        ]
    ],
    "feature_importance": {
        "Down/Up Ratio": 0.009174311926605469,
        "Dst Port": 0.7046745303626044,
        "FIN Flag Cnt": 0.0008737439930102928,
        "Flow Pkts/s": 0.06553079947575371,
        "Fwd Pkt Len Max": 0.3066841415465268,
        "Init Bwd Win Byts": 0.3333333333333342,
        "Init Fwd Win Byts": 1.0,
        "Protocol": 0.1703800786369602
    },
    "params": {
        "nb_filters": 32,
        "kernel_size": 3,
        "lstm_units_1": 128,
        "lstm_units_2": 256,
        "dropout": 0.1,
        "lr": 0.0008204643365323959,
        "batch_size": 4096
    },
    "metrics_binary": {
        "task": "Trial Experiment_outliers_Down_Up Ratio_1.0 - Binary Task",
        "accuracy": 0.9360458623385326,
        "f1": 0.7824214792299898,
        "mcc": 0.7613596811571757,
        "auc": 0.9589571542815261
    },
    "metrics_multiclass": {
        "task": "Trial Experiment_outliers_Down_Up Ratio_1.0 - Multiclass Task",
        "accuracy": 0.9309831366563674,
        "f1": 0.517480564947817,
        "mcc": 0.7585637552594997,
        "auc": NaN
    }
}