{
    "model": "experiments/cnn_lstm_trial_Experiment_noise_FIN Flag Cnt_1.0.pt",
    "model_type": "CNN-LSTM",
    "label": "Experiment_noise_FIN Flag Cnt_1.0",
    "mcc_bin": 0.7008581850251551,
    "mcc_mul": 0.6416587418036859,
    "mean_mcc": 0.6712584634144205,
    "val_loss": 0.768534176583801,
    "cm_bin": [
        [
            21918,
            325
        ],
        [
            1790,
            2830
        ]
    ],
    "cm_mul": [
        [
            21974,
            0,
            61,
            0,
            0,
            206,
            0,
            0,
            2,
            0,
            0,
            0,
            0
        ],
        [
            0,
            1170,
            1,
            0,
            0,
            0,
            0,
            0,
            0,
            0,
            0,
            0,
            0
        ],
        [
            968,
            0,
            20,
            0,
            0,
            0,
            0,
            0,
            0,
            0,
            0,
            0,
            0
        ],
        [
            47,
            0,
            190,
            524,
            0,
            0,
            0,
            0,
            0,
            0,
            0,
            0,
            0
        ],
        [
            459,
            0,
            15,
            0,
            0,
            0,
            0,
            0,
            0,
            0,
            0,
            0,
            0
        ],
        [
            13,
            1,
            4,
            0,
            0,
            291,
            0,
            0,
            0,
            0,
            0,
            0,
            0
        ],
        [
            9,
            5,
            1,
            0,
            0,
            299,
            0,
            0,
            0,
            0,
            0,
            0,
            0
        ],
        [
            275,
            0,
            0,
            0,
            0,
            0,
            0,
            0,
            0,
            0,
            0,
            0,
            0
        ],
        [
            0,
            0,
            0,
            1,
            0,
            0,
            0,
            0,
            229,
            0,
            0,
            0,
            0
        ],
        [
            30,
            1,
            44,
            0,
            0,
            0,
            0,
            0,
            0,
            0,
            0,
            0,
            0
        ],
        [
            19,
            0,
            0,
            0,
            0,
            0,
            0,
            0,
            0,
            0,
            0,
            0,
            0
        ],
        [
            3,
            0,
            0,
            0,
            0,
            0,
            0,
            0,
            0,
            0,
            0,
            0,
            0
        ],
        [
            0,
            0,
            1,
            0,
            0,
            0,
            0,
            0,
            0,
            0,
            0,
            0,
            0
        ]
    ],
    "feature_importance": {
        "Down/Up Ratio": 0.0,
        "Dst Port": 0.5393660531697345,
        "FIN Flag Cnt": 0.0005112474437629246,
        "Flow Pkts/s": 0.0756646216768915,
        "Fwd Pkt Len Max": 0.4821063394683022,
        "Init Bwd Win Byts": 0.09100204498977466,
        "Init Fwd Win Byts": 1.0,
        "Protocol": 0.11605316973415186
    },
    "params": {
        "nb_filters": 32,
        "kernel_size": 3,
        "lstm_units_1": 128,
        "lstm_units_2": 256,
        "dropout": 0.1,
        "lr": 0.0008204643365323959,
        "batch_size": 4096
    },
    "metrics_binary": {
        "task": "Trial Experiment_noise_FIN Flag Cnt_1.0 - Binary Task",
        "accuracy": 0.9212671704575066,
        "f1": 0.7279742765273312,
        "mcc": 0.7008581850251551,
        "auc": 0.9384876958225877
    },
    "metrics_multiclass": {
        "task": "Trial Experiment_noise_FIN Flag Cnt_1.0 - Multiclass Task",
        "accuracy": 0.9011651714253807,
        "f1": 0.33203554086508746,
        "mcc": 0.6416587418036859,
        "auc": 0.9046858320877201
    }
}