{
    "model": "experiments/cnn_lstm_trial_Experiment_outliers_Timestamp_5.0.pt",
    "model_type": "CNN-LSTM",
    "label": "Experiment_outliers_Timestamp_5.0",
    "mcc_bin": 0.8596007733938498,
    "mcc_mul": 0.8499293221956007,
    "mean_mcc": 0.8547650477947253,
    "val_loss": 0.291263002370085,
    "cm_bin": [
        [
            22106,
            137
        ],
        [
            902,
            3718
        ]
    ],
    "cm_mul": [
        [
            22155,
            0,
            34,
            1,
            47,
            1,
            4,
            0,
            0,
            1,
            0,
            0,
            0
        ],
        [
            0,
            1171,
            0,
            0,
            0,
            0,
            0,
            0,
            0,
            0,
            0,
            0,
            0
        ],
        [
            667,
            0,
            275,
            1,
            45,
            0,
            0,
            0,
            0,
            0,
            0,
            0,
            0
        ],
        [
            2,
            0,
            0,
            750,
            9,
            0,
            0,
            0,
            0,
            0,
            0,
            0,
            0
        ],
        [
            28,
            0,
            0,
            0,
            446,
            0,
            0,
            0,
            0,
            0,
            0,
            0,
            0
        ],
        [
            16,
            0,
            0,
            0,
            0,
            293,
            0,
            0,
            0,
            0,
            0,
            0,
            0
        ],
        [
            8,
            0,
            0,
            0,
            0,
            0,
            306,
            0,
            0,
            0,
            0,
            0,
            0
        ],
        [
            271,
            0,
            0,
            0,
            4,
            0,
            0,
            0,
            0,
            0,
            0,
            0,
            0
        ],
        [
            0,
            0,
            0,
            0,
            0,
            0,
            0,
            0,
            230,
            0,
            0,
            0,
            0
        ],
        [
            17,
            1,
            0,
            2,
            4,
            0,
            6,
            0,
            0,
            45,
            0,
            0,
            0
        ],
        [
            16,
            0,
            0,
            0,
            3,
            0,
            0,
            0,
            0,
            0,
            0,
            0,
            0
        ],
        [
            3,
            0,
            0,
            0,
            0,
            0,
            0,
            0,
            0,
            0,
            0,
            0,
            0
        ],
        [
            1,
            0,
            0,
            0,
            0,
            0,
            0,
            0,
            0,
            0,
            0,
            0,
            0
        ]
    ],
    "feature_importance": {
        "Down/Up Ratio": 0.023847376788554003,
        "Dst Port": 0.7245627980922098,
        "FIN Flag Cnt": 0.002782193958665325,
        "Flow Pkts/s": 0.16573926868044528,
        "Fwd Pkt Len Max": 0.7317170111287754,
        "Init Bwd Win Byts": 0.23887122416534226,
        "Init Fwd Win Byts": 1.0,
        "Protocol": 0.15341812400635954
    },
    "params": {
        "nb_filters": 32,
        "kernel_size": 3,
        "lstm_units_1": 128,
        "lstm_units_2": 256,
        "dropout": 0.1,
        "lr": 0.0008204643365323959,
        "batch_size": 4096
    },
    "metrics_binary": {
        "task": "Trial Experiment_outliers_Timestamp_5.0 - Binary Task",
        "accuracy": 0.9613222648252243,
        "f1": 0.8774041297935103,
        "mcc": 0.8596007733938498,
        "auc": 0.973417241243074
    },
    "metrics_multiclass": {
        "task": "Trial Experiment_outliers_Timestamp_5.0 - Multiclass Task",
        "accuracy": 0.9556266984327886,
        "f1": 0.6108090582016552,
        "mcc": 0.8499293221956007,
        "auc": NaN
    }
}