{
    "model": "experiments/cnn_lstm_trial_Experiment_outliers_Timestamp_50.0.pt",
    "model_type": "CNN-LSTM",
    "label": "Experiment_outliers_Timestamp_50.0",
    "mcc_bin": 0.9430539269983621,
    "mcc_mul": 0.9410921992252702,
    "mean_mcc": 0.9420730631118162,
    "val_loss": 0.14644845841186388,
    "cm_bin": [
        [
            22234,
            97
        ],
        [
            331,
            4255
        ]
    ],
    "cm_mul": [
        [
            22236,
            1,
            76,
            0,
            6,
            2,
            3,
            0,
            0,
            6,
            1,
            0,
            0
        ],
        [
            0,
            1159,
            0,
            0,
            0,
            0,
            0,
            0,
            0,
            0,
            0,
            0,
            0
        ],
        [
            26,
            0,
            915,
            0,
            0,
            0,
            0,
            0,
            0,
            0,
            0,
            0,
            0
        ],
        [
            2,
            0,
            16,
            736,
            0,
            0,
            0,
            0,
            4,
            24,
            0,
            0,
            0
        ],
        [
            12,
            0,
            0,
            0,
            453,
            0,
            1,
            0,
            0,
            0,
            0,
            0,
            0
        ],
        [
            0,
            0,
            0,
            0,
            0,
            316,
            0,
            0,
            0,
            0,
            0,
            0,
            0
        ],
        [
            1,
            0,
            0,
            0,
            0,
            0,
            324,
            0,
            0,
            0,
            1,
            0,
            0
        ],
        [
            270,
            0,
            0,
            0,
            0,
            0,
            0,
            0,
            0,
            0,
            0,
            0,
            0
        ],
        [
            0,
            0,
            0,
            0,
            0,
            1,
            0,
            0,
            234,
            0,
            0,
            0,
            0
        ],
        [
            4,
            0,
            0,
            0,
            0,
            0,
            1,
            0,
            0,
            62,
            0,
            0,
            0
        ],
        [
            13,
            0,
            0,
            0,
            0,
            0,
            1,
            0,
            0,
            3,
            2,
            0,
            0
        ],
        [
            3,
            0,
            0,
            0,
            0,
            0,
            0,
            0,
            0,
            0,
            0,
            0,
            0
        ],
        [
            2,
            0,
            0,
            0,
            0,
            0,
            0,
            0,
            0,
            0,
            0,
            0,
            0
        ]
    ],
    "feature_importance": {
        "Down/Up Ratio": 0.08547925608011442,
        "Dst Port": 0.8444206008583698,
        "FIN Flag Cnt": 0.002503576537911547,
        "Flow Pkts/s": 0.2714592274678115,
        "Fwd Pkt Len Max": 1.0,
        "Init Bwd Win Byts": 0.25608011444921286,
        "Init Fwd Win Byts": 0.7821888412017168,
        "Protocol": 0.3805436337625177
    },
    "params": {
        "nb_filters": 32,
        "kernel_size": 3,
        "lstm_units_1": 128,
        "lstm_units_2": 256,
        "dropout": 0.1,
        "lr": 0.0008204643365323959,
        "batch_size": 4096
    },
    "metrics_binary": {
        "task": "Trial Experiment_outliers_Timestamp_50.0 - Binary Task",
        "accuracy": 0.9840992681205186,
        "f1": 0.9521145670172299,
        "mcc": 0.9430539269983621,
        "auc": 0.9918661920071334
    },
    "metrics_multiclass": {
        "task": "Trial Experiment_outliers_Timestamp_50.0 - Multiclass Task",
        "accuracy": 0.982167403499647,
        "f1": 0.6761902117284797,
        "mcc": 0.9410921992252702,
        "auc": NaN
    }
}