{
    "model": "experiments/cnn_lstm_trial_Experiment_labels_FIN Flag Cnt_70.0.pt",
    "model_type": "CNN-LSTM",
    "label": "Experiment_labels_FIN Flag Cnt_70.0",
    "mcc_bin": 0.7268939080814533,
    "mcc_mul": 0.6638938984015271,
    "mean_mcc": 0.6953939032414902,
    "val_loss": 0.7735146377235651,
    "cm_bin": [
        [
            22014,
            229
        ],
        [
            1716,
            2904
        ]
    ],
    "cm_mul": [
        [
            22034,
            0,
            21,
            0,
            0,
            158,
            29,
            0,
            1,
            0,
            0,
            0,
            0
        ],
        [
            1,
            1170,
            0,
            0,
            0,
            0,
            0,
            0,
            0,
            0,
            0,
            0,
            0
        ],
        [
            988,
            0,
            0,
            0,
            0,
            0,
            0,
            0,
            0,
            0,
            0,
            0,
            0
        ],
        [
            35,
            1,
            361,
            349,
            0,
            0,
            15,
            0,
            0,
            0,
            0,
            0,
            0
        ],
        [
            456,
            0,
            18,
            0,
            0,
            0,
            0,
            0,
            0,
            0,
            0,
            0,
            0
        ],
        [
            2,
            0,
            0,
            0,
            0,
            294,
            0,
            0,
            13,
            0,
            0,
            0,
            0
        ],
        [
            11,
            0,
            0,
            0,
            0,
            9,
            294,
            0,
            0,
            0,
            0,
            0,
            0
        ],
        [
            273,
            0,
            2,
            0,
            0,
            0,
            0,
            0,
            0,
            0,
            0,
            0,
            0
        ],
        [
            0,
            0,
            0,
            0,
            0,
            0,
            0,
            0,
            230,
            0,
            0,
            0,
            0
        ],
        [
            27,
            2,
            13,
            0,
            0,
            4,
            29,
            0,
            0,
            0,
            0,
            0,
            0
        ],
        [
            19,
            0,
            0,
            0,
            0,
            0,
            0,
            0,
            0,
            0,
            0,
            0,
            0
        ],
        [
            3,
            0,
            0,
            0,
            0,
            0,
            0,
            0,
            0,
            0,
            0,
            0,
            0
        ],
        [
            1,
            0,
            0,
            0,
            0,
            0,
            0,
            0,
            0,
            0,
            0,
            0,
            0
        ]
    ],
    "feature_importance": {
        "Down/Up Ratio": 0.0841666666666667,
        "Dst Port": 0.40500000000000064,
        "FIN Flag Cnt": 0.0,
        "Flow Pkts/s": 0.08249999999999956,
        "Fwd Pkt Len Max": 0.42125000000000024,
        "Init Bwd Win Byts": 0.06333333333333373,
        "Init Fwd Win Byts": 1.0,
        "Protocol": 0.12875000000000011
    },
    "params": {
        "nb_filters": 32,
        "kernel_size": 3,
        "lstm_units_1": 128,
        "lstm_units_2": 256,
        "dropout": 0.1,
        "lr": 0.0008204643365323959,
        "batch_size": 4096
    },
    "metrics_binary": {
        "task": "Trial Experiment_labels_FIN Flag Cnt_70.0 - Binary Task",
        "accuracy": 0.9275955775602129,
        "f1": 0.7491293692764092,
        "mcc": 0.7268939080814533,
        "auc": 0.9402510406017126
    },
    "metrics_multiclass": {
        "task": "Trial Experiment_labels_FIN Flag Cnt_70.0 - Multiclass Task",
        "accuracy": 0.907232997059152,
        "f1": 0.39821381590818394,
        "mcc": 0.6638938984015271,
        "auc": 0.9209507524971857
    }
}