{
    "model": "experiments/cnn_lstm_trial_Experiment_outliers_Protocol_50.0.pt",
    "model_type": "CNN-LSTM",
    "label": "Experiment_outliers_Protocol_50.0",
    "mcc_bin": 0.7606052559806361,
    "mcc_mul": 0.7588630201223502,
    "mean_mcc": 0.7597341380514931,
    "val_loss": 0.565642944404057,
    "cm_bin": [
        [
            22160,
            171
        ],
        [
            1542,
            3044
        ]
    ],
    "cm_mul": [
        [
            22228,
            1,
            0,
            0,
            26,
            22,
            49,
            0,
            0,
            5,
            0,
            0,
            0
        ],
        [
            1,
            1158,
            0,
            0,
            0,
            0,
            0,
            0,
            0,
            0,
            0,
            0,
            0
        ],
        [
            941,
            0,
            0,
            0,
            0,
            0,
            0,
            0,
            0,
            0,
            0,
            0,
            0
        ],
        [
            23,
            12,
            0,
            741,
            0,
            0,
            0,
            0,
            0,
            6,
            0,
            0,
            0
        ],
        [
            388,
            0,
            0,
            0,
            78,
            0,
            0,
            0,
            0,
            0,
            0,
            0,
            0
        ],
        [
            12,
            0,
            0,
            0,
            0,
            304,
            0,
            0,
            0,
            0,
            0,
            0,
            0
        ],
        [
            2,
            1,
            0,
            0,
            5,
            0,
            317,
            0,
            0,
            1,
            0,
            0,
            0
        ],
        [
            270,
            0,
            0,
            0,
            0,
            0,
            0,
            0,
            0,
            0,
            0,
            0,
            0
        ],
        [
            0,
            0,
            0,
            0,
            0,
            0,
            0,
            0,
            235,
            0,
            0,
            0,
            0
        ],
        [
            13,
            6,
            0,
            0,
            12,
            0,
            16,
            0,
            0,
            20,
            0,
            0,
            0
        ],
        [
            18,
            1,
            0,
            0,
            0,
            0,
            0,
            0,
            0,
            0,
            0,
            0,
            0
        ],
        [
            3,
            0,
            0,
            0,
            0,
            0,
            0,
            0,
            0,
            0,
            0,
            0,
            0
        ],
        [
            2,
            0,
            0,
            0,
            0,
            0,
            0,
            0,
            0,
            0,
            0,
            0,
            0
        ]
    ],
    "feature_importance": {
        "Down/Up Ratio": 0.036746343203710355,
        "Dst Port": 0.4923296468069922,
        "FIN Flag Cnt": 0.0,
        "Flow Pkts/s": 0.07813057438458833,
        "Fwd Pkt Len Max": 0.3410631466286127,
        "Init Bwd Win Byts": 0.05208704958972591,
        "Init Fwd Win Byts": 1.0,
        "Protocol": 0.006064930431681385
    },
    "params": {
        "nb_filters": 32,
        "kernel_size": 3,
        "lstm_units_1": 128,
        "lstm_units_2": 256,
        "dropout": 0.1,
        "lr": 0.0008204643365323959,
        "batch_size": 4096
    },
    "metrics_binary": {
        "task": "Trial Experiment_outliers_Protocol_50.0 - Binary Task",
        "accuracy": 0.9363599212393655,
        "f1": 0.7804127675938982,
        "mcc": 0.7606052559806361,
        "auc": 0.9532307236582814
    },
    "metrics_multiclass": {
        "task": "Trial Experiment_outliers_Protocol_50.0 - Multiclass Task",
        "accuracy": 0.93179031838615,
        "f1": 0.4951979974087246,
        "mcc": 0.7588630201223502,
        "auc": NaN
    }
}