{
    "model": "tabnet_trial_Experiment_noise_Protocol_50.0",
    "model_type": "TabNet",
    "label": "Experiment_noise_Protocol_50.0",
<<<<<<< HEAD:experiments/tabnet_trial_Experiment_noise_Protocol_50.0_artifacts.json
    "mcc_bin": 0.8595211852903648,
    "mcc_mul": 0.8399115639910738,
    "mean_mcc": 0.8497163746407193,
    "cm_bin": [
        [
            215309,
            7754
        ],
        [
            3394,
            42218
=======
    "mcc_bin": 0.933271670741083,
    "mcc_mul": 0.907173985045285,
    "mean_mcc": 0.920222827893184,
    "cm_bin": [
        [
            221752,
            1443
        ],
        [
            3583,
            42433
>>>>>>> a448b70f92ad6f09c001173f0f5fcb64bd2e2232:experiments3/tabnet_trial_Experiment_noise_Protocol_50.0_artifacts.json
        ]
    ],
    "cm_mul": [
        [
<<<<<<< HEAD:experiments/tabnet_trial_Experiment_noise_Protocol_50.0_artifacts.json
            216653,
            101,
            1704,
            4129,
            346,
            16,
            108,
            0,
            6,
            0,
            0,
            0,
=======
            222011,
            55,
            928,
            5,
            80,
            18,
            74,
            0,
            5,
            4,
            15,
>>>>>>> a448b70f92ad6f09c001173f0f5fcb64bd2e2232:experiments3/tabnet_trial_Experiment_noise_Protocol_50.0_artifacts.json
            0,
            0,
            0
        ],
        [
<<<<<<< HEAD:experiments/tabnet_trial_Experiment_noise_Protocol_50.0_artifacts.json
            9,
            11447,
=======
            10,
            11579,
>>>>>>> a448b70f92ad6f09c001173f0f5fcb64bd2e2232:experiments3/tabnet_trial_Experiment_noise_Protocol_50.0_artifacts.json
            0,
            0,
            0,
            0,
            0,
            0,
            1,
            0,
            0,
            0,
            0,
<<<<<<< HEAD:experiments/tabnet_trial_Experiment_noise_Protocol_50.0_artifacts.json
            0,
            0
        ],
        [
            9,
            0,
            9353,
            221,
=======
            0
        ],
        [
            252,
            0,
            9307,
>>>>>>> a448b70f92ad6f09c001173f0f5fcb64bd2e2232:experiments3/tabnet_trial_Experiment_noise_Protocol_50.0_artifacts.json
            0,
            0,
            0,
            0,
            0,
            0,
            0,
            0,
            0,
            0,
            0
        ],
        [
<<<<<<< HEAD:experiments/tabnet_trial_Experiment_noise_Protocol_50.0_artifacts.json
            1156,
            0,
            0,
            6462,
            0,
            0,
            24,
            0,
            0,
            2,
            0,
=======
            579,
            0,
            0,
            7133,
            0,
            0,
            0,
            0,
            0,
            52,
>>>>>>> a448b70f92ad6f09c001173f0f5fcb64bd2e2232:experiments3/tabnet_trial_Experiment_noise_Protocol_50.0_artifacts.json
            0,
            0,
            0,
            0
        ],
        [
<<<<<<< HEAD:experiments/tabnet_trial_Experiment_noise_Protocol_50.0_artifacts.json
            318,
            0,
            0,
            0,
            4428,
            0,
=======
            95,
            0,
            0,
            0,
            4679,
>>>>>>> a448b70f92ad6f09c001173f0f5fcb64bd2e2232:experiments3/tabnet_trial_Experiment_noise_Protocol_50.0_artifacts.json
            0,
            0,
            0,
            0,
            0,
            0,
            0,
            0,
            0
        ],
        [
            0,
            0,
            0,
            0,
            0,
<<<<<<< HEAD:experiments/tabnet_trial_Experiment_noise_Protocol_50.0_artifacts.json
            2538,
            0,
            0,
            620,
=======
            1410,
            0,
            0,
            1793,
            0,
            0,
            0,
            0,
            0
        ],
        [
            57,
            0,
            0,
            0,
            0,
            0,
            3116,
            0,
>>>>>>> a448b70f92ad6f09c001173f0f5fcb64bd2e2232:experiments3/tabnet_trial_Experiment_noise_Protocol_50.0_artifacts.json
            0,
            0,
            0,
            0,
            0,
            0
        ],
        [
<<<<<<< HEAD:experiments/tabnet_trial_Experiment_noise_Protocol_50.0_artifacts.json
            88,
            0,
            0,
            0,
            0,
            0,
            3052,
            0,
            1,
            0,
            0,
            0,
            0,
            0,
            0
        ],
        [
            2526,
            1,
            44,
            32,
            12,
            0,
=======
            2671,
            1,
            5,
            7,
            0,
            1,
>>>>>>> a448b70f92ad6f09c001173f0f5fcb64bd2e2232:experiments3/tabnet_trial_Experiment_noise_Protocol_50.0_artifacts.json
            7,
            0,
            0,
            0,
            0,
            0,
            0,
<<<<<<< HEAD:experiments/tabnet_trial_Experiment_noise_Protocol_50.0_artifacts.json
            0,
=======
>>>>>>> a448b70f92ad6f09c001173f0f5fcb64bd2e2232:experiments3/tabnet_trial_Experiment_noise_Protocol_50.0_artifacts.json
            0
        ],
        [
            0,
            0,
            0,
            0,
            0,
<<<<<<< HEAD:experiments/tabnet_trial_Experiment_noise_Protocol_50.0_artifacts.json
            1072,
            0,
            0,
            1241,
            0,
            0,
            0,
            0,
            0,
            0
        ],
        [
            143,
            0,
            0,
            234,
            0,
            0,
            269,
            0,
            0,
            49,
=======
            273,
            0,
            0,
            2080,
>>>>>>> a448b70f92ad6f09c001173f0f5fcb64bd2e2232:experiments3/tabnet_trial_Experiment_noise_Protocol_50.0_artifacts.json
            0,
            0,
            0,
            0,
            0
        ],
        [
<<<<<<< HEAD:experiments/tabnet_trial_Experiment_noise_Protocol_50.0_artifacts.json
            165,
            39,
            0,
            2,
            0,
            0,
            0,
            0,
            0,
            0,
            0,
            0,
=======
            15,
            0,
            0,
            338,
            0,
            0,
            68,
            0,
            0,
            258,
            4,
>>>>>>> a448b70f92ad6f09c001173f0f5fcb64bd2e2232:experiments3/tabnet_trial_Experiment_noise_Protocol_50.0_artifacts.json
            0,
            0,
            0
        ],
        [
<<<<<<< HEAD:experiments/tabnet_trial_Experiment_noise_Protocol_50.0_artifacts.json
            29,
            0,
            0,
=======
            91,
            0,
            0,
            3,
            0,
            0,
            4,
            0,
            0,
            6,
            84,
            0,
            0,
            0
        ],
        [
            27,
            0,
>>>>>>> a448b70f92ad6f09c001173f0f5fcb64bd2e2232:experiments3/tabnet_trial_Experiment_noise_Protocol_50.0_artifacts.json
            0,
            0,
            0,
            0,
            0,
            0,
            0,
            0,
            0,
            0,
            0,
            0
        ],
        [
<<<<<<< HEAD:experiments/tabnet_trial_Experiment_noise_Protocol_50.0_artifacts.json
            11,
            0,
            2,
=======
            7,
            0,
>>>>>>> a448b70f92ad6f09c001173f0f5fcb64bd2e2232:experiments3/tabnet_trial_Experiment_noise_Protocol_50.0_artifacts.json
            0,
            0,
            0,
            0,
            0,
            0,
            0,
