{
    "model": "experiments/cnn_lstm_trial_Experiment_labels_FIN Flag Cnt_75.0.pt",
    "model_type": "CNN-LSTM",
    "label": "Experiment_labels_FIN Flag Cnt_75.0",
    "mcc_bin": 0.7171538570805857,
    "mcc_mul": 0.6457622600630821,
    "mean_mcc": 0.681458058571834,
    "val_loss": 0.8073067919218114,
    "cm_bin": [
        [
            22125,
            206
        ],
        [
            1790,
            2796
        ]
    ],
    "cm_mul": [
        [
            22250,
            36,
            0,
            2,
            0,
            41,
            0,
            0,
            2,
            0,
            0,
            0,
            0
        ],
        [
            1,
            1158,
            0,
            0,
            0,
            0,
            0,
            0,
            0,
            0,
            0,
            0,
            0
        ],
        [
            941,
            0,
            0,
            0,
            0,
            0,
            0,
            0,
            0,
            0,
            0,
            0,
            0
        ],
        [
            73,
            96,
            0,
            613,
            0,
            0,
            0,
            0,
            0,
            0,
            0,
            0,
            0
        ],
        [
            465,
            1,
            0,
            0,
            0,
            0,
            0,
            0,
            0,
            0,
            0,
            0,
            0
        ],
        [
            111,
            102,
            0,
            0,
            0,
            91,
            0,
            0,
            12,
            0,
            0,
            0,
            0
        ],
        [
            156,
            168,
            0,
            0,
            0,
            1,
            1,
            0,
            0,
            0,
            0,
            0,
            0
        ],
        [
            258,
            0,
            0,
            0,
            0,
            10,
            0,
            0,
            2,
            0,
            0,
            0,
            0
        ],
        [
            0,
            0,
            0,
            0,
            0,
            0,
            0,
            0,
            235,
            0,
            0,
            0,
            0
        ],
        [
            46,
            21,
            0,
            0,
            0,
            0,
            0,
            0,
            0,
            0,
            0,
            0,
            0
        ],
        [
            19,
            0,
            0,
            0,
            0,
            0,
            0,
            0,
            0,
            0,
            0,
            0,
            0
        ],
        [
            3,
            0,
            0,
            0,
            0,
            0,
            0,
            0,
            0,
            0,
            0,
            0,
            0
        ],
        [
            2,
            0,
            0,
            0,
            0,
            0,
            0,
            0,
            0,
            0,
            0,
            0,
            0
        ]
    ],
    "feature_importance": {
        "Down/Up Ratio": 0.05321507760532129,
        "Dst Port": 0.504988913525499,
        "FIN Flag Cnt": 0.0,
        "Flow Pkts/s": 0.15964523281596388,
        "Fwd Pkt Len Max": 0.5676274944567626,
        "Init Bwd Win Byts": 0.055432372505542525,
        "Init Fwd Win Byts": 1.0,
        "Protocol": 0.07926829268292704
    },
    "params": {
        "nb_filters": 32,
        "kernel_size": 3,
        "lstm_units_1": 128,
        "lstm_units_2": 256,
        "dropout": 0.1,
        "lr": 0.0008204643365323959,
        "batch_size": 4096
    },
    "metrics_binary": {
        "task": "Trial Experiment_labels_FIN Flag Cnt_75.0 - Binary Task",
        "accuracy": 0.925846119552699,
        "f1": 0.7369530838165524,
        "mcc": 0.7171538570805857,
        "auc": 0.9322395390698597
    },
    "metrics_multiclass": {
        "task": "Trial Experiment_labels_FIN Flag Cnt_75.0 - Multiclass Task",
        "accuracy": 0.9045584574804028,
        "f1": 0.3112338416734407,
        "mcc": 0.6457622600630821,
        "auc": NaN
    }
}