{
    "model": "experiments/cnn_lstm_trial_Experiment_outliers_Timestamp_75.0.pt",
    "model_type": "CNN-LSTM",
    "label": "Experiment_outliers_Timestamp_75.0",
    "mcc_bin": 0.869517130081696,
    "mcc_mul": 0.8787365518732309,
    "mean_mcc": 0.8741268409774634,
    "val_loss": 0.2511751614511013,
    "cm_bin": [
        [
            22021,
            310
        ],
        [
            660,
            3926
        ]
    ],
    "cm_mul": [
        [
            22086,
            15,
            141,
            3,
            24,
            1,
            15,
            37,
            0,
            9,
            0,
            0,
            0
        ],
        [
            1,
            1158,
            0,
            0,
            0,
            0,
            0,
            0,
            0,
            0,
            0,
            0,
            0
        ],
        [
            370,
            0,
            571,
            0,
            0,
            0,
            0,
            0,
            0,
            0,
            0,
            0,
            0
        ],
        [
            35,
            0,
            0,
            730,
            0,
            0,
            0,
            0,
            0,
            17,
            0,
            0,
            0
        ],
        [
            9,
            0,
            0,
            1,
            456,
            0,
            0,
            0,
            0,
            0,
            0,
            0,
            0
        ],
        [
            0,
            0,
            0,
            0,
            0,
            314,
            0,
            0,
            2,
            0,
            0,
            0,
            0
        ],
        [
            1,
            0,
            0,
            0,
            0,
            0,
            323,
            0,
            0,
            2,
            0,
            0,
            0
        ],
        [
            241,
            0,
            6,
            0,
            2,
            0,
            1,
            20,
            0,
            0,
            0,
            0,
            0
        ],
        [
            0,
            0,
            0,
            0,
            0,
            0,
            0,
            0,
            235,
            0,
            0,
            0,
            0
        ],
        [
            9,
            0,
            0,
            4,
            0,
            0,
            1,
            0,
            0,
            53,
            0,
            0,
            0
        ],
        [
            16,
            1,
            2,
            0,
            0,
            0,
            0,
            0,
            0,
            0,
            0,
            0,
            0
        ],
        [
            3,
            0,
            0,
            0,
            0,
            0,
            0,
            0,
            0,
            0,
            0,
            0,
            0
        ],
        [
            2,
            0,
            0,
            0,
            0,
            0,
            0,
            0,
            0,
            0,
            0,
            0,
            0
        ]
    ],
    "feature_importance": {
        "Down/Up Ratio": 0.2224840121171322,
        "Dst Port": 0.4813194210703465,
        "FIN Flag Cnt": 0.005721979131605501,
        "Flow Pkts/s": 0.11713227869404244,
        "Fwd Pkt Len Max": 1.0,
        "Init Bwd Win Byts": 0.374621339616291,
        "Init Fwd Win Byts": 0.6849545607539548,
        "Protocol": 0.35678222820599115
    },
    "params": {
        "nb_filters": 32,
        "kernel_size": 3,
        "lstm_units_1": 128,
        "lstm_units_2": 256,
        "dropout": 0.1,
        "lr": 0.0008204643365323959,
        "batch_size": 4096
    },
    "metrics_binary": {
        "task": "Trial Experiment_outliers_Timestamp_75.0 - Binary Task",
        "accuracy": 0.9639632945722034,
        "f1": 0.8900476082520971,
        "mcc": 0.869517130081696,
        "auc": 0.9772108946896828
    },
    "metrics_multiclass": {
        "task": "Trial Experiment_outliers_Timestamp_75.0 - Multiclass Task",
        "accuracy": 0.9639261433294943,
        "f1": 0.6447429113876785,
        "mcc": 0.8787365518732309,
        "auc": NaN
    }
}