{
    "model": "experiments/cnn_lstm_trial_Experiment_missing_Timestamp_10.0.pt",
    "model_type": "CNN-LSTM",
    "label": "Experiment_missing_Timestamp_10.0",
    "mcc_bin": 0.7646271140427432,
    "mcc_mul": 0.765992979837881,
    "mean_mcc": 0.765310046940312,
    "val_loss": 0.5446273125708103,
    "cm_bin": [
        [
            22271,
            60
        ],
        [
            1633,
            2953
        ]
    ],
    "cm_mul": [
        [
            22287,
            0,
            10,
            1,
            0,
            9,
            21,
            0,
            0,
            3,
            0,
            0,
            0
        ],
        [
            1,
            1158,
            0,
            0,
            0,
            0,
            0,
            0,
            0,
            0,
            0,
            0,
            0
        ],
        [
            899,
            0,
            42,
            0,
            0,
            0,
            0,
            0,
            0,
            0,
            0,
            0,
            0
        ],
        [
            32,
            0,
            3,
            742,
            0,
            0,
            2,
            0,
            0,
            3,
            0,
            0,
            0
        ],
        [
            440,
            0,
            18,
            0,
            0,
            0,
            3,
            0,
            0,
            5,
            0,
            0,
            0
        ],
        [
            0,
            0,
            0,
            0,
            0,
            316,
            0,
            0,
            0,
            0,
            0,
            0,
            0
        ],
        [
            4,
            0,
            1,
            0,
            0,
            0,
            321,
            0,
            0,
            0,
            0,
            0,
            0
        ],
        [
            269,
            0,
            1,
            0,
            0,
            0,
            0,
            0,
            0,
            0,
            0,
            0,
            0
        ],
        [
            0,
            0,
            0,
            0,
            0,
            0,
            0,
            0,
            235,
            0,
            0,
            0,
            0
        ],
        [
            30,
            0,
            1,
            0,
            0,
            0,
            7,
            0,
            0,
            29,
            0,
            0,
            0
        ],
        [
            19,
            0,
            0,
            0,
            0,
            0,
            0,
            0,
            0,
            0,
            0,
            0,
            0
        ],
        [
            3,
            0,
            0,
            0,
            0,
            0,
            0,
            0,
            0,
            0,
            0,
            0,
            0
        ],
        [
            2,
            0,
            0,
            0,
            0,
            0,
            0,
            0,
            0,
            0,
            0,
            0,
            0
        ]
    ],
    "feature_importance": {
        "Down/Up Ratio": 0.02246181491464481,
        "Dst Port": 0.317610062893082,
        "FIN Flag Cnt": 0.0,
        "Flow Pkts/s": 0.09119496855345866,
        "Fwd Pkt Len Max": 0.47079964061096147,
        "Init Bwd Win Byts": 0.11096136567834733,
        "Init Fwd Win Byts": 1.0,
        "Protocol": 0.04222821203953348
    },
    "params": {
        "nb_filters": 32,
        "kernel_size": 3,
        "lstm_units_1": 128,
        "lstm_units_2": 256,
        "dropout": 0.1,
        "lr": 0.0008204643365323959,
        "batch_size": 4096
    },
    "metrics_binary": {
        "task": "Trial Experiment_missing_Timestamp_10.0 - Binary Task",
        "accuracy": 0.9371029460935468,
        "f1": 0.7772075273062246,
        "mcc": 0.7646271140427432,
        "auc": 0.9663052763829644
    },
    "metrics_multiclass": {
        "task": "Trial Experiment_missing_Timestamp_10.0 - Multiclass Task",
        "accuracy": 0.9336107292788943,
        "f1": 0.49921386314987537,
        "mcc": 0.765992979837881,
        "auc": NaN
    }
}