{
    "model": "experiments/cnn_lstm_trial_Experiment_missing_Protocol_75.0.pt",
    "model_type": "CNN-LSTM",
    "label": "Experiment_missing_Protocol_75.0",
    "mcc_bin": 0.7313378317564988,
    "mcc_mul": 0.6248088536182449,
    "mean_mcc": 0.6780733426873718,
    "val_loss": 0.8681576448891845,
    "cm_bin": [
        [
            22151,
            180
        ],
        [
            1725,
            2861
        ]
    ],
    "cm_mul": [
        [
            22237,
            22,
            19,
            0,
            0,
            1,
            52,
            0,
            0,
            0,
            0,
            0,
            0
        ],
        [
            1,
            1158,
            0,
            0,
            0,
            0,
            0,
            0,
            0,
            0,
            0,
            0,
            0
        ],
        [
            939,
            0,
            2,
            0,
            0,
            0,
            0,
            0,
            0,
            0,
            0,
            0,
            0
        ],
        [
            14,
            40,
            92,
            636,
            0,
            0,
            0,
            0,
            0,
            0,
            0,
            0,
            0
        ],
        [
            462,
            0,
            4,
            0,
            0,
            0,
            0,
            0,
            0,
            0,
            0,
            0,
            0
        ],
        [
            99,
            73,
            0,
            0,
            0,
            39,
            105,
            0,
            0,
            0,
            0,
            0,
            0
        ],
        [
            24,
            186,
            0,
            0,
            0,
            0,
            116,
            0,
            0,
            0,
            0,
            0,
            0
        ],
        [
            266,
            1,
            2,
            0,
            0,
            0,
            1,
            0,
            0,
            0,
            0,
            0,
            0
        ],
        [
            0,
            229,
            0,
            0,
            0,
            1,
            0,
            0,
            5,
            0,
            0,
            0,
            0
        ],
        [
            17,
            21,
            28,
            0,
            0,
            0,
            1,
            0,
            0,
            0,
            0,
            0,
            0
        ],
        [
            18,
            0,
            1,
            0,
            0,
            0,
            0,
            0,
            0,
            0,
            0,
            0,
            0
        ],
        [
            0,
            0,
            3,
            0,
            0,
            0,
            0,
            0,
            0,
            0,
            0,
            0,
            0
        ],
        [
            2,
            0,
            0,
            0,
            0,
            0,
            0,
            0,
            0,
            0,
            0,
            0,
            0
        ]
    ],
    "feature_importance": {
        "Down/Up Ratio": 0.19047619047618988,
        "Dst Port": 0.35057471264367823,
        "FIN Flag Cnt": 0.000821018062396577,
        "Flow Pkts/s": 0.19047619047618988,
        "Fwd Pkt Len Max": 0.5213464696223319,
        "Init Bwd Win Byts": 0.033661740558291554,
        "Init Fwd Win Byts": 1.0,
        "Protocol": 0.006978653530377652
    },
    "params": {
        "nb_filters": 32,
        "kernel_size": 3,
        "lstm_units_1": 128,
        "lstm_units_2": 256,
        "dropout": 0.1,
        "lr": 0.0008204643365323959,
        "batch_size": 4096
    },
    "metrics_binary": {
        "task": "Trial Experiment_missing_Protocol_75.0 - Binary Task",
        "accuracy": 0.9292268826392243,
        "f1": 0.7502294480136358,
        "mcc": 0.7313378317564988,
        "auc": 0.9336895786099568
    },
    "metrics_multiclass": {
        "task": "Trial Experiment_missing_Protocol_75.0 - Multiclass Task",
        "accuracy": 0.8988000148604971,
        "f1": 0.25437113604333345,
        "mcc": 0.6248088536182449,
        "auc": NaN
    }
}