{
    "model": "experiments/cnn_lstm_trial_Experiment_outliers_Protocol_75.0.pt",
    "model_type": "CNN-LSTM",
    "label": "Experiment_outliers_Protocol_75.0",
    "mcc_bin": 0.7710409754287065,
    "mcc_mul": 0.7689753113762772,
    "mean_mcc": 0.7700081434024919,
    "val_loss": 0.4556154917393412,
    "cm_bin": [
        [
            21935,
            396
        ],
        [
            1257,
            3329
        ]
    ],
    "cm_mul": [
        [
            22000,
            0,
            0,
            2,
            153,
            133,
            35,
            0,
            1,
            7,
            0,
            0,
            0
        ],
        [
            1,
            1158,
            0,
            0,
            0,
            0,
            0,
            0,
            0,
            0,
            0,
            0,
            0
        ],
        [
            905,
            0,
            0,
            0,
            36,
            0,
            0,
            0,
            0,
            0,
            0,
            0,
            0
        ],
        [
            35,
            0,
            0,
            679,
            53,
            0,
            0,
            0,
            0,
            15,
            0,
            0,
            0
        ],
        [
            75,
            0,
            0,
            0,
            391,
            0,
            0,
            0,
            0,
            0,
            0,
            0,
            0
        ],
        [
            3,
            0,
            0,
            0,
            0,
            309,
            0,
            0,
            4,
            0,
            0,
            0,
            0
        ],
        [
            1,
            0,
            0,
            0,
            2,
            0,
            322,
            0,
            0,
            1,
            0,
            0,
            0
        ],
        [
            267,
            0,
            0,
            0,
            3,
            0,
            0,
            0,
            0,
            0,
            0,
            0,
            0
        ],
        [
            0,
            0,
            0,
            0,
            0,
            0,
            0,
            0,
            235,
            0,
            0,
            0,
            0
        ],
        [
            16,
            0,
            0,
            0,
            19,
            0,
            0,
            0,
            0,
            32,
            0,
            0,
            0
        ],
        [
            18,
            0,
            0,
            0,
            0,
            0,
            0,
            0,
            0,
            1,
            0,
            0,
            0
        ],
        [
            0,
            0,
            0,
            1,
            2,
            0,
            0,
            0,
            0,
            0,
            0,
            0,
            0
        ],
        [
            2,
            0,
            0,
            0,
            0,
            0,
            0,
            0,
            0,
            0,
            0,
            0,
            0
        ]
    ],
    "feature_importance": {
        "Down/Up Ratio": 0.10838607594936711,
        "Dst Port": 0.6162974683544304,
        "FIN Flag Cnt": 0.0,
        "Flow Pkts/s": 0.2076740506329114,
        "Fwd Pkt Len Max": 0.5854430379746828,
        "Init Bwd Win Byts": 0.10363924050632901,
        "Init Fwd Win Byts": 1.0,
        "Protocol": 0.013449367088607545
    },
    "params": {
        "nb_filters": 32,
        "kernel_size": 3,
        "lstm_units_1": 128,
        "lstm_units_2": 256,
        "dropout": 0.1,
        "lr": 0.0008204643365323959,
        "batch_size": 4096
    },
    "metrics_binary": {
        "task": "Trial Experiment_outliers_Protocol_75.0 - Binary Task",
        "accuracy": 0.9385889958019096,
        "f1": 0.8011069666706774,
        "mcc": 0.7710409754287065,
        "auc": 0.9576855830613205
    },
    "metrics_multiclass": {
        "task": "Trial Experiment_outliers_Protocol_75.0 - Multiclass Task",
        "accuracy": 0.9334621243080581,
        "f1": 0.5272344163516872,
        "mcc": 0.7689753113762772,
        "auc": NaN
    }
}