{
    "model": "experiments/cnn_lstm_trial_Experiment_outliers_Timestamp_10.0.pt",
    "model_type": "CNN-LSTM",
    "label": "Experiment_outliers_Timestamp_10.0",
    "mcc_bin": 0.8964421229922673,
    "mcc_mul": 0.8690987520078906,
    "mean_mcc": 0.8827704375000789,
    "val_loss": 0.2622230537235737,
    "cm_bin": [
        [
            22094,
            237
        ],
        [
            536,
            4050
        ]
    ],
    "cm_mul": [
        [
            22117,
            0,
            172,
            0,
            11,
            18,
            9,
            0,
            0,
            4,
            0,
            0,
            0
        ],
        [
            0,
            1159,
            0,
            0,
            0,
            0,
            0,
            0,
            0,
            0,
            0,
            0,
            0
        ],
        [
            209,
            0,
            732,
            0,
            0,
            0,
            0,
            0,
            0,
            0,
            0,
            0,
            0
        ],
        [
            10,
            0,
            23,
            739,
            10,
            0,
            0,
            0,
            0,
            0,
            0,
            0,
            0
        ],
        [
            44,
            0,
            218,
            0,
            204,
            0,
            0,
            0,
            0,
            0,
            0,
            0,
            0
        ],
        [
            1,
            0,
            0,
            0,
            0,
            314,
            0,
            0,
            1,
            0,
            0,
            0,
            0
        ],
        [
            0,
            0,
            0,
            0,
            1,
            0,
            325,
            0,
            0,
            0,
            0,
            0,
            0
        ],
        [
            266,
            0,
            4,
            0,
            0,
            0,
            0,
            0,
            0,
            0,
            0,
            0,
            0
        ],
        [
            0,
            0,
            0,
            0,
            0,
            1,
            0,
            0,
            234,
            0,
            0,
            0,
            0
        ],
        [
            17,
            0,
            0,
            0,
            8,
            0,
            2,
            0,
            0,
            40,
            0,
            0,
            0
        ],
        [
            18,
            0,
            1,
            0,
            0,
            0,
            0,
            0,
            0,
            0,
            0,
            0,
            0
        ],
        [
            3,
            0,
            0,
            0,
            0,
            0,
            0,
            0,
            0,
            0,
            0,
            0,
            0
        ],
        [
            2,
            0,
            0,
            0,
            0,
            0,
            0,
            0,
            0,
            0,
            0,
            0,
            0
        ]
    ],
    "feature_importance": {
        "Down/Up Ratio": 0.11584699453551991,
        "Dst Port": 0.7256830601092896,
        "FIN Flag Cnt": 0.0,
        "Flow Pkts/s": 0.10564663023679506,
        "Fwd Pkt Len Max": 0.9140255009107464,
        "Init Bwd Win Byts": 0.2466302367941719,
        "Init Fwd Win Byts": 1.0,
        "Protocol": 0.27905282331511866
    },
    "params": {
        "nb_filters": 32,
        "kernel_size": 3,
        "lstm_units_1": 128,
        "lstm_units_2": 256,
        "dropout": 0.1,
        "lr": 0.0008204643365323959,
        "batch_size": 4096
    },
    "metrics_binary": {
        "task": "Trial Experiment_outliers_Timestamp_10.0 - Binary Task",
        "accuracy": 0.97128208938589,
        "f1": 0.9128817761749126,
        "mcc": 0.8964421229922673,
        "auc": 0.9793264261019284
    },
    "metrics_multiclass": {
        "task": "Trial Experiment_outliers_Timestamp_10.0 - Multiclass Task",
        "accuracy": 0.9608797414273508,
        "f1": 0.607945809588802,
        "mcc": 0.8690987520078906,
        "auc": 0.9078337251587859
    }
}