{
    "model": "experiments/cnn_lstm_trial_Experiment_outliers_FIN Flag Cnt_10.0.pt",
    "model_type": "CNN-LSTM",
    "label": "Experiment_outliers_FIN Flag Cnt_10.0",
    "mcc_bin": 0.7731928329439666,
    "mcc_mul": 0.7719773400239571,
    "mean_mcc": 0.7725850864839618,
    "val_loss": 0.5235270557126829,
    "cm_bin": [
        [
            22256,
            75
        ],
        [
            1559,
            3027
        ]
    ],
    "cm_mul": [
        [
            22278,
            0,
            0,
            1,
            30,
            17,
            5,
            0,
            0,
            0,
            0,
            0,
            0
        ],
        [
            1,
            1158,
            0,
            0,
            0,
            0,
            0,
            0,
            0,
            0,
            0,
            0,
            0
        ],
        [
            941,
            0,
            0,
            0,
            0,
            0,
            0,
            0,
            0,
            0,
            0,
            0,
            0
        ],
        [
            26,
            0,
            0,
            743,
            9,
            0,
            1,
            0,
            0,
            3,
            0,
            0,
            0
        ],
        [
            334,
            0,
            0,
            0,
            132,
            0,
            0,
            0,
            0,
            0,
            0,
            0,
            0
        ],
        [
            5,
            0,
            0,
            0,
            0,
            311,
            0,
            0,
            0,
            0,
            0,
            0,
            0
        ],
        [
            12,
            0,
            0,
            0,
            1,
            0,
            313,
            0,
            0,
            0,
            0,
            0,
            0
        ],
        [
            270,
            0,
            0,
            0,
            0,
            0,
            0,
            0,
            0,
            0,
            0,
            0,
            0
        ],
        [
            0,
            0,
            0,
            0,
            0,
            1,
            0,
            0,
            234,
            0,
            0,
            0,
            0
        ],
        [
            24,
            0,
            0,
            0,
            18,
            0,
            23,
            0,
            0,
            2,
            0,
            0,
            0
        ],
        [
            19,
            0,
            0,
            0,
            0,
            0,
            0,
            0,
            0,
            0,
            0,
            0,
            0
        ],
        [
            3,
            0,
            0,
            0,
            0,
            0,
            0,
            0,
            0,
            0,
            0,
            0,
            0
        ],
        [
            2,
            0,
            0,
            0,
            0,
            0,
            0,
            0,
            0,
            0,
            0,
            0,
            0
        ]
    ],
    "feature_importance": {
        "Down/Up Ratio": 0.03140096618357567,
        "Dst Port": 0.43115942028985454,
        "FIN Flag Cnt": 0.0008051529790664439,
        "Flow Pkts/s": 0.1223832528180357,
        "Fwd Pkt Len Max": 0.539855072463768,
        "Init Bwd Win Byts": 0.1747181964573269,
        "Init Fwd Win Byts": 1.0,
        "Protocol": 0.07004830917874452
    },
    "params": {
        "nb_filters": 32,
        "kernel_size": 3,
        "lstm_units_1": 128,
        "lstm_units_2": 256,
        "dropout": 0.1,
        "lr": 0.0008204643365323959,
        "batch_size": 4096
    },
    "metrics_binary": {
        "task": "Trial Experiment_outliers_FIN Flag Cnt_10.0 - Binary Task",
        "accuracy": 0.9392948694133819,
        "f1": 0.7874609781477627,
        "mcc": 0.7731928329439666,
        "auc": 0.966125704015955
    },
    "metrics_multiclass": {
        "task": "Trial Experiment_outliers_FIN Flag Cnt_10.0 - Multiclass Task",
        "accuracy": 0.9351339302299662,
        "f1": 0.48416473877802346,
        "mcc": 0.7719773400239571,
        "auc": NaN
    }
}