{
    "model": "experiments/cnn_lstm_trial_Experiment_outliers_Timestamp_30.0.pt",
    "model_type": "CNN-LSTM",
    "label": "Experiment_outliers_Timestamp_30.0",
    "mcc_bin": 0.9286141289267205,
    "mcc_mul": 0.9308525358696963,
    "mean_mcc": 0.9297333323982084,
    "val_loss": 0.17592515317457064,
    "cm_bin": [
        [
            22129,
            202
        ],
        [
            336,
            4250
        ]
    ],
    "cm_mul": [
        [
            22163,
            0,
            138,
            0,
            14,
            0,
            4,
            4,
            0,
            6,
            2,
            0,
            0
        ],
        [
            0,
            1159,
            0,
            0,
            0,
            0,
            0,
            0,
            0,
            0,
            0,
            0,
            0
        ],
        [
            36,
            0,
            905,
            0,
            0,
            0,
            0,
            0,
            0,
            0,
            0,
            0,
            0
        ],
        [
            11,
            0,
            12,
            741,
            0,
            0,
            0,
            0,
            0,
            18,
            0,
            0,
            0
        ],
        [
            15,
            0,
            1,
            0,
            450,
            0,
            0,
            0,
            0,
            0,
            0,
            0,
            0
        ],
        [
            0,
            0,
            0,
            0,
            0,
            316,
            0,
            0,
            0,
            0,
            0,
            0,
            0
        ],
        [
            0,
            0,
            0,
            0,
            0,
            0,
            325,
            0,
            0,
            1,
            0,
            0,
            0
        ],
        [
            264,
            0,
            2,
            0,
            0,
            0,
            0,
            4,
            0,
            0,
            0,
            0,
            0
        ],
        [
            0,
            0,
            0,
            0,
            0,
            1,
            0,
            0,
            234,
            0,
            0,
            0,
            0
        ],
        [
            12,
            0,
            0,
            0,
            0,
            0,
            0,
            0,
            0,
            55,
            0,
            0,
            0
        ],
        [
            18,
            0,
            0,
            0,
            0,
            0,
            0,
            0,
            0,
            0,
            1,
            0,
            0
        ],
        [
            3,
            0,
            0,
            0,
            0,
            0,
            0,
            0,
            0,
            0,
            0,
            0,
            0
        ],
        [
            2,
            0,
            0,
            0,
            0,
            0,
            0,
            0,
            0,
            0,
            0,
            0,
            0
        ]
    ],
    "feature_importance": {
        "Down/Up Ratio": 0.0852359208523584,
        "Dst Port": 0.6107305936073054,
        "FIN Flag Cnt": 0.003044140030440722,
        "Flow Pkts/s": 0.1712328767123287,
        "Fwd Pkt Len Max": 1.0,
        "Init Bwd Win Byts": 0.28234398782343895,
        "Init Fwd Win Byts": 0.9082952815829525,
        "Protocol": 0.49543378995433723
    },
    "params": {
        "nb_filters": 32,
        "kernel_size": 3,
        "lstm_units_1": 128,
        "lstm_units_2": 256,
        "dropout": 0.1,
        "lr": 0.0008204643365323959,
        "batch_size": 4096
    },
    "metrics_binary": {
        "task": "Trial Experiment_outliers_Timestamp_30.0 - Binary Task",
        "accuracy": 0.980012631422521,
        "f1": 0.9404735560964815,
        "mcc": 0.9286141289267205,
        "auc": 0.986527907840532
    },
    "metrics_multiclass": {
        "task": "Trial Experiment_outliers_Timestamp_30.0 - Multiclass Task",
        "accuracy": 0.9790466991120853,
        "f1": 0.6685477215047668,
        "mcc": 0.9308525358696963,
        "auc": NaN
    }
}