{
    "model": "experiments/cnn_lstm_trial_Experiment_noise_Down_Up Ratio_1.0.pt",
    "model_type": "CNN-LSTM",
    "label": "Experiment_noise_Down_Up Ratio_1.0",
    "mcc_bin": 0.7122683066404859,
    "mcc_mul": 0.5715326032745015,
    "mean_mcc": 0.6419004549574937,
    "val_loss": 0.8557008880057505,
    "cm_bin": [
        [
            22156,
            175
        ],
        [
            1853,
            2733
        ]
    ],
    "cm_mul": [
        [
            22237,
            64,
            28,
            1,
            0,
            1,
            0,
            0,
            0,
            0,
            0,
            0,
            0
        ],
        [
            1,
            789,
            0,
            369,
            0,
            0,
            0,
            0,
            0,
            0,
            0,
            0,
            0
        ],
        [
            919,
            3,
            19,
            0,
            0,
            0,
            0,
            0,
            0,
            0,
            0,
            0,
            0
        ],
        [
            47,
            143,
            3,
            589,
            0,
            0,
            0,
            0,
            0,
            0,
            0,
            0,
            0
        ],
        [
            457,
            0,
            9,
            0,
            0,
            0,
            0,
            0,
            0,
            0,
            0,
            0,
            0
        ],
        [
            218,
            81,
            0,
            0,
            0,
            17,
            0,
            0,
            0,
            0,
            0,
            0,
            0
        ],
        [
            148,
            157,
            8,
            13,
            0,
            0,
            0,
            0,
            0,
            0,
            0,
            0,
            0
        ],
        [
            254,
            9,
            7,
            0,
            0,
            0,
            0,
            0,
            0,
            0,
            0,
            0,
            0
        ],
        [
            0,
            1,
            0,
            0,
            0,
            0,
            0,
            0,
            234,
            0,
            0,
            0,
            0
        ],
        [
            38,
            21,
            8,
            0,
            0,
            0,
            0,
            0,
            0,
            0,
            0,
            0,
            0
        ],
        [
            19,
            0,
            0,
            0,
            0,
            0,
            0,
            0,
            0,
            0,
            0,
            0,
            0
        ],
        [
            3,
            0,
            0,
            0,
            0,
            0,
            0,
            0,
            0,
            0,
            0,
            0,
            0
        ],
        [
            2,
            0,
            0,
            0,
            0,
            0,
            0,
            0,
            0,
            0,
            0,
            0,
            0
        ]
    ],
    "feature_importance": {
        "Down/Up Ratio": 0.0,
        "Dst Port": 0.7557291666666677,
        "FIN Flag Cnt": 0.0,
        "Flow Pkts/s": 0.12395833333333298,
        "Fwd Pkt Len Max": 0.6244791666666674,
        "Init Bwd Win Byts": 0.03229166666666648,
        "Init Fwd Win Byts": 1.0,
        "Protocol": 0.2682291666666673
    },
    "params": {
        "nb_filters": 32,
        "kernel_size": 3,
        "lstm_units_1": 128,
        "lstm_units_2": 256,
        "dropout": 0.1,
        "lr": 0.0008204643365323959,
        "batch_size": 4096
    },
    "metrics_binary": {
        "task": "Trial Experiment_noise_Down_Up Ratio_1.0 - Binary Task",
        "accuracy": 0.9246572797860089,
        "f1": 0.7293835068054444,
        "mcc": 0.7122683066404859,
        "auc": 0.9360746589838727
    },
    "metrics_multiclass": {
        "task": "Trial Experiment_noise_Down_Up Ratio_1.0 - Multiclass Task",
        "accuracy": 0.887357432106104,
        "f1": 0.26242058297893806,
        "mcc": 0.5715326032745015,
        "auc": NaN
    }
}