{
    "model": "experiments/cnn_lstm_trial_Experiment_outliers_Timestamp_50.0.pt",
    "model_type": "CNN-LSTM",
    "label": "Experiment_outliers_Timestamp_50.0",
    "mcc_bin": 0.9376520845422285,
    "mcc_mul": 0.9387582663482201,
    "mean_mcc": 0.9382051754452243,
    "val_loss": 0.14691419154405594,
    "cm_bin": [
        [
            22188,
            143
        ],
        [
            326,
            4260
        ]
    ],
    "cm_mul": [
        [
            22184,
            0,
            111,
            0,
            8,
            0,
            5,
            12,
            0,
            11,
            0,
            0,
            0
        ],
        [
            0,
            1159,
            0,
            0,
            0,
            0,
            0,
            0,
            0,
            0,
            0,
            0,
            0
        ],
        [
            37,
            0,
            904,
            0,
            0,
            0,
            0,
            0,
            0,
            0,
            0,
            0,
            0
        ],
        [
            2,
            0,
            10,
            763,
            0,
            0,
            0,
            0,
            0,
            7,
            0,
            0,
            0
        ],
        [
            5,
            0,
            0,
            0,
            461,
            0,
            0,
            0,
            0,
            0,
            0,
            0,
            0
        ],
        [
            2,
            0,
            0,
            0,
            0,
            314,
            0,
            0,
            0,
            0,
            0,
            0,
            0
        ],
        [
            1,
            0,
            0,
            0,
            0,
            0,
            324,
            0,
            0,
            1,
            0,
            0,
            0
        ],
        [
            254,
            0,
            1,
            0,
            0,
            0,
            0,
            15,
            0,
            0,
            0,
            0,
            0
        ],
        [
            0,
            0,
            0,
            0,
            0,
            2,
            0,
            0,
            233,
            0,
            0,
            0,
            0
        ],
        [
            8,
            0,
            0,
            0,
            0,
            0,
            0,
            0,
            0,
            59,
            0,
            0,
            0
        ],
        [
            14,
            1,
            0,
            0,
            0,
            0,
            0,
            1,
            0,
            2,
            1,
            0,
            0
        ],
        [
            3,
            0,
            0,
            0,
            0,
            0,
            0,
            0,
            0,
            0,
            0,
            0,
            0
        ],
        [
            2,
            0,
            0,
            0,
            0,
            0,
            0,
            0,
            0,
            0,
            0,
            0,
            0
        ]
    ],
    "feature_importance": {
        "Down/Up Ratio": 0.11038961038961015,
        "Dst Port": 0.8800865800865805,
        "FIN Flag Cnt": 0.00822510822510737,
        "Flow Pkts/s": 0.18917748917748892,
        "Fwd Pkt Len Max": 1.0,
        "Init Bwd Win Byts": 0.32857142857142907,
        "Init Fwd Win Byts": 0.7025974025974029,
        "Protocol": 0.752380952380953
    },
    "params": {
        "nb_filters": 32,
        "kernel_size": 3,
        "lstm_units_1": 128,
        "lstm_units_2": 256,
        "dropout": 0.1,
        "lr": 0.0008204643365323959,
        "batch_size": 4096
    },
    "metrics_binary": {
        "task": "Trial Experiment_outliers_Timestamp_50.0 - Binary Task",
        "accuracy": 0.9825760671694468,
        "f1": 0.9478251195906108,
        "mcc": 0.9376520845422285,
        "auc": 0.9905287684598978
    },
    "metrics_multiclass": {
        "task": "Trial Experiment_outliers_Timestamp_50.0 - Multiclass Task",
        "accuracy": 0.9814243786454657,
        "f1": 0.6818495093336623,
        "mcc": 0.9387582663482201,
        "auc": NaN
    }
}