{
    "model": "experiments/cnn_lstm_trial_Experiment_outliers_Timestamp_20.0.pt",
    "model_type": "CNN-LSTM",
    "label": "Experiment_outliers_Timestamp_20.0",
    "mcc_bin": 0.9012803953580935,
    "mcc_mul": 0.902866689957621,
    "mean_mcc": 0.9020735426578572,
    "val_loss": 0.23672340490988322,
    "cm_bin": [
        [
            22115,
            216
        ],
        [
            521,
            4065
        ]
    ],
    "cm_mul": [
        [
            22122,
            2,
            172,
            1,
            20,
            2,
            10,
            1,
            0,
            1,
            0,
            0,
            0
        ],
        [
            0,
            1159,
            0,
            0,
            0,
            0,
            0,
            0,
            0,
            0,
            0,
            0,
            0
        ],
        [
            131,
            0,
            809,
            1,
            0,
            0,
            0,
            0,
            0,
            0,
            0,
            0,
            0
        ],
        [
            13,
            3,
            19,
            747,
            0,
            0,
            0,
            0,
            0,
            0,
            0,
            0,
            0
        ],
        [
            53,
            0,
            2,
            0,
            409,
            0,
            2,
            0,
            0,
            0,
            0,
            0,
            0
        ],
        [
            3,
            0,
            0,
            0,
            0,
            306,
            0,
            0,
            7,
            0,
            0,
            0,
            0
        ],
        [
            0,
            0,
            0,
            0,
            1,
            0,
            325,
            0,
            0,
            0,
            0,
            0,
            0
        ],
        [
            266,
            0,
            2,
            0,
            1,
            0,
            0,
            1,
            0,
            0,
            0,
            0,
            0
        ],
        [
            0,
            0,
            0,
            0,
            0,
            0,
            0,
            0,
            235,
            0,
            0,
            0,
            0
        ],
        [
            22,
            24,
            0,
            2,
            0,
            0,
            0,
            0,
            0,
            19,
            0,
            0,
            0
        ],
        [
            18,
            0,
            1,
            0,
            0,
            0,
            0,
            0,
            0,
            0,
            0,
            0,
            0
        ],
        [
            3,
            0,
            0,
            0,
            0,
            0,
            0,
            0,
            0,
            0,
            0,
            0,
            0
        ],
        [
            2,
            0,
            0,
            0,
            0,
            0,
            0,
            0,
            0,
            0,
            0,
            0,
            0
        ]
    ],
    "feature_importance": {
        "Down/Up Ratio": 0.10108794197642809,
        "Dst Port": 0.7194016319129638,
        "FIN Flag Cnt": 0.0063463281958288185,
        "Flow Pkts/s": 0.14143245693562975,
        "Fwd Pkt Len Max": 0.8390752493200359,
        "Init Bwd Win Byts": 0.35675430643699013,
        "Init Fwd Win Byts": 1.0,
        "Protocol": 0.6019945602901178
    },
    "params": {
        "nb_filters": 32,
        "kernel_size": 3,
        "lstm_units_1": 128,
        "lstm_units_2": 256,
        "dropout": 0.1,
        "lr": 0.0008204643365323959,
        "batch_size": 4096
    },
    "metrics_binary": {
        "task": "Trial Experiment_outliers_Timestamp_20.0 - Binary Task",
        "accuracy": 0.9726195341234164,
        "f1": 0.9168828239539867,
        "mcc": 0.9012803953580935,
        "auc": 0.9782126136044219
    },
    "metrics_multiclass": {
        "task": "Trial Experiment_outliers_Timestamp_20.0 - Multiclass Task",
        "accuracy": 0.9708362744733812,
        "f1": 0.621553026177073,
        "mcc": 0.902866689957621,
        "auc": NaN
    }
}