{
    "model": "experiments/cnn_lstm_trial_Experiment_missing_Timestamp_1.0.pt",
    "model_type": "CNN-LSTM",
    "label": "Experiment_missing_Timestamp_1.0",
    "mcc_bin": 0.7399667603496173,
    "mcc_mul": 0.6788237451998594,
    "mean_mcc": 0.7093952527747384,
    "val_loss": 0.7917480098881892,
    "cm_bin": [
        [
            22185,
            146
        ],
        [
            1704,
            2882
        ]
    ],
    "cm_mul": [
        [
            22247,
            1,
            10,
            1,
            0,
            29,
            35,
            0,
            0,
            8,
            0,
            0,
            0
        ],
        [
            1,
            845,
            0,
            313,
            0,
            0,
            0,
            0,
            0,
            0,
            0,
            0,
            0
        ],
        [
            941,
            0,
            0,
            0,
            0,
            0,
            0,
            0,
            0,
            0,
            0,
            0,
            0
        ],
        [
            30,
            51,
            35,
            661,
            0,
            0,
            0,
            0,
            0,
            5,
            0,
            0,
            0
        ],
        [
            432,
            0,
            14,
            0,
            0,
            0,
            8,
            0,
            0,
            12,
            0,
            0,
            0
        ],
        [
            70,
            0,
            0,
            0,
            0,
            246,
            0,
            0,
            0,
            0,
            0,
            0,
            0
        ],
        [
            6,
            0,
            0,
            0,
            0,
            2,
            318,
            0,
            0,
            0,
            0,
            0,
            0
        ],
        [
            270,
            0,
            0,
            0,
            0,
            0,
            0,
            0,
            0,
            0,
            0,
            0,
            0
        ],
        [
            0,
            0,
            0,
            0,
            0,
            38,
            0,
            0,
            197,
            0,
            0,
            0,
            0
        ],
        [
            22,
            0,
            2,
            0,
            0,
            0,
            11,
            0,
            0,
            32,
            0,
            0,
            0
        ],
        [
            19,
            0,
            0,
            0,
            0,
            0,
            0,
            0,
            0,
            0,
            0,
            0,
            0
        ],
        [
            1,
            0,
            2,
            0,
            0,
            0,
            0,
            0,
            0,
            0,
            0,
            0,
            0
        ],
        [
            2,
            0,
            0,
            0,
            0,
            0,
            0,
            0,
            0,
            0,
            0,
            0,
            0
        ]
    ],
    "feature_importance": {
        "Down/Up Ratio": 0.08582089552238843,
        "Dst Port": 0.5618336886993617,
        "FIN Flag Cnt": 0.0005330490405120065,
        "Flow Pkts/s": 0.10127931769722866,
        "Fwd Pkt Len Max": 0.543710021321963,
        "Init Bwd Win Byts": 0.19136460554370996,
        "Init Fwd Win Byts": 1.0,
        "Protocol": 0.04744136460554468
    },
    "params": {
        "nb_filters": 32,
        "kernel_size": 3,
        "lstm_units_1": 128,
        "lstm_units_2": 256,
        "dropout": 0.1,
        "lr": 0.0008204643365323959,
        "batch_size": 4096
    },
    "metrics_binary": {
        "task": "Trial Experiment_missing_Timestamp_1.0 - Binary Task",
        "accuracy": 0.9312702009882231,
        "f1": 0.7570265300761755,
        "mcc": 0.7399667603496173,
        "auc": 0.9462210298946881
    },
    "metrics_multiclass": {
        "task": "Trial Experiment_missing_Timestamp_1.0 - Multiclass Task",
        "accuracy": 0.9119144035367983,
        "f1": 0.4348431036785546,
        "mcc": 0.6788237451998594,
        "auc": NaN
    }
}