{
    "model": "experiments/cnn_lstm_trial_Experiment_noise_Down_Up Ratio_50.0.pt",
    "model_type": "CNN-LSTM",
    "label": "Experiment_noise_Down_Up Ratio_50.0",
    "mcc_bin": 0.7225353605987778,
    "mcc_mul": 0.5810413679287387,
    "mean_mcc": 0.6517883642637583,
    "val_loss": 0.8686624471364277,
    "cm_bin": [
        [
            22153,
            178
        ],
        [
            1784,
            2802
        ]
    ],
    "cm_mul": [
        [
            22223,
            9,
            24,
            0,
            0,
            68,
            6,
            0,
            1,
            0,
            0,
            0,
            0
        ],
        [
            1,
            1157,
            1,
            0,
            0,
            0,
            0,
            0,
            0,
            0,
            0,
            0,
            0
        ],
        [
            930,
            0,
            11,
            0,
            0,
            0,
            0,
            0,
            0,
            0,
            0,
            0,
            0
        ],
        [
            38,
            12,
            731,
            0,
            0,
            0,
            1,
            0,
            0,
            0,
            0,
            0,
            0
        ],
        [
            466,
            0,
            0,
            0,
            0,
            0,
            0,
            0,
            0,
            0,
            0,
            0,
            0
        ],
        [
            17,
            57,
            0,
            0,
            0,
            242,
            0,
            0,
            0,
            0,
            0,
            0,
            0
        ],
        [
            84,
            44,
            1,
            0,
            0,
            156,
            41,
            0,
            0,
            0,
            0,
            0,
            0
        ],
        [
            262,
            0,
            3,
            0,
            0,
            4,
            1,
            0,
            0,
            0,
            0,
            0,
            0
        ],
        [
            0,
            1,
            0,
            0,
            0,
            0,
            0,
            0,
            234,
            0,
            0,
            0,
            0
        ],
        [
            42,
            6,
            19,
            0,
            0,
            0,
            0,
            0,
            0,
            0,
            0,
            0,
            0
        ],
        [
            19,
            0,
            0,
            0,
            0,
            0,
            0,
            0,
            0,
            0,
            0,
            0,
            0
        ],
        [
            3,
            0,
            0,
            0,
            0,
            0,
            0,
            0,
            0,
            0,
            0,
            0,
            0
        ],
        [
            2,
            0,
            0,
            0,
            0,
            0,
            0,
            0,
            0,
            0,
            0,
            0,
            0
        ]
    ],
    "feature_importance": {
        "Down/Up Ratio": 0.00048332527791228823,
        "Dst Port": 0.5746737554374088,
        "FIN Flag Cnt": 0.002899951667472285,
        "Flow Pkts/s": 0.13774770420492993,
        "Fwd Pkt Len Max": 0.4470758820686326,
        "Init Bwd Win Byts": 0.10874818753020707,
        "Init Fwd Win Byts": 1.0,
        "Protocol": 0.29676172063798895
    },
    "params": {
        "nb_filters": 32,
        "kernel_size": 3,
        "lstm_units_1": 128,
        "lstm_units_2": 256,
        "dropout": 0.1,
        "lr": 0.0008204643365323959,
        "batch_size": 4096
    },
    "metrics_binary": {
        "task": "Trial Experiment_noise_Down_Up Ratio_50.0 - Binary Task",
        "accuracy": 0.9271092618048073,
        "f1": 0.7406819984139572,
        "mcc": 0.7225353605987778,
        "auc": 0.9446220204779678
    },
    "metrics_multiclass": {
        "task": "Trial Experiment_noise_Down_Up Ratio_50.0 - Multiclass Task",
        "accuracy": 0.8882119106884125,
        "f1": 0.28821804569493603,
        "mcc": 0.5810413679287387,
        "auc": NaN
    }
}