{
    "model": "experiments/cnn_lstm_trial_Experiment_missing_Timestamp_5.0.pt",
    "model_type": "CNN-LSTM",
    "label": "Experiment_missing_Timestamp_5.0",
    "mcc_bin": 0.7593956269952801,
    "mcc_mul": 0.759507623702404,
    "mean_mcc": 0.759451625348842,
    "val_loss": 0.5658188885343927,
    "cm_bin": [
        [
            22238,
            93
        ],
        [
            1632,
            2954
        ]
    ],
    "cm_mul": [
        [
            22275,
            0,
            3,
            0,
            0,
            27,
            21,
            0,
            1,
            4,
            0,
            0,
            0
        ],
        [
            1,
            1157,
            1,
            0,
            0,
            0,
            0,
            0,
            0,
            0,
            0,
            0,
            0
        ],
        [
            903,
            0,
            38,
            0,
            0,
            0,
            0,
            0,
            0,
            0,
            0,
            0,
            0
        ],
        [
            26,
            0,
            21,
            717,
            0,
            0,
            0,
            0,
            0,
            18,
            0,
            0,
            0
        ],
        [
            460,
            0,
            3,
            0,
            0,
            0,
            0,
            0,
            0,
            3,
            0,
            0,
            0
        ],
        [
            0,
            0,
            0,
            0,
            0,
            316,
            0,
            0,
            0,
            0,
            0,
            0,
            0
        ],
        [
            6,
            0,
            0,
            0,
            0,
            0,
            320,
            0,
            0,
            0,
            0,
            0,
            0
        ],
        [
            268,
            0,
            1,
            0,
            0,
            1,
            0,
            0,
            0,
            0,
            0,
            0,
            0
        ],
        [
            0,
            0,
            0,
            0,
            0,
            0,
            0,
            0,
            235,
            0,
            0,
            0,
            0
        ],
        [
            36,
            0,
            0,
            0,
            0,
            0,
            3,
            0,
            0,
            28,
            0,
            0,
            0
        ],
        [
            19,
            0,
            0,
            0,
            0,
            0,
            0,
            0,
            0,
            0,
            0,
            0,
            0
        ],
        [
            3,
            0,
            0,
            0,
            0,
            0,
            0,
            0,
            0,
            0,
            0,
            0,
            0
        ],
        [
            2,
            0,
            0,
            0,
            0,
            0,
            0,
            0,
            0,
            0,
            0,
            0,
            0
        ]
    ],
    "feature_importance": {
        "Down/Up Ratio": 0.03762135922330132,
        "Dst Port": 0.33171521035598783,
        "FIN Flag Cnt": 0.0008090614886735627,
        "Flow Pkts/s": 0.11084142394822005,
        "Fwd Pkt Len Max": 0.4453883495145629,
        "Init Bwd Win Byts": 0.16019417475728198,
        "Init Fwd Win Byts": 1.0,
        "Protocol": 0.09506472491909405
    },
    "params": {
        "nb_filters": 32,
        "kernel_size": 3,
        "lstm_units_1": 128,
        "lstm_units_2": 256,
        "dropout": 0.1,
        "lr": 0.0008204643365323959,
        "batch_size": 4096
    },
    "metrics_binary": {
        "task": "Trial Experiment_missing_Timestamp_5.0 - Binary Task",
        "accuracy": 0.9359141063268567,
        "f1": 0.774007598585091,
        "mcc": 0.7593956269952801,
        "auc": 0.9622175541001546
    },
    "metrics_multiclass": {
        "task": "Trial Experiment_missing_Timestamp_5.0 - Multiclass Task",
        "accuracy": 0.9319760745996953,
        "f1": 0.4900072429550021,
        "mcc": 0.759507623702404,
        "auc": NaN
    }
}