{
    "model": "experiments/cnn_lstm_trial_Experiment_labels_FIN Flag Cnt_5.0.pt",
    "model_type": "CNN-LSTM",
    "label": "Experiment_labels_FIN Flag Cnt_5.0",
    "mcc_bin": 0.7328143717520909,
    "mcc_mul": 0.6507394500648105,
    "mean_mcc": 0.6917769109084506,
    "val_loss": 0.724702271499804,
    "cm_bin": [
        [
            22191,
            140
        ],
        [
            1757,
            2829
        ]
    ],
    "cm_mul": [
        [
            22284,
            39,
            0,
            4,
            0,
            0,
            0,
            0,
            4,
            0,
            0,
            0,
            0
        ],
        [
            1,
            1158,
            0,
            0,
            0,
            0,
            0,
            0,
            0,
            0,
            0,
            0,
            0
        ],
        [
            939,
            0,
            0,
            2,
            0,
            0,
            0,
            0,
            0,
            0,
            0,
            0,
            0
        ],
        [
            56,
            30,
            0,
            696,
            0,
            0,
            0,
            0,
            0,
            0,
            0,
            0,
            0
        ],
        [
            455,
            10,
            0,
            1,
            0,
            0,
            0,
            0,
            0,
            0,
            0,
            0,
            0
        ],
        [
            55,
            168,
            0,
            0,
            0,
            0,
            2,
            0,
            91,
            0,
            0,
            0,
            0
        ],
        [
            126,
            199,
            0,
            0,
            0,
            0,
            0,
            0,
            1,
            0,
            0,
            0,
            0
        ],
        [
            269,
            1,
            0,
            0,
            0,
            0,
            0,
            0,
            0,
            0,
            0,
            0,
            0
        ],
        [
            0,
            0,
            0,
            0,
            0,
            0,
            0,
            0,
            235,
            0,
            0,
            0,
            0
        ],
        [
            35,
            31,
            0,
            1,
            0,
            0,
            0,
            0,
            0,
            0,
            0,
            0,
            0
        ],
        [
            19,
            0,
            0,
            0,
            0,
            0,
            0,
            0,
            0,
            0,
            0,
            0,
            0
        ],
        [
            3,
            0,
            0,
            0,
            0,
            0,
            0,
            0,
            0,
            0,
            0,
            0,
            0
        ],
        [
            2,
            0,
            0,
            0,
            0,
            0,
            0,
            0,
            0,
            0,
            0,
            0,
            0
        ]
    ],
    "feature_importance": {
        "Down/Up Ratio": 0.06521739130434805,
        "Dst Port": 0.45652173913043487,
        "FIN Flag Cnt": 0.0024703557312251148,
        "Flow Pkts/s": 0.15810276679841917,
        "Fwd Pkt Len Max": 0.4160079051383409,
        "Init Bwd Win Byts": 0.058300395256918026,
        "Init Fwd Win Byts": 1.0,
        "Protocol": 0.061264822134386984
    },
    "params": {
        "nb_filters": 32,
        "kernel_size": 3,
        "lstm_units_1": 128,
        "lstm_units_2": 256,
        "dropout": 0.1,
        "lr": 0.0008204643365323959,
        "batch_size": 4096
    },
    "metrics_binary": {
        "task": "Trial Experiment_labels_FIN Flag Cnt_5.0 - Binary Task",
        "accuracy": 0.9295240925808969,
        "f1": 0.7489080079417604,
        "mcc": 0.7328143717520909,
        "auc": 0.9412802949275464
    },
    "metrics_multiclass": {
        "task": "Trial Experiment_labels_FIN Flag Cnt_5.0 - Multiclass Task",
        "accuracy": 0.9054872385481294,
        "f1": 0.27328172149549873,
        "mcc": 0.6507394500648105,
        "auc": NaN
    }
}