{
    "model": "experiments/cnn_lstm_trial_Experiment_missing_FIN Flag Cnt_20.0.pt",
    "model_type": "CNN-LSTM",
    "label": "Experiment_missing_FIN Flag Cnt_20.0",
    "mcc_bin": 0.7746953832401822,
    "mcc_mul": 0.741258135021294,
    "mean_mcc": 0.757976759130738,
    "val_loss": 0.527257756463119,
    "cm_bin": [
        [
            22242,
            144
        ],
        [
            1459,
            3072
        ]
    ],
    "cm_mul": [
        [
            22267,
            0,
            0,
            3,
            105,
            8,
            0,
            0,
            0,
            3,
            0,
            0,
            0
        ],
        [
            1,
            1151,
            0,
            0,
            0,
            0,
            0,
            0,
            0,
            1,
            0,
            0,
            0
        ],
        [
            937,
            0,
            0,
            0,
            0,
            0,
            0,
            0,
            0,
            0,
            0,
            0,
            0
        ],
        [
            13,
            0,
            0,
            756,
            1,
            0,
            0,
            0,
            0,
            0,
            0,
            0,
            0
        ],
        [
            187,
            0,
            0,
            1,
            263,
            0,
            0,
            0,
            0,
            0,
            0,
            0,
            0
        ],
        [
            13,
            0,
            0,
            0,
            0,
            290,
            0,
            0,
            0,
            0,
            0,
            0,
            0
        ],
        [
            11,
            1,
            0,
            0,
            123,
            0,
            3,
            0,
            0,
            177,
            0,
            0,
            0
        ],
        [
            274,
            0,
            0,
            0,
            2,
            1,
            0,
            0,
            0,
            0,
            0,
            0,
            0
        ],
        [
            0,
            0,
            0,
            0,
            0,
            0,
            0,
            0,
            235,
            0,
            0,
            0,
            0
        ],
        [
            31,
            0,
            0,
            0,
            26,
            0,
            0,
            0,
            0,
            10,
            0,
            0,
            0
        ],
        [
            18,
            0,
            0,
            0,
            0,
            0,
            0,
            0,
            0,
            0,
            0,
            0,
            0
        ],
        [
            3,
            0,
            0,
            0,
            0,
            0,
            0,
            0,
            0,
            0,
            0,
            0,
            0
        ],
        [
            2,
            0,
            0,
            0,
            0,
            0,
            0,
            0,
            0,
            0,
            0,
            0,
            0
        ]
    ],
    "feature_importance": {
        "Down/Up Ratio": 0.014565316340463756,
        "Dst Port": 0.7360036413290852,
        "FIN Flag Cnt": 0.0,
        "Flow Pkts/s": 0.12198452435138837,
        "Fwd Pkt Len Max": 0.4879380974055535,
        "Init Bwd Win Byts": 0.14929449248975826,
        "Init Fwd Win Byts": 1.0,
        "Protocol": 0.11606736458807437
    },
    "params": {
        "nb_filters": 32,
        "kernel_size": 3,
        "lstm_units_1": 128,
        "lstm_units_2": 256,
        "dropout": 0.1,
        "lr": 0.0008204643365323959,
        "batch_size": 4096
    },
    "metrics_binary": {
        "task": "Trial Experiment_missing_FIN Flag Cnt_20.0 - Binary Task",
        "accuracy": 0.940446557937363,
        "f1": 0.7930811927197625,
        "mcc": 0.7746953832401822,
        "auc": 0.9652034468448225
    },
    "metrics_multiclass": {
        "task": "Trial Experiment_missing_FIN Flag Cnt_20.0 - Multiclass Task",
        "accuracy": 0.9278522866589888,
        "f1": 0.42720122663271265,
        "mcc": 0.741258135021294,
        "auc": NaN
    }
}