{
    "model": "experiments/cnn_lstm_trial_Experiment_noise_FIN Flag Cnt_30.0.pt",
    "model_type": "CNN-LSTM",
    "label": "Experiment_noise_FIN Flag Cnt_30.0",
    "mcc_bin": 0.7262229654780531,
    "mcc_mul": 0.6742640316340625,
    "mean_mcc": 0.7002434985560577,
    "val_loss": 0.778617465336408,
    "cm_bin": [
        [
            22070,
            261
        ],
        [
            1677,
            2909
        ]
    ],
    "cm_mul": [
        [
            22115,
            10,
            15,
            3,
            0,
            164,
            20,
            0,
            4,
            0,
            0,
            0,
            0
        ],
        [
            0,
            1158,
            1,
            0,
            0,
            0,
            0,
            0,
            0,
            0,
            0,
            0,
            0
        ],
        [
            932,
            0,
            9,
            0,
            0,
            0,
            0,
            0,
            0,
            0,
            0,
            0,
            0
        ],
        [
            39,
            75,
            7,
            661,
            0,
            0,
            0,
            0,
            0,
            0,
            0,
            0,
            0
        ],
        [
            458,
            0,
            8,
            0,
            0,
            0,
            0,
            0,
            0,
            0,
            0,
            0,
            0
        ],
        [
            0,
            4,
            0,
            0,
            0,
            303,
            0,
            0,
            9,
            0,
            0,
            0,
            0
        ],
        [
            4,
            98,
            0,
            0,
            0,
            209,
            15,
            0,
            0,
            0,
            0,
            0,
            0
        ],
        [
            262,
            0,
            1,
            0,
            0,
            7,
            0,
            0,
            0,
            0,
            0,
            0,
            0
        ],
        [
            0,
            0,
            0,
            0,
            0,
            0,
            0,
            0,
            235,
            0,
            0,
            0,
            0
        ],
        [
            13,
            33,
            10,
            0,
            0,
            4,
            7,
            0,
            0,
            0,
            0,
            0,
            0
        ],
        [
            18,
            0,
            1,
            0,
            0,
            0,
            0,
            0,
            0,
            0,
            0,
            0,
            0
        ],
        [
            3,
            0,
            0,
            0,
            0,
            0,
            0,
            0,
            0,
            0,
            0,
            0,
            0
        ],
        [
            2,
            0,
            0,
            0,
            0,
            0,
            0,
            0,
            0,
            0,
            0,
            0,
            0
        ]
    ],
    "feature_importance": {
        "Down/Up Ratio": 0.10545193687230955,
        "Dst Port": 0.7073170731707323,
        "FIN Flag Cnt": 0.0,
        "Flow Pkts/s": 0.15279770444763366,
        "Fwd Pkt Len Max": 0.6083213773314204,
        "Init Bwd Win Byts": 0.07890961262553874,
        "Init Fwd Win Byts": 1.0,
        "Protocol": 0.058823529411765586
    },
    "params": {
        "nb_filters": 32,
        "kernel_size": 3,
        "lstm_units_1": 128,
        "lstm_units_2": 256,
        "dropout": 0.1,
        "lr": 0.0008204643365323959,
        "batch_size": 4096
    },
    "metrics_binary": {
        "task": "Trial Experiment_noise_FIN Flag Cnt_30.0 - Binary Task",
        "accuracy": 0.928000891629825,
        "f1": 0.7501289324394017,
        "mcc": 0.7262229654780531,
        "auc": 0.9432561377864337
    },
    "metrics_multiclass": {
        "task": "Trial Experiment_noise_FIN Flag Cnt_30.0 - Multiclass Task",
        "accuracy": 0.9100568414013449,
        "f1": 0.34322250300177554,
        "mcc": 0.6742640316340625,
        "auc": NaN
    }
}