{
    "model": "experiments/cnn_lstm_trial_Experiment_outliers_Timestamp_5.0.pt",
    "model_type": "CNN-LSTM",
    "label": "Experiment_outliers_Timestamp_5.0",
    "mcc_bin": 0.8608085076706177,
    "mcc_mul": 0.8537125066061971,
    "mean_mcc": 0.8572605071384074,
    "val_loss": 0.3008701524564198,
    "cm_bin": [
        [
            22229,
            102
        ],
        [
            923,
            3663
        ]
    ],
    "cm_mul": [
        [
            22229,
            0,
            49,
            2,
            37,
            1,
            2,
            0,
            0,
            11,
            0,
            0,
            0
        ],
        [
            0,
            1159,
            0,
            0,
            0,
            0,
            0,
            0,
            0,
            0,
            0,
            0,
            0
        ],
        [
            539,
            0,
            360,
            12,
            30,
            0,
            0,
            0,
            0,
            0,
            0,
            0,
            0
        ],
        [
            13,
            0,
            1,
            731,
            21,
            0,
            0,
            0,
            0,
            16,
            0,
            0,
            0
        ],
        [
            41,
            0,
            0,
            0,
            425,
            0,
            0,
            0,
            0,
            0,
            0,
            0,
            0
        ],
        [
            64,
            0,
            0,
            0,
            0,
            250,
            0,
            0,
            2,
            0,
            0,
            0,
            0
        ],
        [
            10,
            0,
            0,
            0,
            0,
            0,
            316,
            0,
            0,
            0,
            0,
            0,
            0
        ],
        [
            268,
            0,
            1,
            0,
            0,
            0,
            0,
            0,
            1,
            0,
            0,
            0,
            0
        ],
        [
            0,
            0,
            0,
            0,
            0,
            0,
            0,
            0,
            235,
            0,
            0,
            0,
            0
        ],
        [
            8,
            0,
            0,
            0,
            1,
            0,
            0,
            0,
            0,
            58,
            0,
            0,
            0
        ],
        [
            16,
            0,
            0,
            0,
            3,
            0,
            0,
            0,
            0,
            0,
            0,
            0,
            0
        ],
        [
            3,
            0,
            0,
            0,
            0,
            0,
            0,
            0,
            0,
            0,
            0,
            0,
            0
        ],
        [
            2,
            0,
            0,
            0,
            0,
            0,
            0,
            0,
            0,
            0,
            0,
            0,
            0
        ]
    ],
    "feature_importance": {
        "Down/Up Ratio": 0.04665071770334991,
        "Dst Port": 0.6303827751196177,
        "FIN Flag Cnt": 0.0027910685805425366,
        "Flow Pkts/s": 0.1754385964912283,
        "Fwd Pkt Len Max": 0.7388357256778311,
        "Init Bwd Win Byts": 0.3361244019138755,
        "Init Fwd Win Byts": 1.0,
        "Protocol": 0.23644338118022332
    },
    "params": {
        "nb_filters": 32,
        "kernel_size": 3,
        "lstm_units_1": 128,
        "lstm_units_2": 256,
        "dropout": 0.1,
        "lr": 0.0008204643365323959,
        "batch_size": 4096
    },
    "metrics_binary": {
        "task": "Trial Experiment_outliers_Timestamp_5.0 - Binary Task",
        "accuracy": 0.9619199762232047,
        "f1": 0.8772602083582804,
        "mcc": 0.8608085076706177,
        "auc": 0.9745861110821968
    },
    "metrics_multiclass": {
        "task": "Trial Experiment_outliers_Timestamp_5.0 - Multiclass Task",
        "accuracy": 0.9571274659137348,
        "f1": 0.6116366928221755,
        "mcc": 0.8537125066061971,
        "auc": NaN
    }
}