{
    "model": "experiments/cnn_lstm_trial_Experiment_outliers_FIN Flag Cnt_5.0.pt",
    "model_type": "CNN-LSTM",
    "label": "Experiment_outliers_FIN Flag Cnt_5.0",
    "mcc_bin": 0.7862746086218083,
    "mcc_mul": 0.7807544629594472,
    "mean_mcc": 0.7835145357906277,
    "val_loss": 0.4964056360934462,
    "cm_bin": [
        [
            22246,
            84
        ],
        [
            1461,
            3126
        ]
    ],
    "cm_mul": [
        [
            22288,
            0,
            0,
            2,
            31,
            5,
            2,
            0,
            0,
            2,
            0,
            0,
            0
        ],
        [
            0,
            1159,
            0,
            1,
            0,
            0,
            0,
            0,
            0,
            0,
            0,
            0,
            0
        ],
        [
            946,
            0,
            0,
            0,
            3,
            0,
            0,
            0,
            0,
            0,
            0,
            0,
            0
        ],
        [
            4,
            0,
            0,
            804,
            8,
            0,
            3,
            0,
            0,
            2,
            0,
            0,
            0
        ],
        [
            271,
            0,
            0,
            0,
            143,
            0,
            0,
            0,
            0,
            0,
            0,
            0,
            0
        ],
        [
            0,
            0,
            0,
            0,
            0,
            319,
            0,
            0,
            0,
            0,
            0,
            0,
            0
        ],
        [
            5,
            0,
            0,
            0,
            51,
            0,
            268,
            0,
            0,
            6,
            0,
            0,
            0
        ],
        [
            264,
            0,
            0,
            0,
            0,
            0,
            0,
            0,
            0,
            0,
            0,
            0,
            0
        ],
        [
            0,
            0,
            0,
            0,
            0,
            0,
            0,
            0,
            235,
            0,
            0,
            0,
            0
        ],
        [
            12,
            0,
            0,
            0,
            22,
            0,
            18,
            0,
            0,
            16,
            0,
            0,
            0
        ],
        [
            23,
            0,
            0,
            0,
            0,
            0,
            0,
            0,
            0,
            0,
            0,
            0,
            0
        ],
        [
            3,
            0,
            0,
            0,
            0,
            0,
            0,
            0,
            0,
            0,
            0,
            0,
            0
        ],
        [
            1,
            0,
            0,
            0,
            0,
            0,
            0,
            0,
            0,
            0,
            0,
            0,
            0
        ]
    ],
    "feature_importance": {
        "Down/Up Ratio": 0.011641006383778183,
        "Dst Port": 0.4746526473901611,
        "FIN Flag Cnt": 0.0011265490048811807,
        "Flow Pkts/s": 0.11415696582801386,
        "Fwd Pkt Len Max": 0.4479909876079612,
        "Init Bwd Win Byts": 0.1490799849793462,
        "Init Fwd Win Byts": 1.0,
        "Protocol": 0.06571535861809955
    },
    "params": {
        "nb_filters": 32,
        "kernel_size": 3,
        "lstm_units_1": 128,
        "lstm_units_2": 256,
        "dropout": 0.1,
        "lr": 0.0008204643365323959,
        "batch_size": 4096
    },
    "metrics_binary": {
        "task": "Trial Experiment_outliers_FIN Flag Cnt_5.0 - Binary Task",
        "accuracy": 0.942601330014489,
        "f1": 0.8018468641785302,
        "mcc": 0.7862746086218083,
        "auc": 0.9649006748271537
    },
    "metrics_multiclass": {
        "task": "Trial Experiment_outliers_FIN Flag Cnt_5.0 - Multiclass Task",
        "accuracy": 0.9374001560352194,
        "f1": 0.5057391613893653,
        "mcc": 0.7807544629594472,
        "auc": NaN
    }
}