{
    "model": "experiments/cnn_lstm_trial_Experiment_noise_Down_Up Ratio_1.0.pt",
    "model_type": "CNN-LSTM",
    "label": "Experiment_noise_Down_Up Ratio_1.0",
    "mcc_bin": 0.7343437799171659,
    "mcc_mul": 0.6740399593836365,
    "mean_mcc": 0.7041918696504013,
    "val_loss": 0.7273922747533236,
    "cm_bin": [
        [
            22123,
            208
        ],
        [
            1677,
            2909
        ]
    ],
    "cm_mul": [
        [
            22200,
            7,
            18,
            0,
            0,
            83,
            22,
            0,
            1,
            0,
            0,
            0,
            0
        ],
        [
            1,
            1158,
            0,
            0,
            0,
            0,
            0,
            0,
            0,
            0,
            0,
            0,
            0
        ],
        [
            917,
            0,
            24,
            0,
            0,
            0,
            0,
            0,
            0,
            0,
            0,
            0,
            0
        ],
        [
            68,
            80,
            17,
            615,
            0,
            0,
            2,
            0,
            0,
            0,
            0,
            0,
            0
        ],
        [
            455,
            1,
            9,
            0,
            0,
            1,
            0,
            0,
            0,
            0,
            0,
            0,
            0
        ],
        [
            36,
            10,
            0,
            0,
            0,
            222,
            0,
            0,
            48,
            0,
            0,
            0,
            0
        ],
        [
            49,
            10,
            0,
            0,
            0,
            206,
            61,
            0,
            0,
            0,
            0,
            0,
            0
        ],
        [
            253,
            1,
            1,
            0,
            0,
            14,
            1,
            0,
            0,
            0,
            0,
            0,
            0
        ],
        [
            0,
            0,
            0,
            0,
            0,
            0,
            0,
            0,
            235,
            0,
            0,
            0,
            0
        ],
        [
            41,
            16,
            3,
            0,
            0,
            2,
            5,
            0,
            0,
            0,
            0,
            0,
            0
        ],
        [
            19,
            0,
            0,
            0,
            0,
            0,
            0,
            0,
            0,
            0,
            0,
            0,
            0
        ],
        [
            3,
            0,
            0,
            0,
            0,
            0,
            0,
            0,
            0,
            0,
            0,
            0,
            0
        ],
        [
            2,
            0,
            0,
            0,
            0,
            0,
            0,
            0,
            0,
            0,
            0,
            0,
            0
        ]
    ],
    "feature_importance": {
        "Down/Up Ratio": 0.005629477993858637,
        "Dst Port": 0.6821903787103367,
        "FIN Flag Cnt": 0.0,
        "Flow Pkts/s": 0.1857727737973396,
        "Fwd Pkt Len Max": 0.4769703172978508,
        "Init Bwd Win Byts": 0.14380757420675566,
        "Init Fwd Win Byts": 1.0,
        "Protocol": 0.26305015353121797
    },
    "params": {
        "nb_filters": 32,
        "kernel_size": 3,
        "lstm_units_1": 128,
        "lstm_units_2": 256,
        "dropout": 0.1,
        "lr": 0.0008204643365323959,
        "batch_size": 4096
    },
    "metrics_binary": {
        "task": "Trial Experiment_noise_Down_Up Ratio_1.0 - Binary Task",
        "accuracy": 0.9299699074934057,
        "f1": 0.7552901466960924,
        "mcc": 0.7343437799171659,
        "auc": 0.9475520331683344
    },
    "metrics_multiclass": {
        "task": "Trial Experiment_noise_Down_Up Ratio_1.0 - Multiclass Task",
        "accuracy": 0.9107627150128171,
        "f1": 0.35060595740932954,
        "mcc": 0.6740399593836365,
        "auc": NaN
    }
}