{
    "model": "experiments/cnn_lstm_trial_Experiment_outliers_Down_Up Ratio_1.0.pt",
    "model_type": "CNN-LSTM",
    "label": "Experiment_outliers_Down_Up Ratio_1.0",
    "mcc_bin": 0.759198999381735,
    "mcc_mul": 0.7199237515244474,
    "mean_mcc": 0.7395613754530912,
    "val_loss": 0.5905931086412498,
    "cm_bin": [
        [
            22171,
            159
        ],
        [
            1564,
            3023
        ]
    ],
    "cm_mul": [
        [
            22228,
            0,
            0,
            0,
            18,
            66,
            13,
            0,
            2,
            3,
            0,
            0,
            0
        ],
        [
            1,
            1159,
            0,
            0,
            0,
            0,
            0,
            0,
            0,
            0,
            0,
            0,
            0
        ],
        [
            949,
            0,
            0,
            0,
            0,
            0,
            0,
            0,
            0,
            0,
            0,
            0,
            0
        ],
        [
            11,
            0,
            0,
            810,
            0,
            0,
            0,
            0,
            0,
            0,
            0,
            0,
            0
        ],
        [
            368,
            0,
            0,
            2,
            43,
            0,
            1,
            0,
            0,
            0,
            0,
            0,
            0
        ],
        [
            16,
            0,
            0,
            0,
            0,
            245,
            0,
            0,
            58,
            0,
            0,
            0,
            0
        ],
        [
            5,
            0,
            0,
            0,
            0,
            251,
            74,
            0,
            0,
            0,
            0,
            0,
            0
        ],
        [
            257,
            0,
            0,
            0,
            0,
            4,
            0,
            0,
            3,
            0,
            0,
            0,
            0
        ],
        [
            0,
            0,
            0,
            0,
            0,
            0,
            0,
            0,
            235,
            0,
            0,
            0,
            0
        ],
        [
            24,
            1,
            0,
            0,
            13,
            2,
            9,
            0,
            0,
            19,
            0,
            0,
            0
        ],
        [
            23,
            0,
            0,
            0,
            0,
            0,
            0,
            0,
            0,
            0,
            0,
            0,
            0
        ],
        [
            3,
            0,
            0,
            0,
            0,
            0,
            0,
            0,
            0,
            0,
            0,
            0,
            0
        ],
        [
            1,
            0,
            0,
            0,
            0,
            0,
            0,
            0,
            0,
            0,
            0,
            0,
            0
        ]
    ],
    "feature_importance": {
        "Down/Up Ratio": 0.0069799906933452295,
        "Dst Port": 0.6468124709167052,
        "FIN Flag Cnt": 0.0018613308515584499,
        "Flow Pkts/s": 0.10283852954862695,
        "Fwd Pkt Len Max": 0.3671475104699852,
        "Init Bwd Win Byts": 0.28617961842717526,
        "Init Fwd Win Byts": 1.0,
        "Protocol": 0.09958120055839861
    },
    "params": {
        "nb_filters": 32,
        "kernel_size": 3,
        "lstm_units_1": 128,
        "lstm_units_2": 256,
        "dropout": 0.1,
        "lr": 0.0008204643365323959,
        "batch_size": 4096
    },
    "metrics_binary": {
        "task": "Trial Experiment_outliers_Down_Up Ratio_1.0 - Binary Task",
        "accuracy": 0.9359884088122747,
        "f1": 0.7782211352812459,
        "mcc": 0.759198999381735,
        "auc": 0.9575829187238493
    },
    "metrics_multiclass": {
        "task": "Trial Experiment_outliers_Down_Up Ratio_1.0 - Multiclass Task",
        "accuracy": 0.9218337853401196,
        "f1": 0.41018277273599596,
        "mcc": 0.7199237515244474,
        "auc": NaN
    }
}