{
    "model": "experiments/cnn_lstm_trial_Experiment_outliers_Down_Up Ratio_50.0.pt",
    "model_type": "CNN-LSTM",
    "label": "Experiment_outliers_Down_Up Ratio_50.0",
<<<<<<< HEAD:experiments/cnn_lstm_trial_Experiment_outliers_Down_Up Ratio_50.0_artifacts.json
    "mcc_bin": 0.7308072330298905,
    "mcc_mul": 0.7214986588253984,
    "mean_mcc": 0.7261529459276445,
    "val_loss": 0.6733588352799416,
    "cm_bin": [
        [
            22086,
            157
        ],
        [
            1764,
            2856
=======
    "mcc_bin": 0.7548383744529651,
    "mcc_mul": 0.6920231768829265,
    "mean_mcc": 0.7234307756679458,
    "val_loss": 0.6524863897689751,
    "cm_bin": [
        [
            22150,
            181
        ],
        [
            1570,
            3016
>>>>>>> a448b70f92ad6f09c001173f0f5fcb64bd2e2232:experiments3/cnn_lstm_trial_Experiment_outliers_Down_Up Ratio_50.0_artifacts.json
        ]
    ],
    "cm_mul": [
        [
<<<<<<< HEAD:experiments/cnn_lstm_trial_Experiment_outliers_Down_Up Ratio_50.0_artifacts.json
            22157,
            0,
            0,
            0,
            46,
            31,
            8,
            0,
            0,
            1,
            0,
            0,
            0
        ],
        [
            1,
            1170,
            0,
            0,
            0,
            0,
            0,
            0,
            0,
            0,
            0,
            0,
            0
        ],
        [
            988,
            0,
            0,
            0,
            0,
            0,
            0,
            0,
            0,
            0,
            0,
            0,
            0
        ],
        [
            342,
            0,
            0,
            412,
            5,
            0,
            0,
            0,
            0,
            2,
            0,
            0,
            0
        ],
        [
            286,
            0,
            0,
            0,
            188,
            0,
            0,
            0,
            0,
            0,
=======
            22182,
            1,
            0,
            2,
            59,
            46,
            40,
            0,
            0,
            1,
>>>>>>> a448b70f92ad6f09c001173f0f5fcb64bd2e2232:experiments3/cnn_lstm_trial_Experiment_outliers_Down_Up Ratio_50.0_artifacts.json
            0,
            0,
            0
        ],
        [
            1,
<<<<<<< HEAD:experiments/cnn_lstm_trial_Experiment_outliers_Down_Up Ratio_50.0_artifacts.json
=======
            1158,
            0,
>>>>>>> a448b70f92ad6f09c001173f0f5fcb64bd2e2232:experiments3/cnn_lstm_trial_Experiment_outliers_Down_Up Ratio_50.0_artifacts.json
            0,
            0,
            0,
            0,
<<<<<<< HEAD:experiments/cnn_lstm_trial_Experiment_outliers_Down_Up Ratio_50.0_artifacts.json
            303,
            0,
            0,
            5,
=======
            0,
            0,
>>>>>>> a448b70f92ad6f09c001173f0f5fcb64bd2e2232:experiments3/cnn_lstm_trial_Experiment_outliers_Down_Up Ratio_50.0_artifacts.json
            0,
            0,
            0,
            0
        ],
        [
<<<<<<< HEAD:experiments/cnn_lstm_trial_Experiment_outliers_Down_Up Ratio_50.0_artifacts.json
            1,
            1,
            0,
            0,
            9,
            0,
            290,
            0,
            0,
            13,
            0,
            0,
            0
        ],
        [
            274,
            0,
            0,
            0,
            1,
            0,
            0,
            0,
            0,
            0,
            0,
            0,
            0
        ],
        [
            0,
            0,
            0,
            0,
            0,
            0,
            0,
            0,
            230,
            0,
            0,
            0,
            0
        ],
        [
            33,
            0,
            0,
            0,
            28,
=======
            941,
            0,
            0,
            0,
            0,
            0,
            0,
            0,
            0,
            0,
            0,
            0,
            0
        ],
        [
            41,
            1,
            0,
            246,
            480,
>>>>>>> a448b70f92ad6f09c001173f0f5fcb64bd2e2232:experiments3/cnn_lstm_trial_Experiment_outliers_Down_Up Ratio_50.0_artifacts.json
            0,
            0,
            0,
            0,
            14,
            0,
            0,
            0
        ],
        [
<<<<<<< HEAD:experiments/cnn_lstm_trial_Experiment_outliers_Down_Up Ratio_50.0_artifacts.json
=======
            291,
            0,
            0,
            4,
            171,
            0,
            0,
            0,
            0,
            0,
            0,
            0,
            0
        ],
        [
            1,
            0,
            0,
            0,
            0,
            315,
            0,
            0,
            0,
            0,
            0,
            0,
            0
        ],
        [
            2,
            2,
            0,
            0,
            0,
            29,
            293,
            0,
            0,
            0,
            0,
            0,
            0
        ],
        [
            264,
            0,
            0,
            0,
            3,
            3,
            0,
            0,
            0,
            0,
            0,
            0,
            0
        ],
        [
            0,
            0,
            0,
            0,
            0,
            0,
            0,
            0,
            235,
            0,
            0,
            0,
            0
        ],
        [
            20,
            2,
            0,
            2,
            34,
            0,
            0,
            0,
            0,
            9,
            0,
            0,
            0
        ],
        [
>>>>>>> a448b70f92ad6f09c001173f0f5fcb64bd2e2232:experiments3/cnn_lstm_trial_Experiment_outliers_Down_Up Ratio_50.0_artifacts.json
            19,
            0,
            0,
            0,
            0,
            0,
            0,
            0,
            0,
            0,
            0,
            0,
            0
        ],
        [
            3,
            0,
            0,
            0,
            0,
            0,
            0,
            0,
            0,
            0,
            0,
            0,
            0
        ],
        [
<<<<<<< HEAD:experiments/cnn_lstm_trial_Experiment_outliers_Down_Up Ratio_50.0_artifacts.json
            1,
=======
            2,
>>>>>>> a448b70f92ad6f09c001173f0f5fcb64bd2e2232:experiments3/cnn_lstm_trial_Experiment_outliers_Down_Up Ratio_50.0_artifacts.json
            0,
            0,
            0,
            0,
            0,
            0,
            0,
            0,
            0,
            0,
            0,
            0
        ]
    ],
    "feature_importance": {
<<<<<<< HEAD:experiments/cnn_lstm_trial_Experiment_outliers_Down_Up Ratio_50.0_artifacts.json
        "Down/Up Ratio": 0.0,
        "Dst Port": 0.6125751271382344,
        "FIN Flag Cnt": 0.0032362459546934623,
        "Flow Pkts/s": 0.19648636153490506,
        "Fwd Pkt Len Max": 0.4373555247341652,
        "Init Bwd Win Byts": 0.12528895053166958,
        "Init Fwd Win Byts": 1.0,
        "Protocol": 0.12205270457697612
=======
        "Down/Up Ratio": 0.0025614754098358798,
        "Dst Port": 0.6567622950819676,
        "FIN Flag Cnt": 0.0010245901639334334,
        "Flow Pkts/s": 0.2310450819672135,
        "Fwd Pkt Len Max": 0.6209016393442622,
        "Init Bwd Win Byts": 0.1275614754098357,
        "Init Fwd Win Byts": 1.0,
        "Protocol": 0.20389344262295073
>>>>>>> a448b70f92ad6f09c001173f0f5fcb64bd2e2232:experiments3/cnn_lstm_trial_Experiment_outliers_Down_Up Ratio_50.0_artifacts.json
    },