{
    "model": "experiments/cnn_lstm_trial_Experiment_noise_Down_Up Ratio_5.0.pt",
    "model_type": "CNN-LSTM",
    "label": "Experiment_noise_Down_Up Ratio_5.0",
    "mcc_bin": 0.7272521564713608,
    "mcc_mul": 0.45722282896604377,
    "mean_mcc": 0.5922374927187023,
    "val_loss": 0.8573423328676394,
    "cm_bin": [
        [
            22081,
            162
        ],
        [
            1782,
            2838
        ]
    ],
    "cm_mul": [
        [
            22202,
            31,
            4,
            0,
            0,
            0,
            6,
            0,
            0,
            0,
            0,
            0,
            0
        ],
        [
            0,
            622,
            1,
            0,
            0,
            0,
            0,
            0,
            548,
            0,
            0,
            0,
            0
        ],
        [
            985,
            0,
            3,
            0,
            0,
            0,
            0,
            0,
            0,
            0,
            0,
            0,
            0
        ],
        [
            533,
            85,
            3,
            131,
            0,
            0,
            9,
            0,
            0,
            0,
            0,
            0,
            0
        ],
        [
            474,
            0,
            0,
            0,
            0,
            0,
            0,
            0,
            0,
            0,
            0,
            0,
            0
        ],
        [
            142,
            108,
            0,
            0,
            0,
            59,
            0,
            0,
            0,
            0,
            0,
            0,
            0
        ],
        [
            84,
            198,
            1,
            0,
            0,
            0,
            31,
            0,
            0,
            0,
            0,
            0,
            0
        ],
        [
            275,
            0,
            0,
            0,
            0,
            0,
            0,
            0,
            0,
            0,
            0,
            0,
            0
        ],
        [
            0,
            90,
            0,
            0,
            0,
            0,
            0,
            0,
            140,
            0,
            0,
            0,
            0
        ],
        [
            24,
            43,
            3,
            0,
            0,
            0,
            5,
            0,
            0,
            0,
            0,
            0,
            0
        ],
        [
            19,
            0,
            0,
            0,
            0,
            0,
            0,
            0,
            0,
            0,
            0,
            0,
            0
        ],
        [
            3,
            0,
            0,
            0,
            0,
            0,
            0,
            0,
            0,
            0,
            0,
            0,
            0
        ],
        [
            1,
            0,
            0,
            0,
            0,
            0,
            0,
            0,
            0,
            0,
            0,
            0,
            0
        ]
    ],
    "feature_importance": {
        "Down/Up Ratio": 0.0,
        "Dst Port": 0.5478983382209192,
        "FIN Flag Cnt": 0.0024437927663740954,
        "Flow Pkts/s": 0.12267839687194607,
        "Fwd Pkt Len Max": 0.6104594330400785,
        "Init Bwd Win Byts": 0.16862170087976594,
        "Init Fwd Win Byts": 1.0,
        "Protocol": 0.1994134897360708
    },
    "params": {
        "nb_filters": 32,
        "kernel_size": 3,
        "lstm_units_1": 128,
        "lstm_units_2": 256,
        "dropout": 0.1,
        "lr": 0.0008204643365323959,
        "batch_size": 4096
    },
    "metrics_binary": {
        "task": "Trial Experiment_noise_Down_Up Ratio_5.0 - Binary Task",
        "accuracy": 0.9276328034843465,
        "f1": 0.7448818897637796,
        "mcc": 0.7272521564713608,
        "auc": 0.940765118380548
    },
    "metrics_multiclass": {
        "task": "Trial Experiment_noise_Down_Up Ratio_5.0 - Multiclass Task",
        "accuracy": 0.8631947288091427,
        "f1": 0.19770079146323172,
        "mcc": 0.45722282896604377,
        "auc": 0.854692849402777
    }
}