{
    "model": "experiments/cnn_lstm_trial_Experiment_outliers_Down_Up Ratio_75.0.pt",
    "model_type": "CNN-LSTM",
    "label": "Experiment_outliers_Down_Up Ratio_75.0",
    "mcc_bin": 0.755738540568685,
    "mcc_mul": 0.7522487641201371,
    "mean_mcc": 0.7539936523444111,
    "val_loss": 0.5430744636271682,
    "cm_bin": [
        [
            22013,
            318
        ],
        [
            1430,
            3156
        ]
    ],
    "cm_mul": [
        [
            22042,
            0,
            0,
            0,
            86,
            163,
            38,
            0,
            2,
            0,
            0,
            0,
            0
        ],
        [
            1,
            1158,
            0,
            0,
            0,
            0,
            0,
            0,
            0,
            0,
            0,
            0,
            0
        ],
        [
            941,
            0,
            0,
            0,
            0,
            0,
            0,
            0,
            0,
            0,
            0,
            0,
            0
        ],
        [
            22,
            0,
            0,
            703,
            55,
            0,
            0,
            0,
            0,
            2,
            0,
            0,
            0
        ],
        [
            230,
            0,
            0,
            1,
            235,
            0,
            0,
            0,
            0,
            0,
            0,
            0,
            0
        ],
        [
            1,
            0,
            0,
            0,
            0,
            315,
            0,
            0,
            0,
            0,
            0,
            0,
            0
        ],
        [
            1,
            0,
            0,
            0,
            0,
            4,
            321,
            0,
            0,
            0,
            0,
            0,
            0
        ],
        [
            248,
            0,
            0,
            0,
            2,
            20,
            0,
            0,
            0,
            0,
            0,
            0,
            0
        ],
        [
            0,
            0,
            0,
            0,
            0,
            0,
            0,
            0,
            235,
            0,
            0,
            0,
            0
        ],
        [
            16,
            2,
            0,
            0,
            29,
            0,
            9,
            0,
            0,
            11,
            0,
            0,
            0
        ],
        [
            19,
            0,
            0,
            0,
            0,
            0,
            0,
            0,
            0,
            0,
            0,
            0,
            0
        ],
        [
            3,
            0,
            0,
            0,
            0,
            0,
            0,
            0,
            0,
            0,
            0,
            0,
            0
        ],
        [
            2,
            0,
            0,
            0,
            0,
            0,
            0,
            0,
            0,
            0,
            0,
            0,
            0
        ]
    ],
    "feature_importance": {
        "Down/Up Ratio": 0.003225806451613214,
        "Dst Port": 0.7940092165898613,
        "FIN Flag Cnt": 0.0004608294930877988,
        "Flow Pkts/s": 0.16313364055299537,
        "Fwd Pkt Len Max": 0.4695852534562218,
        "Init Bwd Win Byts": 0.2875576036866363,
        "Init Fwd Win Byts": 1.0,
        "Protocol": 0.20829493087557624
    },
    "params": {
        "nb_filters": 32,
        "kernel_size": 3,
        "lstm_units_1": 128,
        "lstm_units_2": 256,
        "dropout": 0.1,
        "lr": 0.0008204643365323959,
        "batch_size": 4096
    },
    "metrics_binary": {
        "task": "Trial Experiment_outliers_Down_Up Ratio_75.0 - Binary Task",
        "accuracy": 0.9350596277445481,
        "f1": 0.7831265508684864,
        "mcc": 0.755738540568685,
        "auc": 0.9612270840906245
    },
    "metrics_multiclass": {
        "task": "Trial Experiment_outliers_Down_Up Ratio_75.0 - Multiclass Task",
        "accuracy": 0.9295240925808969,
        "f1": 0.49312201525936544,
        "mcc": 0.7522487641201371,
        "auc": NaN
    }
}