{
    "model": "experiments/cnn_lstm_trial_Experiment_outliers_Timestamp_1.0.pt",
    "model_type": "CNN-LSTM",
    "label": "Experiment_outliers_Timestamp_1.0",
    "mcc_bin": 0.8416024927311687,
    "mcc_mul": 0.812773774477726,
    "mean_mcc": 0.8271881336044473,
    "val_loss": 0.34647429681250025,
    "cm_bin": [
        [
            22118,
            125
        ],
        [
            1042,
            3578
        ]
    ],
    "cm_mul": [
        [
            22168,
            1,
            4,
            2,
            22,
            32,
            2,
            7,
            3,
            2,
            0,
            0,
            0
        ],
        [
            0,
            1170,
            1,
            0,
            0,
            0,
            0,
            0,
            0,
            0,
            0,
            0,
            0
        ],
        [
            809,
            0,
            66,
            1,
            112,
            0,
            0,
            0,
            0,
            0,
            0,
            0,
            0
        ],
        [
            30,
            1,
            17,
            678,
            20,
            0,
            0,
            0,
            0,
            15,
            0,
            0,
            0
        ],
        [
            65,
            0,
            0,
            0,
            409,
            0,
            0,
            0,
            0,
            0,
            0,
            0,
            0
        ],
        [
            3,
            0,
            0,
            0,
            0,
            306,
            0,
            0,
            0,
            0,
            0,
            0,
            0
        ],
        [
            3,
            0,
            0,
            0,
            0,
            0,
            311,
            0,
            0,
            0,
            0,
            0,
            0
        ],
        [
            273,
            0,
            0,
            0,
            0,
            0,
            0,
            2,
            0,
            0,
            0,
            0,
            0
        ],
        [
            0,
            0,
            0,
            0,
            0,
            0,
            0,
            0,
            230,
            0,
            0,
            0,
            0
        ],
        [
            16,
            0,
            0,
            0,
            5,
            0,
            1,
            0,
            0,
            53,
            0,
            0,
            0
        ],
        [
            17,
            0,
            0,
            0,
            2,
            0,
            0,
            0,
            0,
            0,
            0,
            0,
            0
        ],
        [
            1,
            1,
            0,
            1,
            0,
            0,
            0,
            0,
            0,
            0,
            0,
            0,
            0
        ],
        [
            1,
            0,
            0,
            0,
            0,
            0,
            0,
            0,
            0,
            0,
            0,
            0,
            0
        ]
    ],
    "feature_importance": {
        "Down/Up Ratio": 0.09210526315789508,
        "Dst Port": 0.5181365576102416,
        "FIN Flag Cnt": 0.003911806543385525,
        "Flow Pkts/s": 0.12233285917496475,
        "Fwd Pkt Len Max": 0.5337837837837837,
        "Init Bwd Win Byts": 0.23008534850640086,
        "Init Fwd Win Byts": 1.0,
        "Protocol": 0.166429587482219
    },
    "params": {
        "nb_filters": 32,
        "kernel_size": 3,
        "lstm_units_1": 128,
        "lstm_units_2": 256,
        "dropout": 0.1,
        "lr": 0.0008204643365323959,
        "batch_size": 4096
    },
    "metrics_binary": {
        "task": "Trial Experiment_outliers_Timestamp_1.0 - Binary Task",
        "accuracy": 0.9565573465361278,
        "f1": 0.8597861348071609,
        "mcc": 0.8416024927311687,
        "auc": 0.9740400842095758
    },
    "metrics_multiclass": {
        "task": "Trial Experiment_outliers_Timestamp_1.0 - Multiclass Task",
        "accuracy": 0.945277891523657,
        "f1": 0.5762197106676685,
        "mcc": 0.812773774477726,
        "auc": 0.9553042433274366
    }
}