{
    "model": "experiments/cnn_lstm_trial_Experiment_missing_Down_Up Ratio_50.0.pt",
    "model_type": "CNN-LSTM",
    "label": "Experiment_missing_Down_Up Ratio_50.0",
<<<<<<< HEAD:experiments/cnn_lstm_trial_Experiment_missing_Down_Up Ratio_50.0_artifacts.json
    "mcc_bin": 0.7435456535501133,
    "mcc_mul": 0.7482454941565545,
    "mean_mcc": 0.7458955738533339,
    "val_loss": 0.5676985776850155,
    "cm_bin": [
        [
            22029,
            214
        ],
        [
            1622,
            2998
=======
    "mcc_bin": 0.7271271904929754,
    "mcc_mul": 0.6577125532108662,
    "mean_mcc": 0.6924198718519208,
    "val_loss": 0.8382502907354917,
    "cm_bin": [
        [
            22192,
            139
        ],
        [
            1795,
            2791
>>>>>>> a448b70f92ad6f09c001173f0f5fcb64bd2e2232:experiments3/cnn_lstm_trial_Experiment_missing_Down_Up Ratio_50.0_artifacts.json
        ]
    ],
    "cm_mul": [
        [
<<<<<<< HEAD:experiments/cnn_lstm_trial_Experiment_missing_Down_Up Ratio_50.0_artifacts.json
            22088,
            0,
            0,
            1,
            27,
            77,
            38,
            0,
            2,
            10,
=======
            22236,
            12,
            0,
            0,
            0,
            73,
            2,
            0,
            8,
            0,
>>>>>>> a448b70f92ad6f09c001173f0f5fcb64bd2e2232:experiments3/cnn_lstm_trial_Experiment_missing_Down_Up Ratio_50.0_artifacts.json
            0,
            0,
            0
        ],
        [
<<<<<<< HEAD:experiments/cnn_lstm_trial_Experiment_missing_Down_Up Ratio_50.0_artifacts.json
            1,
            1170,
            0,
            0,
=======
            0,
            1095,
            0,
            64,
>>>>>>> a448b70f92ad6f09c001173f0f5fcb64bd2e2232:experiments3/cnn_lstm_trial_Experiment_missing_Down_Up Ratio_50.0_artifacts.json
            0,
            0,
            0,
            0,
            0,
            0,
            0,
            0,
            0
        ],
        [
<<<<<<< HEAD:experiments/cnn_lstm_trial_Experiment_missing_Down_Up Ratio_50.0_artifacts.json
            988,
            0,
            0,
            0,
            0,
            0,
            0,
            0,
            0,
            0,
            0,
            0,
            0
        ],
        [
            76,
            0,
            0,
            642,
            29,
            0,
            0,
            0,
            0,
            14,
            0,
            0,
            0
        ],
        [
            321,
            0,
            0,
            1,
            151,
            0,
            0,
            0,
            0,
            1,
            0,
            0,
            0
        ],
        [
=======
            939,
>>>>>>> a448b70f92ad6f09c001173f0f5fcb64bd2e2232:experiments3/cnn_lstm_trial_Experiment_missing_Down_Up Ratio_50.0_artifacts.json
            2,
            0,
            0,
            0,
            0,
<<<<<<< HEAD:experiments/cnn_lstm_trial_Experiment_missing_Down_Up Ratio_50.0_artifacts.json
            307,
=======
>>>>>>> a448b70f92ad6f09c001173f0f5fcb64bd2e2232:experiments3/cnn_lstm_trial_Experiment_missing_Down_Up Ratio_50.0_artifacts.json
            0,
            0,
            0,
            0,
            0,
            0,
            0
        ],
        [
<<<<<<< HEAD:experiments/cnn_lstm_trial_Experiment_missing_Down_Up Ratio_50.0_artifacts.json
=======
            61,
            104,
            0,
            615,
            0,
            0,
            2,
            0,
            0,
            0,
            0,
            0,
            0
        ],
        [
            466,
            0,
            0,
            0,
            0,
            0,
            0,
            0,
            0,
            0,
            0,
            0,
            0
        ],
        [
            57,
            2,
            0,
            0,
            0,
            234,
            0,
            0,
            23,
            0,
            0,
            0,
            0
        ],
        [
            143,
            25,
            0,
            0,
            0,
            153,
            5,
            0,
            0,
            0,
            0,
            0,
            0
        ],
        [
            268,
            1,
            0,
            0,
            0,
>>>>>>> a448b70f92ad6f09c001173f0f5fcb64bd2e2232:experiments3/cnn_lstm_trial_Experiment_missing_Down_Up Ratio_50.0_artifacts.json
            1,
            0,
            0,
            0,
            0,
<<<<<<< HEAD:experiments/cnn_lstm_trial_Experiment_missing_Down_Up Ratio_50.0_artifacts.json
            6,
            307,
            0,
            0,
            0,
            0,
            0,
            0
        ],
        [
            275,
            0,
            0,
            0,
            0,
            0,
            0,
            0,
            0,
            0,
=======
>>>>>>> a448b70f92ad6f09c001173f0f5fcb64bd2e2232:experiments3/cnn_lstm_trial_Experiment_missing_Down_Up Ratio_50.0_artifacts.json
            0,
            0,
            0
        ],
        [
            0,
            0,
            0,
            0,
            0,
            0,
            0,
            0,
<<<<<<< HEAD:experiments/cnn_lstm_trial_Experiment_missing_Down_Up Ratio_50.0_artifacts.json
            230,
=======
            235,
>>>>>>> a448b70f92ad6f09c001173f0f5fcb64bd2e2232:experiments3/cnn_lstm_trial_Experiment_missing_Down_Up Ratio_50.0_artifacts.json
            0,
            0,
            0,
            0
        ],
        [
<<<<<<< HEAD:experiments/cnn_lstm_trial_Experiment_missing_Down_Up Ratio_50.0_artifacts.json
            12,
            1,
            0,
            0,
            4,
            1,
            12,
            0,
            0,
            45,
            0,
=======
            40,
            19,
            0,
            0,
            0,
            1,
            7,
            0,
            0,
            0,
            0,
>>>>>>> a448b70f92ad6f09c001173f0f5fcb64bd2e2232:experiments3/cnn_lstm_trial_Experiment_missing_Down_Up Ratio_50.0_artifacts.json
            0,
            0
        ],
        [
            19,
            0,
            0,
            0,
            0,
            0,
            0,
            0,
            0,
            0,
            0,
            0,
            0
        ],
        [
            3,
            0,
            0,
            0,
            0,
            0,
            0,
            0,
            0,
            0,
            0,
            0,
            0
        ],
        [
<<<<<<< HEAD:experiments/cnn_lstm_trial_Experiment_missing_Down_Up Ratio_50.0_artifacts.json
            1,
=======
            2,
>>>>>>> a448b70f92ad6f09c001173f0f5fcb64bd2e2232:experiments3/cnn_lstm_trial_Experiment_missing_Down_Up Ratio_50.0_artifacts.json
            0,
            0,
            0,
            0,
            0,
            0,
            0,
            0,
            0,
            0,
            0,
            0
        ]
    ],
    "feature_importance": {
<<<<<<< HEAD:experiments/cnn_lstm_trial_Experiment_missing_Down_Up Ratio_50.0_artifacts.json
        "Down/Up Ratio": 0.0073831009023798445,
        "Dst Port": 0.5713699753896635,
        "FIN Flag Cnt": 0.0008203445447090075,
        "Flow Pkts/s": 0.11525840853158374,
        "Fwd Pkt Len Max": 0.35890073831009045,
        "Init Bwd Win Byts": 0.2124692370795742,
        "Init Fwd Win Byts": 1.0,
        "Protocol": 0.12510254306808938
=======
        "Down/Up Ratio": 0.03319743739079789,
        "Dst Port": 0.6709376820034944,
        "FIN Flag Cnt": 0.0,
        "Flow Pkts/s": 0.07454863133372062,
        "Fwd Pkt Len Max": 0.6179382644146768,
        "Init Bwd Win Byts": 0.170064065230051,