{
    "model": "experiments/cnn_lstm_trial_Experiment_missing_FIN Flag Cnt_10.0.pt",
    "model_type": "CNN-LSTM",
    "label": "Experiment_missing_FIN Flag Cnt_10.0",
    "mcc_bin": 0.7532355418057926,
    "mcc_mul": 0.7616612176225674,
    "mean_mcc": 0.75744837971418,
    "val_loss": 0.6020081040582487,
    "cm_bin": [
        [
            22008,
            235
        ],
        [
            1537,
            3083
        ]
    ],
    "cm_mul": [
        [
            22078,
            0,
            0,
            1,
            50,
            61,
            46,
            0,
            0,
            7,
            0,
            0,
            0
        ],
        [
            1,
            1170,
            0,
            0,
            0,
            0,
            0,
            0,
            0,
            0,
            0,
            0,
            0
        ],
        [
            988,
            0,
            0,
            0,
            0,
            0,
            0,
            0,
            0,
            0,
            0,
            0,
            0
        ],
        [
            6,
            0,
            0,
            738,
            16,
            0,
            0,
            0,
            0,
            1,
            0,
            0,
            0
        ],
        [
            294,
            0,
            0,
            1,
            176,
            2,
            1,
            0,
            0,
            0,
            0,
            0,
            0
        ],
        [
            1,
            0,
            0,
            0,
            0,
            308,
            0,
            0,
            0,
            0,
            0,
            0,
            0
        ],
        [
            1,
            0,
            0,
            0,
            0,
            5,
            308,
            0,
            0,
            0,
            0,
            0,
            0
        ],
        [
            274,
            0,
            0,
            0,
            0,
            1,
            0,
            0,
            0,
            0,
            0,
            0,
            0
        ],
        [
            0,
            0,
            0,
            0,
            0,
            0,
            0,
            0,
            230,
            0,
            0,
            0,
            0
        ],
        [
            8,
            1,
            0,
            0,
            43,
            0,
            0,
            0,
            0,
            23,
            0,
            0,
            0
        ],
        [
            19,
            0,
            0,
            0,
            0,
            0,
            0,
            0,
            0,
            0,
            0,
            0,
            0
        ],
        [
            3,
            0,
            0,
            0,
            0,
            0,
            0,
            0,
            0,
            0,
            0,
            0,
            0
        ],
        [
            1,
            0,
            0,
            0,
            0,
            0,
            0,
            0,
            0,
            0,
            0,
            0,
            0
        ]
    ],
    "feature_importance": {
        "Down/Up Ratio": 0.0,
        "Dst Port": 0.7021470991320247,
        "FIN Flag Cnt": 0.0,
        "Flow Pkts/s": 0.09867519415258154,
        "Fwd Pkt Len Max": 0.24760164458656922,
        "Init Bwd Win Byts": 0.3248058474189126,
        "Init Fwd Win Byts": 1.0,
        "Protocol": 0.11420740063956217
    },
    "params": {
        "nb_filters": 32,
        "kernel_size": 3,
        "lstm_units_1": 128,
        "lstm_units_2": 256,
        "dropout": 0.1,
        "lr": 0.0008204643365323959,
        "batch_size": 4096
    },
    "metrics_binary": {
        "task": "Trial Experiment_missing_FIN Flag Cnt_10.0 - Binary Task",
        "accuracy": 0.93403566243532,
        "f1": 0.7767699672461578,
        "mcc": 0.7532355418057926,
        "auc": 0.9560779810487584
    },
    "metrics_multiclass": {
        "task": "Trial Experiment_missing_FIN Flag Cnt_10.0 - Multiclass Task",
        "accuracy": 0.9318021069873059,
        "f1": 0.5123542692820613,
        "mcc": 0.7616612176225674,
        "auc": NaN
    }
}