{
    "model": "experiments/cnn_lstm_trial_Experiment_labels_FIN Flag Cnt_5.0.pt",
    "model_type": "CNN-LSTM",
    "label": "Experiment_labels_FIN Flag Cnt_5.0",
    "mcc_bin": 0.7154618642837521,
    "mcc_mul": 0.6387612440673188,
    "mean_mcc": 0.6771115541755355,
    "val_loss": 0.8641264833776015,
    "cm_bin": [
        [
            22009,
            234
        ],
        [
            1785,
            2835
        ]
    ],
    "cm_mul": [
        [
            22071,
            1,
            10,
            0,
            0,
            108,
            51,
            0,
            2,
            0,
            0,
            0,
            0
        ],
        [
            1,
            1169,
            1,
            0,
            0,
            0,
            0,
            0,
            0,
            0,
            0,
            0,
            0
        ],
        [
            986,
            0,
            2,
            0,
            0,
            0,
            0,
            0,
            0,
            0,
            0,
            0,
            0
        ],
        [
            20,
            11,
            538,
            165,
            0,
            0,
            27,
            0,
            0,
            0,
            0,
            0,
            0
        ],
        [
            471,
            0,
            2,
            0,
            0,
            0,
            1,
            0,
            0,
            0,
            0,
            0,
            0
        ],
        [
            9,
            6,
            0,
            0,
            0,
            276,
            0,
            0,
            18,
            0,
            0,
            0,
            0
        ],
        [
            6,
            0,
            1,
            0,
            0,
            16,
            291,
            0,
            0,
            0,
            0,
            0,
            0
        ],
        [
            275,
            0,
            0,
            0,
            0,
            0,
            0,
            0,
            0,
            0,
            0,
            0,
            0
        ],
        [
            0,
            1,
            0,
            0,
            0,
            0,
            0,
            0,
            229,
            0,
            0,
            0,
            0
        ],
        [
            17,
            1,
            9,
            0,
            0,
            0,
            48,
            0,
            0,
            0,
            0,
            0,
            0
        ],
        [
            19,
            0,
            0,
            0,
            0,
            0,
            0,
            0,
            0,
            0,
            0,
            0,
            0
        ],
        [
            3,
            0,
            0,
            0,
            0,
            0,
            0,
            0,
            0,
            0,
            0,
            0,
            0
        ],
        [
            1,
            0,
            0,
            0,
            0,
            0,
            0,
            0,
            0,
            0,
            0,
            0,
            0
        ]
    ],
    "feature_importance": {
        "Down/Up Ratio": 0.09753483386923913,
        "Dst Port": 0.40246516613076005,
        "FIN Flag Cnt": 0.0,
        "Flow Pkts/s": 0.1580921757770627,
        "Fwd Pkt Len Max": 0.6511254019292604,
        "Init Bwd Win Byts": 0.22454448017149028,
        "Init Fwd Win Byts": 1.0,
        "Protocol": 0.07931404072883154
    },
    "params": {
        "nb_filters": 32,
        "kernel_size": 3,
        "lstm_units_1": 128,
        "lstm_units_2": 256,
        "dropout": 0.1,
        "lr": 0.0008204643365323959,
        "batch_size": 4096
    },
    "metrics_binary": {
        "task": "Trial Experiment_labels_FIN Flag Cnt_5.0 - Binary Task",
        "accuracy": 0.924840859174329,
        "f1": 0.7374170893484199,
        "mcc": 0.7154618642837521,
        "auc": 0.9379246605722352
    },
    "metrics_multiclass": {
        "task": "Trial Experiment_labels_FIN Flag Cnt_5.0 - Multiclass Task",
        "accuracy": 0.9009790418047128,
        "f1": 0.3720385231816935,
        "mcc": 0.6387612440673188,
        "auc": 0.9163840513147974
    }
}