{
    "model": "experiments/cnn_lstm_trial_Experiment_noise_Down_Up Ratio_10.0.pt",
    "model_type": "CNN-LSTM",
    "label": "Experiment_noise_Down_Up Ratio_10.0",
    "mcc_bin": 0.7195608692704353,
    "mcc_mul": 0.7221726636127472,
    "mean_mcc": 0.7208667664415913,
    "val_loss": 0.7765179883156504,
    "cm_bin": [
        [
            22052,
            191
        ],
        [
            1802,
            2818
        ]
    ],
    "cm_mul": [
        [
            22083,
            1,
            18,
            0,
            0,
            92,
            47,
            0,
            2,
            0,
            0,
            0,
            0
        ],
        [
            0,
            1169,
            2,
            0,
            0,
            0,
            0,
            0,
            0,
            0,
            0,
            0,
            0
        ],
        [
            980,
            0,
            8,
            0,
            0,
            0,
            0,
            0,
            0,
            0,
            0,
            0,
            0
        ],
        [
            45,
            1,
            19,
            675,
            0,
            0,
            21,
            0,
            0,
            0,
            0,
            0,
            0
        ],
        [
            472,
            0,
            2,
            0,
            0,
            0,
            0,
            0,
            0,
            0,
            0,
            0,
            0
        ],
        [
            6,
            3,
            0,
            0,
            0,
            295,
            1,
            0,
            4,
            0,
            0,
            0,
            0
        ],
        [
            5,
            3,
            1,
            0,
            0,
            0,
            305,
            0,
            0,
            0,
            0,
            0,
            0
        ],
        [
            274,
            0,
            1,
            0,
            0,
            0,
            0,
            0,
            0,
            0,
            0,
            0,
            0
        ],
        [
            0,
            1,
            0,
            0,
            0,
            0,
            0,
            0,
            229,
            0,
            0,
            0,
            0
        ],
        [
            14,
            0,
            11,
            0,
            0,
            1,
            48,
            0,
            0,
            1,
            0,
            0,
            0
        ],
        [
            19,
            0,
            0,
            0,
            0,
            0,
            0,
            0,
            0,
            0,
            0,
            0,
            0
        ],
        [
            3,
            0,
            0,
            0,
            0,
            0,
            0,
            0,
            0,
            0,
            0,
            0,
            0
        ],
        [
            1,
            0,
            0,
            0,
            0,
            0,
            0,
            0,
            0,
            0,
            0,
            0,
            0
        ]
    ],
    "feature_importance": {
        "Down/Up Ratio": 0.0,
        "Dst Port": 0.4809994794377929,
        "FIN Flag Cnt": 0.0015616866215501617,
        "Flow Pkts/s": 0.09994794377928021,
        "Fwd Pkt Len Max": 0.5226444560124929,
        "Init Bwd Win Byts": 0.1275377407600194,
        "Init Fwd Win Byts": 1.0,
        "Protocol": 0.15981259760541372
    },
    "params": {
        "nb_filters": 32,
        "kernel_size": 3,
        "lstm_units_1": 128,
        "lstm_units_2": 256,
        "dropout": 0.1,
        "lr": 0.0008204643365323959,
        "batch_size": 4096
    },
    "metrics_binary": {
        "task": "Trial Experiment_noise_Down_Up Ratio_10.0 - Binary Task",
        "accuracy": 0.9258087332018017,
        "f1": 0.7387599947568488,
        "mcc": 0.7195608692704353,
        "auc": 0.9489794152856689
    },
    "metrics_multiclass": {
        "task": "Trial Experiment_noise_Down_Up Ratio_10.0 - Multiclass Task",
        "accuracy": 0.9219000111677772,
        "f1": 0.43033318677908194,
        "mcc": 0.7221726636127472,
        "auc": 0.8905613545114577
    }
}