{
    "model": "experiments/cnn_lstm_trial_Experiment_missing_Timestamp_1.0.pt",
    "model_type": "CNN-LSTM",
    "label": "Experiment_missing_Timestamp_1.0",
    "mcc_bin": 0.7573217987829826,
    "mcc_mul": 0.760220845883235,
    "mean_mcc": 0.7587713223331087,
    "val_loss": 0.5071088985673019,
    "cm_bin": [
        [
            21998,
            245
        ],
        [
            1500,
            3120
        ]
    ],
    "cm_mul": [
        [
            22057,
            0,
            3,
            8,
            54,
            100,
            18,
            0,
            0,
            3,
            0,
            0,
            0
        ],
        [
            1,
            1169,
            0,
            0,
            0,
            0,
            0,
            0,
            1,
            0,
            0,
            0,
            0
        ],
        [
            979,
            0,
            8,
            0,
            1,
            0,
            0,
            0,
            0,
            0,
            0,
            0,
            0
        ],
        [
            16,
            0,
            0,
            736,
            8,
            0,
            0,
            0,
            0,
            1,
            0,
            0,
            0
        ],
        [
            270,
            0,
            16,
            0,
            187,
            0,
            0,
            0,
            0,
            1,
            0,
            0,
            0
        ],
        [
            0,
            0,
            0,
            0,
            0,
            309,
            0,
            0,
            0,
            0,
            0,
            0,
            0
        ],
        [
            3,
            0,
            0,
            0,
            0,
            0,
            311,
            0,
            0,
            0,
            0,
            0,
            0
        ],
        [
            273,
            0,
            2,
            0,
            0,
            0,
            0,
            0,
            0,
            0,
            0,
            0,
            0
        ],
        [
            0,
            1,
            0,
            0,
            0,
            0,
            0,
            0,
            229,
            0,
            0,
            0,
            0
        ],
        [
            30,
            0,
            0,
            0,
            30,
            0,
            0,
            0,
            0,
            15,
            0,
            0,
            0
        ],
        [
            19,
            0,
            0,
            0,
            0,
            0,
            0,
            0,
            0,
            0,
            0,
            0,
            0
        ],
        [
            1,
            0,
            0,
            2,
            0,
            0,
            0,
            0,
            0,
            0,
            0,
            0,
            0
        ],
        [
            1,
            0,
            0,
            0,
            0,
            0,
            0,
            0,
            0,
            0,
            0,
            0,
            0
        ]
    ],
    "feature_importance": {
        "Down/Up Ratio": 0.033104561970124805,
        "Dst Port": 0.4190553088413399,
        "FIN Flag Cnt": 0.0,
        "Flow Pkts/s": 0.03956398869600349,
        "Fwd Pkt Len Max": 0.3742430359305614,
        "Init Bwd Win Byts": 0.18570851836899507,
        "Init Fwd Win Byts": 1.0,
        "Protocol": 0.0726685506661283
    },
    "params": {
        "nb_filters": 32,
        "kernel_size": 3,
        "lstm_units_1": 128,
        "lstm_units_2": 256,
        "dropout": 0.1,
        "lr": 0.0008204643365323959,
        "batch_size": 4096
    },
    "metrics_binary": {
        "task": "Trial Experiment_missing_Timestamp_1.0 - Binary Task",
        "accuracy": 0.9350407623869262,
        "f1": 0.7814652473387602,
        "mcc": 0.7573217987829826,
        "auc": 0.954687694927321
    },
    "metrics_multiclass": {
        "task": "Trial Experiment_missing_Timestamp_1.0 - Multiclass Task",
        "accuracy": 0.9314298477459703,
        "f1": 0.5067684387610821,
        "mcc": 0.760220845883235,
        "auc": NaN
    }
}