{
    "model": "experiments/cnn_lstm_trial_Experiment_outliers_FIN Flag Cnt_20.0.pt",
    "model_type": "CNN-LSTM",
    "label": "Experiment_outliers_FIN Flag Cnt_20.0",
    "mcc_bin": 0.7660843406995411,
    "mcc_mul": 0.7511314561790359,
    "mean_mcc": 0.7586078984392886,
    "val_loss": 0.5213413956974234,
    "cm_bin": [
        [
            22127,
            116
        ],
        [
            1573,
            3047
        ]
    ],
    "cm_mul": [
        [
            22158,
            0,
            0,
            1,
            46,
            16,
            2,
            11,
            0,
            9,
            0,
            0,
            0
        ],
        [
            1,
            1170,
            0,
            0,
            0,
            0,
            0,
            0,
            0,
            0,
            0,
            0,
            0
        ],
        [
            976,
            0,
            0,
            1,
            11,
            0,
            0,
            0,
            0,
            0,
            0,
            0,
            0
        ],
        [
            26,
            0,
            0,
            709,
            13,
            0,
            0,
            0,
            0,
            13,
            0,
            0,
            0
        ],
        [
            285,
            0,
            0,
            0,
            189,
            0,
            0,
            0,
            0,
            0,
            0,
            0,
            0
        ],
        [
            1,
            0,
            0,
            0,
            0,
            308,
            0,
            0,
            0,
            0,
            0,
            0,
            0
        ],
        [
            6,
            0,
            0,
            0,
            0,
            0,
            132,
            0,
            0,
            176,
            0,
            0,
            0
        ],
        [
            267,
            0,
            0,
            0,
            0,
            0,
            0,
            8,
            0,
            0,
            0,
            0,
            0
        ],
        [
            0,
            0,
            0,
            0,
            0,
            0,
            0,
            0,
            230,
            0,
            0,
            0,
            0
        ],
        [
            18,
            0,
            0,
            0,
            2,
            0,
            0,
            0,
            0,
            55,
            0,
            0,
            0
        ],
        [
            19,
            0,
            0,
            0,
            0,
            0,
            0,
            0,
            0,
            0,
            0,
            0,
            0
        ],
        [
            3,
            0,
            0,
            0,
            0,
            0,
            0,
            0,
            0,
            0,
            0,
            0,
            0
        ],
        [
            1,
            0,
            0,
            0,
            0,
            0,
            0,
            0,
            0,
            0,
            0,
            0,
            0
        ]
    ],
    "feature_importance": {
        "Down/Up Ratio": 0.01586671955573157,
        "Dst Port": 0.3252677508925031,
        "FIN Flag Cnt": 0.0007933359777868151,
        "Flow Pkts/s": 0.13050376834589442,
        "Fwd Pkt Len Max": 0.3998413328044424,
        "Init Bwd Win Byts": 0.12376041253470885,
        "Init Fwd Win Byts": 1.0,
        "Protocol": 0.051566838556128786
    },
    "params": {
        "nb_filters": 32,
        "kernel_size": 3,
        "lstm_units_1": 128,
        "lstm_units_2": 256,
        "dropout": 0.1,
        "lr": 0.0008204643365323959,
        "batch_size": 4096
    },
    "metrics_binary": {
        "task": "Trial Experiment_outliers_FIN Flag Cnt_20.0 - Binary Task",
        "accuracy": 0.937125414138406,
        "f1": 0.7829885648207632,
        "mcc": 0.7660843406995411,
        "auc": 0.9593975087838325
    },
    "metrics_multiclass": {
        "task": "Trial Experiment_outliers_FIN Flag Cnt_20.0 - Multiclass Task",
        "accuracy": 0.9291218404496892,
        "f1": 0.4917460306769469,
        "mcc": 0.7511314561790359,
        "auc": NaN
    }
}