{
    "model": "experiments/cnn_lstm_trial_Experiment_missing_Protocol_5.0.pt",
    "model_type": "CNN-LSTM",
    "label": "Experiment_missing_Protocol_5.0",
    "mcc_bin": 0.7452159217677261,
    "mcc_mul": 0.7417524593077504,
    "mean_mcc": 0.7434841905377383,
    "val_loss": 0.5929375429238591,
    "cm_bin": [
        [
            22014,
            229
        ],
        [
            1596,
            3024
        ]
    ],
    "cm_mul": [
        [
            22067,
            0,
            0,
            1,
            22,
            127,
            22,
            0,
            1,
            3,
            0,
            0,
            0
        ],
        [
            1,
            1170,
            0,
            0,
            0,
            0,
            0,
            0,
            0,
            0,
            0,
            0,
            0
        ],
        [
            988,
            0,
            0,
            0,
            0,
            0,
            0,
            0,
            0,
            0,
            0,
            0,
            0
        ],
        [
            30,
            0,
            0,
            714,
            16,
            0,
            0,
            0,
            0,
            1,
            0,
            0,
            0
        ],
        [
            401,
            0,
            0,
            3,
            70,
            0,
            0,
            0,
            0,
            0,
            0,
            0,
            0
        ],
        [
            0,
            0,
            0,
            0,
            0,
            309,
            0,
            0,
            0,
            0,
            0,
            0,
            0
        ],
        [
            3,
            0,
            0,
            0,
            0,
            1,
            309,
            0,
            0,
            1,
            0,
            0,
            0
        ],
        [
            266,
            0,
            0,
            0,
            0,
            8,
            0,
            0,
            1,
            0,
            0,
            0,
            0
        ],
        [
            0,
            0,
            0,
            0,
            0,
            0,
            0,
            0,
            230,
            0,
            0,
            0,
            0
        ],
        [
            21,
            2,
            0,
            0,
            26,
            0,
            0,
            0,
            0,
            26,
            0,
            0,
            0
        ],
        [
            19,
            0,
            0,
            0,
            0,
            0,
            0,
            0,
            0,
            0,
            0,
            0,
            0
        ],
        [
            3,
            0,
            0,
            0,
            0,
            0,
            0,
            0,
            0,
            0,
            0,
            0,
            0
        ],
        [
            1,
            0,
            0,
            0,
            0,
            0,
            0,
            0,
            0,
            0,
            0,
            0,
            0
        ]
    ],
    "feature_importance": {
        "Down/Up Ratio": 0.0,
        "Dst Port": 0.49522154648132055,
        "FIN Flag Cnt": 0.0,
        "Flow Pkts/s": 0.15986099044309365,
        "Fwd Pkt Len Max": 0.5291051259774113,
        "Init Bwd Win Byts": 0.2124239791485663,
        "Init Fwd Win Byts": 1.0,
        "Protocol": 0.04517810599478812
    },
    "params": {
        "nb_filters": 32,
        "kernel_size": 3,
        "lstm_units_1": 128,
        "lstm_units_2": 256,
        "dropout": 0.1,
        "lr": 0.0008204643365323959,
        "batch_size": 4096
    },
    "metrics_binary": {
        "task": "Trial Experiment_missing_Protocol_5.0 - Binary Task",
        "accuracy": 0.932062688456241,
        "f1": 0.7681950971675346,
        "mcc": 0.7452159217677261,
        "auc": 0.9615730217571247
    },
    "metrics_multiclass": {
        "task": "Trial Experiment_missing_Protocol_5.0 - Multiclass Task",
        "accuracy": 0.9267393813051409,
        "f1": 0.4936187663305394,
        "mcc": 0.7417524593077504,
        "auc": NaN
    }
}