{
    "model": "experiments/cnn_lstm_trial_Experiment_outliers_Protocol_1.0.pt",
    "model_type": "CNN-LSTM",
    "label": "Experiment_outliers_Protocol_1.0",
    "mcc_bin": 0.7659556541532949,
    "mcc_mul": 0.7634636356674637,
    "mean_mcc": 0.7647096449103793,
    "val_loss": 0.5169139958119818,
    "cm_bin": [
        [
            22088,
            155
        ],
        [
            1533,
            3087
        ]
    ],
    "cm_mul": [
        [
            22095,
            0,
            2,
            0,
            55,
            86,
            4,
            0,
            0,
            1,
            0,
            0,
            0
        ],
        [
            1,
            1170,
            0,
            0,
            0,
            0,
            0,
            0,
            0,
            0,
            0,
            0,
            0
        ],
        [
            966,
            0,
            20,
            0,
            2,
            0,
            0,
            0,
            0,
            0,
            0,
            0,
            0
        ],
        [
            43,
            0,
            0,
            715,
            3,
            0,
            0,
            0,
            0,
            0,
            0,
            0,
            0
        ],
        [
            259,
            0,
            7,
            0,
            208,
            0,
            0,
            0,
            0,
            0,
            0,
            0,
            0
        ],
        [
            0,
            0,
            0,
            0,
            0,
            302,
            0,
            0,
            7,
            0,
            0,
            0,
            0
        ],
        [
            25,
            0,
            0,
            0,
            0,
            0,
            289,
            0,
            0,
            0,
            0,
            0,
            0
        ],
        [
            274,
            0,
            0,
            0,
            1,
            0,
            0,
            0,
            0,
            0,
            0,
            0,
            0
        ],
        [
            0,
            0,
            0,
            0,
            0,
            0,
            0,
            0,
            230,
            0,
            0,
            0,
            0
        ],
        [
            49,
            0,
            1,
            0,
            0,
            0,
            8,
            0,
            0,
            17,
            0,
            0,
            0
        ],
        [
            18,
            0,
            1,
            0,
            0,
            0,
            0,
            0,
            0,
            0,
            0,
            0,
            0
        ],
        [
            3,
            0,
            0,
            0,
            0,
            0,
            0,
            0,
            0,
            0,
            0,
            0,
            0
        ],
        [
            1,
            0,
            0,
            0,
            0,
            0,
            0,
            0,
            0,
            0,
            0,
            0,
            0
        ]
    ],
    "feature_importance": {
        "Down/Up Ratio": 0.052855120339783644,
        "Dst Port": 0.8145351580934405,
        "FIN Flag Cnt": 0.00188768286927849,
        "Flow Pkts/s": 0.10051911278905144,
        "Fwd Pkt Len Max": 0.2944785276073628,
        "Init Bwd Win Byts": 0.23879188296366283,
        "Init Fwd Win Byts": 1.0,
        "Protocol": 0.10476639924492664
    },
    "params": {
        "nb_filters": 32,
        "kernel_size": 3,
        "lstm_units_1": 128,
        "lstm_units_2": 256,
        "dropout": 0.1,
        "lr": 0.0008204643365323959,
        "batch_size": 4096
    },
    "metrics_binary": {
        "task": "Trial Experiment_outliers_Protocol_1.0 - Binary Task",
        "accuracy": 0.9371626400625396,
        "f1": 0.7852963622487916,
        "mcc": 0.7659556541532949,
        "auc": 0.9696956803181234
    },
    "metrics_multiclass": {
        "task": "Trial Experiment_outliers_Protocol_1.0 - Multiclass Task",
        "accuracy": 0.9323604958493095,
        "f1": 0.5142844062630805,
        "mcc": 0.7634636356674637,
        "auc": NaN
    }
}