{
    "model": "experiments/cnn_lstm_trial_Experiment_noise_FIN Flag Cnt_20.0.pt",
    "model_type": "CNN-LSTM",
    "label": "Experiment_noise_FIN Flag Cnt_20.0",
    "mcc_bin": 0.7044410138410664,
    "mcc_mul": 0.6646408591294715,
    "mean_mcc": 0.6845409364852689,
    "val_loss": 0.8273007694099631,
    "cm_bin": [
        [
            22188,
            55
        ],
        [
            2046,
            2574
        ]
    ],
    "cm_mul": [
        [
            22199,
            0,
            36,
            1,
            0,
            3,
            4,
            0,
            0,
            0,
            0,
            0,
            0
        ],
        [
            1,
            1169,
            1,
            0,
            0,
            0,
            0,
            0,
            0,
            0,
            0,
            0,
            0
        ],
        [
            987,
            0,
            1,
            0,
            0,
            0,
            0,
            0,
            0,
            0,
            0,
            0,
            0
        ],
        [
            6,
            45,
            72,
            638,
            0,
            0,
            0,
            0,
            0,
            0,
            0,
            0,
            0
        ],
        [
            450,
            0,
            24,
            0,
            0,
            0,
            0,
            0,
            0,
            0,
            0,
            0,
            0
        ],
        [
            196,
            1,
            0,
            0,
            0,
            112,
            0,
            0,
            0,
            0,
            0,
            0,
            0
        ],
        [
            214,
            2,
            5,
            0,
            0,
            2,
            91,
            0,
            0,
            0,
            0,
            0,
            0
        ],
        [
            270,
            0,
            5,
            0,
            0,
            0,
            0,
            0,
            0,
            0,
            0,
            0,
            0
        ],
        [
            0,
            2,
            0,
            0,
            0,
            30,
            0,
            0,
            198,
            0,
            0,
            0,
            0
        ],
        [
            22,
            0,
            50,
            0,
            0,
            0,
            3,
            0,
            0,
            0,
            0,
            0,
            0
        ],
        [
            19,
            0,
            0,
            0,
            0,
            0,
            0,
            0,
            0,
            0,
            0,
            0,
            0
        ],
        [
            2,
            0,
            1,
            0,
            0,
            0,
            0,
            0,
            0,
            0,
            0,
            0,
            0
        ],
        [
            1,
            0,
            0,
            0,
            0,
            0,
            0,
            0,
            0,
            0,
            0,
            0,
            0
        ]
    ],
    "feature_importance": {
        "Down/Up Ratio": 0.016868740115972593,
        "Dst Port": 0.5440168687401157,
        "FIN Flag Cnt": 0.0,
        "Flow Pkts/s": 0.07696362677912603,
        "Fwd Pkt Len Max": 0.6425935687928314,
        "Init Bwd Win Byts": 0.12546125461254665,
        "Init Fwd Win Byts": 1.0,
        "Protocol": 0.05166051660516636
    },
    "params": {
        "nb_filters": 32,
        "kernel_size": 3,
        "lstm_units_1": 128,
        "lstm_units_2": 256,
        "dropout": 0.1,
        "lr": 0.0008204643365323959,
        "batch_size": 4096
    },
    "metrics_binary": {
        "task": "Trial Experiment_noise_FIN Flag Cnt_20.0 - Binary Task",
        "accuracy": 0.9217883333953766,
        "f1": 0.7101669195751138,
        "mcc": 0.7044410138410664,
        "auc": 0.9333057844162461
    },
    "metrics_multiclass": {
        "task": "Trial Experiment_noise_FIN Flag Cnt_20.0 - Multiclass Task",
        "accuracy": 0.908610356252094,
        "f1": 0.3617010405430933,
        "mcc": 0.6646408591294715,
        "auc": 0.8906689724652485
    }
}