{
    "model": "experiments/cnn_lstm_trial_Experiment_noise_Down_Up Ratio_50.0.pt",
    "model_type": "CNN-LSTM",
    "label": "Experiment_noise_Down_Up Ratio_50.0",
<<<<<<< HEAD:experiments/cnn_lstm_trial_Experiment_noise_Down_Up Ratio_50.0_artifacts.json
    "mcc_bin": 0.7032973057709379,
    "mcc_mul": 0.4442092330783586,
    "mean_mcc": 0.5737532694246482,
    "val_loss": 0.8936331410493169,
    "cm_bin": [
        [
            21893,
            350
        ],
        [
            1751,
            2869
=======
    "mcc_bin": 0.7329781735111058,
    "mcc_mul": 0.5915838011179028,
    "mean_mcc": 0.6622809873145044,
    "val_loss": 0.8300866205245256,
    "cm_bin": [
        [
            22171,
            160
        ],
        [
            1735,
            2851
>>>>>>> a448b70f92ad6f09c001173f0f5fcb64bd2e2232:experiments3/cnn_lstm_trial_Experiment_noise_Down_Up Ratio_50.0_artifacts.json
        ]
    ],
    "cm_mul": [
        [
<<<<<<< HEAD:experiments/cnn_lstm_trial_Experiment_noise_Down_Up Ratio_50.0_artifacts.json
            22008,
            68,
            28,
            0,
            0,
            17,
            0,
            0,
            122,
=======
            22270,
            11,
            12,
            0,
            0,
            36,
            2,
            0,
            0,
>>>>>>> a448b70f92ad6f09c001173f0f5fcb64bd2e2232:experiments3/cnn_lstm_trial_Experiment_noise_Down_Up Ratio_50.0_artifacts.json
            0,
            0,
            0,
            0
        ],
        [
<<<<<<< HEAD:experiments/cnn_lstm_trial_Experiment_noise_Down_Up Ratio_50.0_artifacts.json
            0,
            621,
            1,
=======
            1,
            1158,
>>>>>>> a448b70f92ad6f09c001173f0f5fcb64bd2e2232:experiments3/cnn_lstm_trial_Experiment_noise_Down_Up Ratio_50.0_artifacts.json
            0,
            0,
            0,
            0,
            0,
<<<<<<< HEAD:experiments/cnn_lstm_trial_Experiment_noise_Down_Up Ratio_50.0_artifacts.json
            549,
            0,
            0,
            0,
            0
        ],
        [
            983,
            0,
            5,
            0,
            0,
            0,
            0,
=======
>>>>>>> a448b70f92ad6f09c001173f0f5fcb64bd2e2232:experiments3/cnn_lstm_trial_Experiment_noise_Down_Up Ratio_50.0_artifacts.json
            0,
            0,
            0,
            0,
            0,
            0
        ],
        [
<<<<<<< HEAD:experiments/cnn_lstm_trial_Experiment_noise_Down_Up Ratio_50.0_artifacts.json
            53,
            77,
            631,
=======
            935,
            0,
            6,
>>>>>>> a448b70f92ad6f09c001173f0f5fcb64bd2e2232:experiments3/cnn_lstm_trial_Experiment_noise_Down_Up Ratio_50.0_artifacts.json
            0,
            0,
            0,
            0,
            0,
            0,
            0,
            0,
            0,
            0
        ],
        [
<<<<<<< HEAD:experiments/cnn_lstm_trial_Experiment_noise_Down_Up Ratio_50.0_artifacts.json
            472,
            0,
            2,
            0,
            0,
            0,
            0,
            0,
            0,
            0,
            0,
            0,
            0
        ],
        [
            4,
            159,
            0,
            0,
            0,
            2,
            0,
            0,
            144,
            0,
            0,
            0,
            0
        ],
        [
            35,
            220,
            52,
            0,
            0,
            3,
            4,
=======
            56,
            30,
            518,
            175,
            0,
            0,
            3,
>>>>>>> a448b70f92ad6f09c001173f0f5fcb64bd2e2232:experiments3/cnn_lstm_trial_Experiment_noise_Down_Up Ratio_50.0_artifacts.json
            0,
            0,
            0,
            0,
            0,
            0
        ],
        [
<<<<<<< HEAD:experiments/cnn_lstm_trial_Experiment_noise_Down_Up Ratio_50.0_artifacts.json
            272,
            1,
=======
            460,
            0,
            6,
            0,
            0,
            0,
            0,
            0,
            0,
            0,
            0,
            0,
            0
        ],
        [
            40,
>>>>>>> a448b70f92ad6f09c001173f0f5fcb64bd2e2232:experiments3/cnn_lstm_trial_Experiment_noise_Down_Up Ratio_50.0_artifacts.json
            2,
            0,
            0,
            0,
<<<<<<< HEAD:experiments/cnn_lstm_trial_Experiment_noise_Down_Up Ratio_50.0_artifacts.json
            0,
            0,
            0,
=======
            124,
            0,
            0,
            150,
>>>>>>> a448b70f92ad6f09c001173f0f5fcb64bd2e2232:experiments3/cnn_lstm_trial_Experiment_noise_Down_Up Ratio_50.0_artifacts.json
            0,
            0,
            0,
            0
        ],
        [
<<<<<<< HEAD:experiments/cnn_lstm_trial_Experiment_noise_Down_Up Ratio_50.0_artifacts.json
            0,
            1,
            0,
            0,
            0,
=======
            51,
            16,
>>>>>>> a448b70f92ad6f09c001173f0f5fcb64bd2e2232:experiments3/cnn_lstm_trial_Experiment_noise_Down_Up Ratio_50.0_artifacts.json
            0,
            0,
            0,
            229,
<<<<<<< HEAD:experiments/cnn_lstm_trial_Experiment_noise_Down_Up Ratio_50.0_artifacts.json
=======
            19,
            0,
            11,
>>>>>>> a448b70f92ad6f09c001173f0f5fcb64bd2e2232:experiments3/cnn_lstm_trial_Experiment_noise_Down_Up Ratio_50.0_artifacts.json
            0,
            0,
            0,
            0
        ],
        [
<<<<<<< HEAD:experiments/cnn_lstm_trial_Experiment_noise_Down_Up Ratio_50.0_artifacts.json
            25,
            26,
=======
            266,
            2,
            2,
            0,
            0,
            0,
            0,
            0,
            0,
            0,
            0,
            0,
            0
        ],
        [
            0,
            0,
            0,
            0,
            0,
            0,
            0,
            0,
            235,
            0,
            0,
            0,
            0
        ],
        [
            42,
>>>>>>> a448b70f92ad6f09c001173f0f5fcb64bd2e2232:experiments3/cnn_lstm_trial_Experiment_noise_Down_Up Ratio_50.0_artifacts.json
            24,
            0,
            0,
            0,
            0,
<<<<<<< HEAD:experiments/cnn_lstm_trial_Experiment_noise_Down_Up Ratio_50.0_artifacts.json
=======
            1,
>>>>>>> a448b70f92ad6f09c001173f0f5fcb64bd2e2232:experiments3/cnn_lstm_trial_Experiment_noise_Down_Up Ratio_50.0_artifacts.json
            0,
            0,
            0,
            0,
            0,
            0
        ],
        [
<<<<<<< HEAD:experiments/cnn_lstm_trial_Experiment_noise_Down_Up Ratio_50.0_artifacts.json
            18,
            0,
            1,
=======
            19,
            0,
            0,
>>>>>>> a448b70f92ad6f09c001173f0f5fcb64bd2e2232:experiments3/cnn_lstm_trial_Experiment_noise_Down_Up Ratio_50.0_artifacts.json
            0,
            0,
            0,
            0,
            0,
            0,
            0,
            0,
            0,
            0
        ],
        [
            3,
            0,
            0,
            0,
            0,
            0,
            0,
            0,
            0,
            0,
            0,
            0,
            0
        ],
        [
<<<<<<< HEAD:experiments/cnn_lstm_trial_Experiment_noise_Down_Up Ratio_50.0_artifacts.json
            1,
=======
            2,
>>>>>>> a448b70f92ad6f09c001173f0f5fcb64bd2e2232:experiments3/cnn_lstm_trial_Experiment_noise_Down_Up Ratio_50.0_artifacts.json
            0,
            0,
            0,
            0,
            0,
            0,
            0,
            0,
            0,
            0,
            0,
            0
        ]
    ],