{
    "model": "experiments/cnn_lstm_trial_Experiment_missing_FIN Flag Cnt_20.0.pt",
    "model_type": "CNN-LSTM",
    "label": "Experiment_missing_FIN Flag Cnt_20.0",
    "mcc_bin": 0.791491018291368,
    "mcc_mul": 0.7994646156259272,
    "mean_mcc": 0.7954778169586476,
    "val_loss": 0.4888179089341845,
    "cm_bin": [
        [
            22139,
            104
        ],
        [
            1413,
            3207
        ]
    ],
    "cm_mul": [
        [
            22179,
            0,
            0,
            4,
            36,
            11,
            9,
            0,
            0,
            4,
            0,
            0,
            0
        ],
        [
            1,
            1169,
            0,
            0,
            0,
            0,
            0,
            0,
            0,
            1,
            0,
            0,
            0
        ],
        [
            988,
            0,
            0,
            0,
            0,
            0,
            0,
            0,
            0,
            0,
            0,
            0,
            0
        ],
        [
            26,
            0,
            0,
            713,
            20,
            0,
            0,
            0,
            0,
            2,
            0,
            0,
            0
        ],
        [
            106,
            0,
            0,
            0,
            368,
            0,
            0,
            0,
            0,
            0,
            0,
            0,
            0
        ],
        [
            14,
            0,
            0,
            0,
            0,
            295,
            0,
            0,
            0,
            0,
            0,
            0,
            0
        ],
        [
            2,
            0,
            0,
            0,
            0,
            0,
            312,
            0,
            0,
            0,
            0,
            0,
            0
        ],
        [
            275,
            0,
            0,
            0,
            0,
            0,
            0,
            0,
            0,
            0,
            0,
            0,
            0
        ],
        [
            0,
            0,
            0,
            0,
            0,
            1,
            0,
            0,
            229,
            0,
            0,
            0,
            0
        ],
        [
            29,
            0,
            0,
            0,
            13,
            1,
            0,
            0,
            0,
            32,
            0,
            0,
            0
        ],
        [
            19,
            0,
            0,
            0,
            0,
            0,
            0,
            0,
            0,
            0,
            0,
            0,
            0
        ],
        [
            0,
            0,
            0,
            1,
            2,
            0,
            0,
            0,
            0,
            0,
            0,
            0,
            0
        ],
        [
            1,
            0,
            0,
            0,
            0,
            0,
            0,
            0,
            0,
            0,
            0,
            0,
            0
        ]
    ],
    "feature_importance": {
        "Down/Up Ratio": 0.01770592763664394,
        "Dst Port": 0.4946112394149342,
        "FIN Flag Cnt": 0.0007698229407238492,
        "Flow Pkts/s": 0.14049268668206344,
        "Fwd Pkt Len Max": 0.5342571208622021,
        "Init Bwd Win Byts": 0.23094688221709048,
        "Init Fwd Win Byts": 1.0,
        "Protocol": 0.056197074672826065
    },
    "params": {
        "nb_filters": 32,
        "kernel_size": 3,
        "lstm_units_1": 128,
        "lstm_units_2": 256,
        "dropout": 0.1,
        "lr": 0.0008204643365323959,
        "batch_size": 4096
    },
    "metrics_binary": {
        "task": "Trial Experiment_missing_FIN Flag Cnt_20.0 - Binary Task",
        "accuracy": 0.9435282730893795,
        "f1": 0.8087252553271971,
        "mcc": 0.791491018291368,
        "auc": 0.9590074741155981
    },
    "metrics_multiclass": {
        "task": "Trial Experiment_missing_FIN Flag Cnt_20.0 - Multiclass Task",
        "accuracy": 0.9417042028068346,
        "f1": 0.5564883911812465,
        "mcc": 0.7994646156259272,
        "auc": NaN
    }
}