{
    "model": "experiments/cnn_lstm_trial_Experiment_noise_Timestamp_50.0.pt",
    "model_type": "CNN-LSTM",
    "label": "Experiment_noise_Timestamp_50.0",
    "mcc_bin": 0.7187618736107177,
    "mcc_mul": 0.6749961531859506,
    "mean_mcc": 0.6968790133983342,
    "val_loss": 0.7781496319387641,
    "cm_bin": [
        [
            22172,
            159
        ],
        [
            1828,
            2758
        ]
    ],
    "cm_mul": [
        [
            22256,
            8,
            9,
            1,
            0,
            32,
            0,
            0,
            25,
            0,
            0,
            0,
            0
        ],
        [
            2,
            1156,
            0,
            1,
            0,
            0,
            0,
            0,
            0,
            0,
            0,
            0,
            0
        ],
        [
            941,
            0,
            0,
            0,
            0,
            0,
            0,
            0,
            0,
            0,
            0,
            0,
            0
        ],
        [
            6,
            121,
            1,
            654,
            0,
            0,
            0,
            0,
            0,
            0,
            0,
            0,
            0
        ],
        [
            435,
            13,
            18,
            0,
            0,
            0,
            0,
            0,
            0,
            0,
            0,
            0,
            0
        ],
        [
            40,
            0,
            0,
            0,
            0,
            240,
            0,
            0,
            36,
            0,
            0,
            0,
            0
        ],
        [
            311,
            0,
            15,
            0,
            0,
            0,
            0,
            0,
            0,
            0,
            0,
            0,
            0
        ],
        [
            270,
            0,
            0,
            0,
            0,
            0,
            0,
            0,
            0,
            0,
            0,
            0,
            0
        ],
        [
            0,
            0,
            0,
            0,
            0,
            4,
            0,
            0,
            231,
            0,
            0,
            0,
            0
        ],
        [
            49,
            3,
            15,
            0,
            0,
            0,
            0,
            0,
            0,
            0,
            0,
            0,
            0
        ],
        [
            19,
            0,
            0,
            0,
            0,
            0,
            0,
            0,
            0,
            0,
            0,
            0,
            0
        ],
        [
            3,
            0,
            0,
            0,
            0,
            0,
            0,
            0,
            0,
            0,
            0,
            0,
            0
        ],
        [
            2,
            0,
            0,
            0,
            0,
            0,
            0,
            0,
            0,
            0,
            0,
            0,
            0
        ]
    ],
    "feature_importance": {
        "Down/Up Ratio": 0.012565445026178339,
        "Dst Port": 0.4308900523560215,
        "FIN Flag Cnt": 0.0005235602094243582,
        "Flow Pkts/s": 0.07068062827225237,
        "Fwd Pkt Len Max": 0.7424083769633519,
        "Init Bwd Win Byts": 0.11623036649214649,
        "Init Fwd Win Byts": 1.0,
        "Protocol": 0.03560209424083758
    },
    "params": {
        "nb_filters": 32,
        "kernel_size": 3,
        "lstm_units_1": 128,
        "lstm_units_2": 256,
        "dropout": 0.1,
        "lr": 0.0008204643365323959,
        "batch_size": 4096
    },
    "metrics_binary": {
        "task": "Trial Experiment_noise_Timestamp_50.0 - Binary Task",
        "accuracy": 0.9261804807370807,
        "f1": 0.7351725976276157,
        "mcc": 0.7187618736107177,
        "auc": 0.9450055085459165
    },
    "metrics_multiclass": {
        "task": "Trial Experiment_noise_Timestamp_50.0 - Multiclass Task",
        "accuracy": 0.9115800423524167,
        "f1": 0.345443680824825,
        "mcc": 0.6749961531859506,
        "auc": NaN
    }
}