{
    "model": "experiments/cnn_lstm_trial_Experiment_missing_Timestamp_10.0.pt",
    "model_type": "CNN-LSTM",
    "label": "Experiment_missing_Timestamp_10.0",
    "mcc_bin": 0.8027630188095589,
    "mcc_mul": 0.8056423526697875,
    "mean_mcc": 0.8042026857396731,
    "val_loss": 0.4058173457160592,
    "cm_bin": [
        [
            22165,
            78
        ],
        [
            1363,
            3257
        ]
    ],
    "cm_mul": [
        [
            22169,
            0,
            25,
            1,
            39,
            0,
            5,
            0,
            0,
            4,
            0,
            0,
            0
        ],
        [
            1,
            1170,
            0,
            0,
            0,
            0,
            0,
            0,
            0,
            0,
            0,
            0,
            0
        ],
        [
            810,
            1,
            177,
            0,
            0,
            0,
            0,
            0,
            0,
            0,
            0,
            0,
            0
        ],
        [
            14,
            0,
            0,
            732,
            6,
            0,
            0,
            0,
            0,
            9,
            0,
            0,
            0
        ],
        [
            239,
            0,
            8,
            0,
            227,
            0,
            0,
            0,
            0,
            0,
            0,
            0,
            0
        ],
        [
            11,
            0,
            0,
            0,
            0,
            298,
            0,
            0,
            0,
            0,
            0,
            0,
            0
        ],
        [
            6,
            0,
            0,
            0,
            0,
            0,
            308,
            0,
            0,
            0,
            0,
            0,
            0
        ],
        [
            275,
            0,
            0,
            0,
            0,
            0,
            0,
            0,
            0,
            0,
            0,
            0,
            0
        ],
        [
            0,
            0,
            0,
            0,
            0,
            7,
            0,
            0,
            223,
            0,
            0,
            0,
            0
        ],
        [
            22,
            0,
            0,
            0,
            10,
            0,
            0,
            0,
            0,
            43,
            0,
            0,
            0
        ],
        [
            18,
            0,
            1,
            0,
            0,
            0,
            0,
            0,
            0,
            0,
            0,
            0,
            0
        ],
        [
            3,
            0,
            0,
            0,
            0,
            0,
            0,
            0,
            0,
            0,
            0,
            0,
            0
        ],
        [
            1,
            0,
            0,
            0,
            0,
            0,
            0,
            0,
            0,
            0,
            0,
            0,
            0
        ]
    ],
    "feature_importance": {
        "Down/Up Ratio": 0.021589343132752046,
        "Dst Port": 0.5186035829122643,
        "FIN Flag Cnt": 0.0018373909049155342,
        "Flow Pkts/s": 0.12356453835553542,
        "Fwd Pkt Len Max": 0.6334405144694537,
        "Init Bwd Win Byts": 0.24621038125861308,
        "Init Fwd Win Byts": 1.0,
        "Protocol": 0.17363344051447002
    },
    "params": {
        "nb_filters": 32,
        "kernel_size": 3,
        "lstm_units_1": 128,
        "lstm_units_2": 256,
        "dropout": 0.1,
        "lr": 0.0008204643365323959,
        "batch_size": 4096
    },
    "metrics_binary": {
        "task": "Trial Experiment_missing_Timestamp_10.0 - Binary Task",
        "accuracy": 0.9463574433235306,
        "f1": 0.8188560653676933,
        "mcc": 0.8027630188095589,
        "auc": 0.9697184415039471
    },
    "metrics_multiclass": {
        "task": "Trial Experiment_missing_Timestamp_10.0 - Multiclass Task",
        "accuracy": 0.943565499013513,
        "f1": 0.5720647739293271,
        "mcc": 0.8056423526697875,
        "auc": NaN
    }
}