{
    "model": "experiments/cnn_lstm_trial_Experiment_missing_Protocol_20.0.pt",
    "model_type": "CNN-LSTM",
    "label": "Experiment_missing_Protocol_20.0",
    "mcc_bin": 0.7656450625990088,
    "mcc_mul": 0.7702628461313361,
    "mean_mcc": 0.7679539543651724,
    "val_loss": 0.46223558565335615,
    "cm_bin": [
        [
            22205,
            38
        ],
        [
            1661,
            2959
        ]
    ],
    "cm_mul": [
        [
            22216,
            0,
            0,
            1,
            17,
            7,
            2,
            0,
            0,
            0,
            0,
            0,
            0
        ],
        [
            1,
            1170,
            0,
            0,
            0,
            0,
            0,
            0,
            0,
            0,
            0,
            0,
            0
        ],
        [
            973,
            0,
            0,
            0,
            15,
            0,
            0,
            0,
            0,
            0,
            0,
            0,
            0
        ],
        [
            78,
            0,
            0,
            679,
            4,
            0,
            0,
            0,
            0,
            0,
            0,
            0,
            0
        ],
        [
            119,
            0,
            0,
            0,
            355,
            0,
            0,
            0,
            0,
            0,
            0,
            0,
            0
        ],
        [
            86,
            0,
            0,
            0,
            0,
            223,
            0,
            0,
            0,
            0,
            0,
            0,
            0
        ],
        [
            64,
            0,
            0,
            0,
            19,
            0,
            214,
            0,
            0,
            17,
            0,
            0,
            0
        ],
        [
            275,
            0,
            0,
            0,
            0,
            0,
            0,
            0,
            0,
            0,
            0,
            0,
            0
        ],
        [
            0,
            0,
            0,
            0,
            0,
            1,
            0,
            0,
            229,
            0,
            0,
            0,
            0
        ],
        [
            35,
            0,
            0,
            0,
            33,
            0,
            0,
            0,
            0,
            7,
            0,
            0,
            0
        ],
        [
            17,
            0,
            0,
            0,
            2,
            0,
            0,
            0,
            0,
            0,
            0,
            0,
            0
        ],
        [
            2,
            0,
            0,
            1,
            0,
            0,
            0,
            0,
            0,
            0,
            0,
            0,
            0
        ],
        [
            1,
            0,
            0,
            0,
            0,
            0,
            0,
            0,
            0,
            0,
            0,
            0,
            0
        ]
    ],
    "feature_importance": {
        "Down/Up Ratio": 0.15565706254392203,
        "Dst Port": 0.5871398453970489,
        "FIN Flag Cnt": 0.0,
        "Flow Pkts/s": 0.10470836261419543,
        "Fwd Pkt Len Max": 0.3861560084328888,
        "Init Bwd Win Byts": 0.09381588193956444,
        "Init Fwd Win Byts": 1.0,
        "Protocol": 0.005270555165144494
    },
    "params": {
        "nb_filters": 32,
        "kernel_size": 3,
        "lstm_units_1": 128,
        "lstm_units_2": 256,
        "dropout": 0.1,
        "lr": 0.0008204643365323959,
        "batch_size": 4096
    },
    "metrics_binary": {
        "task": "Trial Experiment_missing_Protocol_20.0 - Binary Task",
        "accuracy": 0.9367531548970703,
        "f1": 0.7769463043192858,
        "mcc": 0.7656450625990088,
        "auc": 0.9664562108454567
    },
    "metrics_multiclass": {
        "task": "Trial Experiment_missing_Protocol_20.0 - Multiclass Task",
        "accuracy": 0.9341101142835871,
        "f1": 0.4961705111236395,
        "mcc": 0.7702628461313361,
        "auc": NaN
    }
}