{
    "model": "experiments/cnn_lstm_trial_Experiment_outliers_Timestamp_50.0.pt",
    "model_type": "CNN-LSTM",
    "label": "Experiment_outliers_Timestamp_50.0",
<<<<<<< HEAD:experiments/cnn_lstm_trial_Experiment_outliers_Timestamp_50.0_artifacts.json
    "mcc_bin": 0.933005288014562,
    "mcc_mul": 0.9348864172647006,
    "mean_mcc": 0.9339458526396313,
    "val_loss": 0.16260376732264245,
    "cm_bin": [
        [
            22072,
            171
        ],
        [
            336,
            4284
=======
    "mcc_bin": 0.9430539269983621,
    "mcc_mul": 0.9410921992252702,
    "mean_mcc": 0.9420730631118162,
    "val_loss": 0.14644845841186388,
    "cm_bin": [
        [
            22234,
            97
        ],
        [
            331,
            4255
>>>>>>> a448b70f92ad6f09c001173f0f5fcb64bd2e2232:experiments3/cnn_lstm_trial_Experiment_outliers_Timestamp_50.0_artifacts.json
        ]
    ],
    "cm_mul": [
        [
<<<<<<< HEAD:experiments/cnn_lstm_trial_Experiment_outliers_Timestamp_50.0_artifacts.json
            22084,
            0,
            146,
            0,
            4,
            1,
            2,
            0,
            0,
            6,
            0,
            0,
            0
        ],
        [
            0,
            1171,
            0,
            0,
            0,
            0,
            0,
=======
            22236,
            1,
            76,
            0,
            6,
            2,
            3,
            0,
            0,
            6,
            1,
            0,
            0
        ],
        [
            0,
            1159,
            0,
            0,
            0,
            0,
            0,
            0,
            0,
            0,
            0,
            0,
            0
        ],
        [
            26,
            0,
            915,
            0,
            0,
            0,
            0,
            0,
            0,
            0,
            0,
            0,
            0
        ],
        [
            2,
            0,
            16,
            736,
            0,
            0,
            0,
            0,
            4,
            24,
            0,
            0,
            0
        ],
        [
            12,
            0,
            0,
            0,
            453,
            0,
            1,
>>>>>>> a448b70f92ad6f09c001173f0f5fcb64bd2e2232:experiments3/cnn_lstm_trial_Experiment_outliers_Timestamp_50.0_artifacts.json
            0,
            0,
            0,
            0,
            0,
            0
        ],
        [
<<<<<<< HEAD:experiments/cnn_lstm_trial_Experiment_outliers_Timestamp_50.0_artifacts.json
            28,
            0,
            960,
=======
>>>>>>> a448b70f92ad6f09c001173f0f5fcb64bd2e2232:experiments3/cnn_lstm_trial_Experiment_outliers_Timestamp_50.0_artifacts.json
            0,
            0,
            0,
            0,
            0,
<<<<<<< HEAD:experiments/cnn_lstm_trial_Experiment_outliers_Timestamp_50.0_artifacts.json
            0,
            0,
            0,
            0,
            0
        ],
        [
            2,
            1,
            11,
            741,
            0,
            0,
            0,
            0,
            0,
            6,
            0,
            0,
            0
        ],
        [
            19,
            0,
            2,
            1,
            452,
            0,
            0,
            0,
            0,
            0,
            0,
            0,
            0
        ],
        [
            0,
            0,
            0,
            0,
            0,
            309,
=======
            316,
>>>>>>> a448b70f92ad6f09c001173f0f5fcb64bd2e2232:experiments3/cnn_lstm_trial_Experiment_outliers_Timestamp_50.0_artifacts.json
            0,
            0,
            0,
            0,
            0,
            0,
            0
        ],
        [
            1,
            0,
            0,
            0,
            0,
            0,
<<<<<<< HEAD:experiments/cnn_lstm_trial_Experiment_outliers_Timestamp_50.0_artifacts.json
            313,
=======
            324,
            0,
            0,
            0,
            1,
            0,
            0
        ],
        [
            270,
            0,
            0,
            0,
            0,
            0,
            0,
>>>>>>> a448b70f92ad6f09c001173f0f5fcb64bd2e2232:experiments3/cnn_lstm_trial_Experiment_outliers_Timestamp_50.0_artifacts.json
            0,
            0,
            0,
            0,
            0,
            0
        ],
        [
<<<<<<< HEAD:experiments/cnn_lstm_trial_Experiment_outliers_Timestamp_50.0_artifacts.json
            274,
=======
            0,
            0,
            0,
            0,
>>>>>>> a448b70f92ad6f09c001173f0f5fcb64bd2e2232:experiments3/cnn_lstm_trial_Experiment_outliers_Timestamp_50.0_artifacts.json
            0,
            1,
            0,
            0,
<<<<<<< HEAD:experiments/cnn_lstm_trial_Experiment_outliers_Timestamp_50.0_artifacts.json
            0,
            0,
            0,
            0,
            0,
            0,
            0,
            0
        ],
        [
            0,
            0,
            0,
            0,
            0,
            2,
            0,
            0,
            228,
=======
            234,
>>>>>>> a448b70f92ad6f09c001173f0f5fcb64bd2e2232:experiments3/cnn_lstm_trial_Experiment_outliers_Timestamp_50.0_artifacts.json
            0,
            0,
            0,
            0
        ],
        [
<<<<<<< HEAD:experiments/cnn_lstm_trial_Experiment_outliers_Timestamp_50.0_artifacts.json
            5,
=======
            4,
>>>>>>> a448b70f92ad6f09c001173f0f5fcb64bd2e2232:experiments3/cnn_lstm_trial_Experiment_outliers_Timestamp_50.0_artifacts.json
            0,
            0,
            0,
            0,
            0,
<<<<<<< HEAD:experiments/cnn_lstm_trial_Experiment_outliers_Timestamp_50.0_artifacts.json
            0,
            0,
            0,
            70,
=======
            1,
            0,
            0,
            62,
>>>>>>> a448b70f92ad6f09c001173f0f5fcb64bd2e2232:experiments3/cnn_lstm_trial_Experiment_outliers_Timestamp_50.0_artifacts.json
            0,
            0,
            0
        ],
        [
            13,
<<<<<<< HEAD:experiments/cnn_lstm_trial_Experiment_outliers_Timestamp_50.0_artifacts.json
            1,
            1,
            1,
=======
>>>>>>> a448b70f92ad6f09c001173f0f5fcb64bd2e2232:experiments3/cnn_lstm_trial_Experiment_outliers_Timestamp_50.0_artifacts.json
            0,
            0,
            0,
            0,
            0,
<<<<<<< HEAD:experiments/cnn_lstm_trial_Experiment_outliers_Timestamp_50.0_artifacts.json
            3,
            0,
=======
            1,
            0,
            0,
            3,
            2,
>>>>>>> a448b70f92ad6f09c001173f0f5fcb64bd2e2232:experiments3/cnn_lstm_trial_Experiment_outliers_Timestamp_50.0_artifacts.json
            0,
            0
        ],
        [
            3,
            0,
            0,
            0,
            0,
            0,
            0,
            0,
            0,
            0,
            0,
            0,
            0
        ],
        [
<<<<<<< HEAD:experiments/cnn_lstm_trial_Experiment_outliers_Timestamp_50.0_artifacts.json
            1,
=======
            2,
>>>>>>> a448b70f92ad6f09c001173f0f5fcb64bd2e2232:experiments3/cnn_lstm_trial_Experiment_outliers_Timestamp_50.0_artifacts.json
            0,
            0,
            0,
            0,
            0,
            0,
            0,
            0,
            0,
            0,
            0,
            0
        ]
    ],
    "feature_importance": {
<<<<<<< HEAD:experiments/cnn_lstm_trial_Experiment_outliers_Timestamp_50.0_artifacts.json
        "Down/Up Ratio": 0.06571535861810036,
        "Dst Port": 0.6042057829515585,
        "FIN Flag Cnt": 0.0030041306796854076,