{
    "model": "experiments/cnn_lstm_trial_Experiment_noise_Protocol_5.0.pt",
    "model_type": "CNN-LSTM",
    "label": "Experiment_noise_Protocol_5.0",
    "mcc_bin": 0.7219788547829473,
    "mcc_mul": 0.6703430938462308,
    "mean_mcc": 0.6961609743145891,
    "val_loss": 0.806099405911352,
    "cm_bin": [
        [
            22033,
            210
        ],
        [
            1767,
            2853
        ]
    ],
    "cm_mul": [
        [
            22174,
            19,
            0,
            1,
            0,
            27,
            20,
            0,
            2,
            0,
            0,
            0,
            0
        ],
        [
            1,
            1170,
            0,
            0,
            0,
            0,
            0,
            0,
            0,
            0,
            0,
            0,
            0
        ],
        [
            988,
            0,
            0,
            0,
            0,
            0,
            0,
            0,
            0,
            0,
            0,
            0,
            0
        ],
        [
            38,
            153,
            0,
            562,
            0,
            0,
            8,
            0,
            0,
            0,
            0,
            0,
            0
        ],
        [
            474,
            0,
            0,
            0,
            0,
            0,
            0,
            0,
            0,
            0,
            0,
            0,
            0
        ],
        [
            56,
            75,
            0,
            0,
            0,
            172,
            0,
            0,
            6,
            0,
            0,
            0,
            0
        ],
        [
            39,
            157,
            0,
            0,
            0,
            0,
            118,
            0,
            0,
            0,
            0,
            0,
            0
        ],
        [
            274,
            0,
            0,
            0,
            0,
            0,
            1,
            0,
            0,
            0,
            0,
            0,
            0
        ],
        [
            0,
            1,
            0,
            0,
            0,
            0,
            0,
            0,
            229,
            0,
            0,
            0,
            0
        ],
        [
            27,
            39,
            0,
            0,
            0,
            0,
            9,
            0,
            0,
            0,
            0,
            0,
            0
        ],
        [
            19,
            0,
            0,
            0,
            0,
            0,
            0,
            0,
            0,
            0,
            0,
            0,
            0
        ],
        [
            3,
            0,
            0,
            0,
            0,
            0,
            0,
            0,
            0,
            0,
            0,
            0,
            0
        ],
        [
            1,
            0,
            0,
            0,
            0,
            0,
            0,
            0,
            0,
            0,
            0,
            0,
            0
        ]
    ],
    "feature_importance": {
        "Down/Up Ratio": 0.040310077519380365,
        "Dst Port": 0.6294573643410846,
        "FIN Flag Cnt": 0.0,
        "Flow Pkts/s": 0.19173126614987063,
        "Fwd Pkt Len Max": 0.4330749354005165,
        "Init Bwd Win Byts": 0.10697674418604723,
        "Init Fwd Win Byts": 1.0,
        "Protocol": 0.05633074935400555
    },
    "params": {
        "nb_filters": 32,
        "kernel_size": 3,
        "lstm_units_1": 128,
        "lstm_units_2": 256,
        "dropout": 0.1,
        "lr": 0.0008204643365323959,
        "batch_size": 4096
    },
    "metrics_binary": {
        "task": "Trial Experiment_noise_Protocol_5.0 - Binary Task",
        "accuracy": 0.9264043479879388,
        "f1": 0.7426786411557985,
        "mcc": 0.7219788547829473,
        "auc": 0.9315161460398165
    },
    "metrics_multiclass": {
        "task": "Trial Experiment_noise_Protocol_5.0 - Multiclass Task",
        "accuracy": 0.9092431969623646,
        "f1": 0.3697118802078737,
        "mcc": 0.6703430938462308,
        "auc": 0.905364048206278
    }
}