{
    "model": "experiments/cnn_lstm_trial_Experiment_missing_Down_Up Ratio_30.0.pt",
    "model_type": "CNN-LSTM",
    "label": "Experiment_missing_Down_Up Ratio_30.0",
    "mcc_bin": 0.7641645641184767,
    "mcc_mul": 0.7758262156983934,
    "mean_mcc": 0.7699953899084351,
    "val_loss": 0.48946740850806236,
    "cm_bin": [
        [
            21974,
            269
        ],
        [
            1431,
            3189
        ]
    ],
    "cm_mul": [
        [
            22017,
            0,
            0,
            1,
            131,
            66,
            22,
            2,
            0,
            4,
            0,
            0,
            0
        ],
        [
            1,
            1170,
            0,
            0,
            0,
            0,
            0,
            0,
            0,
            0,
            0,
            0,
            0
        ],
        [
            988,
            0,
            0,
            0,
            0,
            0,
            0,
            0,
            0,
            0,
            0,
            0,
            0
        ],
        [
            35,
            0,
            0,
            715,
            7,
            0,
            0,
            0,
            0,
            4,
            0,
            0,
            0
        ],
        [
            130,
            0,
            0,
            0,
            344,
            0,
            0,
            0,
            0,
            0,
            0,
            0,
            0
        ],
        [
            3,
            0,
            0,
            0,
            0,
            306,
            0,
            0,
            0,
            0,
            0,
            0,
            0
        ],
        [
            1,
            0,
            0,
            0,
            0,
            0,
            313,
            0,
            0,
            0,
            0,
            0,
            0
        ],
        [
            270,
            0,
            0,
            0,
            3,
            1,
            0,
            1,
            0,
            0,
            0,
            0,
            0
        ],
        [
            0,
            0,
            0,
            0,
            0,
            0,
            0,
            0,
            230,
            0,
            0,
            0,
            0
        ],
        [
            33,
            1,
            0,
            0,
            0,
            0,
            11,
            0,
            0,
            30,
            0,
            0,
            0
        ],
        [
            19,
            0,
            0,
            0,
            0,
            0,
            0,
            0,
            0,
            0,
            0,
            0,
            0
        ],
        [
            3,
            0,
            0,
            0,
            0,
            0,
            0,
            0,
            0,
            0,
            0,
            0,
            0
        ],
        [
            1,
            0,
            0,
            0,
            0,
            0,
            0,
            0,
            0,
            0,
            0,
            0,
            0
        ]
    ],
    "feature_importance": {
        "Down/Up Ratio": 0.012633241215949475,
        "Dst Port": 0.5116462692459531,
        "FIN Flag Cnt": 0.0011843663639955944,
        "Flow Pkts/s": 0.1105408606395582,
        "Fwd Pkt Len Max": 0.6123174101855504,
        "Init Bwd Win Byts": 0.2372680615870515,
        "Init Fwd Win Byts": 1.0,
        "Protocol": 0.0880378997236478
    },
    "params": {
        "nb_filters": 32,
        "kernel_size": 3,
        "lstm_units_1": 128,
        "lstm_units_2": 256,
        "dropout": 0.1,
        "lr": 0.0008204643365323959,
        "batch_size": 4096
    },
    "metrics_binary": {
        "task": "Trial Experiment_missing_Down_Up Ratio_30.0 - Binary Task",
        "accuracy": 0.9367159289729368,
        "f1": 0.7895518692745729,
        "mcc": 0.7641645641184767,
        "auc": 0.9632818477061609
    },
    "metrics_multiclass": {
        "task": "Trial Experiment_missing_Down_Up Ratio_30.0 - Multiclass Task",
        "accuracy": 0.9353385697799947,
        "f1": 0.5408746183931975,
        "mcc": 0.7758262156983934,
        "auc": NaN
    }
}