{
    "model": "experiments/cnn_lstm_trial_Experiment_noise_FIN Flag Cnt_30.0.pt",
    "model_type": "CNN-LSTM",
    "label": "Experiment_noise_FIN Flag Cnt_30.0",
    "mcc_bin": 0.7140642769352316,
    "mcc_mul": 0.7056621328789022,
    "mean_mcc": 0.7098632049070669,
    "val_loss": 0.801847938980375,
    "cm_bin": [
        [
            22008,
            235
        ],
        [
            1793,
            2827
        ]
    ],
    "cm_mul": [
        [
            22015,
            0,
            6,
            0,
            0,
            182,
            38,
            0,
            2,
            0,
            0,
            0,
            0
        ],
        [
            1,
            1170,
            0,
            0,
            0,
            0,
            0,
            0,
            0,
            0,
            0,
            0,
            0
        ],
        [
            984,
            0,
            4,
            0,
            0,
            0,
            0,
            0,
            0,
            0,
            0,
            0,
            0
        ],
        [
            29,
            0,
            91,
            641,
            0,
            0,
            0,
            0,
            0,
            0,
            0,
            0,
            0
        ],
        [
            467,
            0,
            7,
            0,
            0,
            0,
            0,
            0,
            0,
            0,
            0,
            0,
            0
        ],
        [
            0,
            0,
            0,
            0,
            0,
            309,
            0,
            0,
            0,
            0,
            0,
            0,
            0
        ],
        [
            17,
            7,
            1,
            0,
            0,
            7,
            282,
            0,
            0,
            0,
            0,
            0,
            0
        ],
        [
            274,
            0,
            0,
            0,
            0,
            1,
            0,
            0,
            0,
            0,
            0,
            0,
            0
        ],
        [
            0,
            0,
            0,
            0,
            0,
            0,
            0,
            0,
            230,
            0,
            0,
            0,
            0
        ],
        [
            29,
            1,
            19,
            3,
            0,
            0,
            23,
            0,
            0,
            0,
            0,
            0,
            0
        ],
        [
            19,
            0,
            0,
            0,
            0,
            0,
            0,
            0,
            0,
            0,
            0,
            0,
            0
        ],
        [
            2,
            0,
            0,
            0,
            0,
            0,
            1,
            0,
            0,
            0,
            0,
            0,
            0
        ],
        [
            1,
            0,
            0,
            0,
            0,
            0,
            0,
            0,
            0,
            0,
            0,
            0,
            0
        ]
    ],
    "feature_importance": {
        "Down/Up Ratio": 0.11425732737208236,
        "Dst Port": 0.5116741182314949,
        "FIN Flag Cnt": 0.0019870839542976255,
        "Flow Pkts/s": 0.07054148037754644,
        "Fwd Pkt Len Max": 0.44957774465971184,
        "Init Bwd Win Byts": 0.09090909090909118,
        "Init Fwd Win Byts": 1.0,
        "Protocol": 0.09239940387481439
    },
    "params": {
        "nb_filters": 32,
        "kernel_size": 3,
        "lstm_units_1": 128,
        "lstm_units_2": 256,
        "dropout": 0.1,
        "lr": 0.0008204643365323959,
        "batch_size": 4096
    },
    "metrics_binary": {
        "task": "Trial Experiment_noise_FIN Flag Cnt_30.0 - Binary Task",
        "accuracy": 0.9245058258571269,
        "f1": 0.7360062483728196,
        "mcc": 0.7140642769352316,
        "auc": 0.9437601605485884
    },
    "metrics_multiclass": {
        "task": "Trial Experiment_noise_FIN Flag Cnt_30.0 - Multiclass Task",
        "accuracy": 0.9176562558165506,
        "f1": 0.42222687018618416,
        "mcc": 0.7056621328789022,
        "auc": 0.9087895850554489
    }
}