{
    "model": "experiments/cnn_lstm_trial_Experiment_outliers_Protocol_10.0.pt",
    "model_type": "CNN-LSTM",
    "label": "Experiment_outliers_Protocol_10.0",
    "mcc_bin": 0.7163529471765957,
    "mcc_mul": 0.7032885577960962,
    "mean_mcc": 0.709820752486346,
    "val_loss": 0.6582937229956899,
    "cm_bin": [
        [
            22172,
            71
        ],
        [
            1951,
            2669
        ]
    ],
    "cm_mul": [
        [
            22214,
            5,
            0,
            10,
            0,
            11,
            3,
            0,
            0,
            0,
            0,
            0,
            0
        ],
        [
            1,
            1164,
            0,
            0,
            0,
            0,
            0,
            0,
            0,
            6,
            0,
            0,
            0
        ],
        [
            988,
            0,
            0,
            0,
            0,
            0,
            0,
            0,
            0,
            0,
            0,
            0,
            0
        ],
        [
            37,
            3,
            0,
            718,
            0,
            0,
            3,
            0,
            0,
            0,
            0,
            0,
            0
        ],
        [
            462,
            1,
            0,
            11,
            0,
            0,
            0,
            0,
            0,
            0,
            0,
            0,
            0
        ],
        [
            6,
            0,
            0,
            0,
            0,
            303,
            0,
            0,
            0,
            0,
            0,
            0,
            0
        ],
        [
            194,
            0,
            0,
            0,
            0,
            0,
            120,
            0,
            0,
            0,
            0,
            0,
            0
        ],
        [
            275,
            0,
            0,
            0,
            0,
            0,
            0,
            0,
            0,
            0,
            0,
            0,
            0
        ],
        [
            0,
            0,
            0,
            0,
            0,
            104,
            0,
            0,
            126,
            0,
            0,
            0,
            0
        ],
        [
            44,
            5,
            0,
            4,
            0,
            0,
            22,
            0,
            0,
            0,
            0,
            0,
            0
        ],
        [
            19,
            0,
            0,
            0,
            0,
            0,
            0,
            0,
            0,
            0,
            0,
            0,
            0
        ],
        [
            3,
            0,
            0,
            0,
            0,
            0,
            0,
            0,
            0,
            0,
            0,
            0,
            0
        ],
        [
            1,
            0,
            0,
            0,
            0,
            0,
            0,
            0,
            0,
            0,
            0,
            0,
            0
        ]
    ],
    "feature_importance": {
        "Down/Up Ratio": 0.001987083954296147,
        "Dst Port": 0.3954297069051169,
        "FIN Flag Cnt": 0.0,
        "Flow Pkts/s": 0.13760556383507225,
        "Fwd Pkt Len Max": 0.5707898658718338,
        "Init Bwd Win Byts": 0.13164431197218085,
        "Init Fwd Win Byts": 1.0,
        "Protocol": 0.03179334326875317
    },
    "params": {
        "nb_filters": 32,
        "kernel_size": 3,
        "lstm_units_1": 128,
        "lstm_units_2": 256,
        "dropout": 0.1,
        "lr": 0.0008204643365323959,
        "batch_size": 4096
    },
    "metrics_binary": {
        "task": "Trial Experiment_outliers_Protocol_10.0 - Binary Task",
        "accuracy": 0.9247291814019283,
        "f1": 0.7252717391304347,
        "mcc": 0.7163529471765957,
        "auc": 0.9508515252524604
    },
    "metrics_multiclass": {
        "task": "Trial Experiment_outliers_Protocol_10.0 - Multiclass Task",
        "accuracy": 0.9174329002717493,
        "f1": 0.38172796776815576,
        "mcc": 0.7032885577960962,
        "auc": NaN
    }
}