{
    "model": "experiments/cnn_lstm_trial_Experiment_duplicated_Timestamp_5.0.pt",
    "model_type": "CNN-LSTM",
    "label": "Experiment_duplicated_Timestamp_5.0",
    "mcc_bin": 0.7245576152552272,
    "mcc_mul": 0.6090856166096869,
    "mean_mcc": 0.666821615932457,
    "val_loss": 0.8402409484343869,
    "cm_bin": [
        [
            22213,
            118
        ],
        [
            1834,
            2752
        ]
    ],
    "cm_mul": [
        [
            22318,
            7,
            0,
            6,
            0,
            0,
            0,
            0,
            0,
            0,
            0,
            0,
            0
        ],
        [
            1,
            1158,
            0,
            0,
            0,
            0,
            0,
            0,
            0,
            0,
            0,
            0,
            0
        ],
        [
            939,
            0,
            0,
            2,
            0,
            0,
            0,
            0,
            0,
            0,
            0,
            0,
            0
        ],
        [
            67,
            69,
            0,
            633,
            0,
            13,
            0,
            0,
            0,
            0,
            0,
            0,
            0
        ],
        [
            461,
            3,
            1,
            1,
            0,
            0,
            0,
            0,
            0,
            0,
            0,
            0,
            0
        ],
        [
            270,
            6,
            0,
            0,
            0,
            40,
            0,
            0,
            0,
            0,
            0,
            0,
            0
        ],
        [
            263,
            8,
            0,
            0,
            0,
            55,
            0,
            0,
            0,
            0,
            0,
            0,
            0
        ],
        [
            270,
            0,
            0,
            0,
            0,
            0,
            0,
            0,
            0,
            0,
            0,
            0,
            0
        ],
        [
            208,
            0,
            0,
            0,
            0,
            27,
            0,
            0,
            0,
            0,
            0,
            0,
            0
        ],
        [
            52,
            11,
            0,
            0,
            0,
            4,
            0,
            0,
            0,
            0,
            0,
            0,
            0
        ],
        [
            19,
            0,
            0,
            0,
            0,
            0,
            0,
            0,
            0,
            0,
            0,
            0,
            0
        ],
        [
            1,
            0,
            0,
            2,
            0,
            0,
            0,
            0,
            0,
            0,
            0,
            0,
            0
        ],
        [
            2,
            0,
            0,
            0,
            0,
            0,
            0,
            0,
            0,
            0,
            0,
            0,
            0
        ]
    ],
    "feature_importance": {
        "Down/Up Ratio": 0.053543307086614075,
        "Dst Port": 0.5553805774278217,
        "FIN Flag Cnt": 0.0005249343832008069,
        "Flow Pkts/s": 0.22099737532808406,
        "Fwd Pkt Len Max": 0.6257217847769023,
        "Init Bwd Win Byts": 0.09763779527559009,
        "Init Fwd Win Byts": 1.0,
        "Protocol": 0.08661417322834648
    },
    "params": {
        "nb_filters": 32,
        "kernel_size": 3,
        "lstm_units_1": 128,
        "lstm_units_2": 256,
        "dropout": 0.1,
        "lr": 0.0008204643365323959,
        "batch_size": 4096
    },
    "metrics_binary": {
        "task": "Trial Experiment_duplicated_Timestamp_5.0 - Binary Task",
        "accuracy": 0.927480774231898,
        "f1": 0.7381974248927039,
        "mcc": 0.7245576152552272,
        "auc": 0.9268826629627043
    },
    "metrics_multiclass": {
        "task": "Trial Experiment_duplicated_Timestamp_5.0 - Multiclass Task",
        "accuracy": 0.8971653601812981,
        "f1": 0.22814535391804486,
        "mcc": 0.6090856166096869,
        "auc": NaN
    }
}