{
    "model": "experiments/cnn_lstm_trial_Experiment_missing_Timestamp_30.0.pt",
    "model_type": "CNN-LSTM",
    "label": "Experiment_missing_Timestamp_30.0",
    "mcc_bin": 0.8707865008215949,
    "mcc_mul": 0.8799600019290069,
    "mean_mcc": 0.875373251375301,
    "val_loss": 0.25955490089420763,
    "cm_bin": [
        [
            22090,
            153
        ],
        [
            806,
            3814
        ]
    ],
    "cm_mul": [
        [
            22118,
            0,
            80,
            11,
            13,
            0,
            3,
            15,
            0,
            3,
            0,
            0,
            0
        ],
        [
            0,
            1171,
            0,
            0,
            0,
            0,
            0,
            0,
            0,
            0,
            0,
            0,
            0
        ],
        [
            447,
            0,
            540,
            0,
            1,
            0,
            0,
            0,
            0,
            0,
            0,
            0,
            0
        ],
        [
            12,
            0,
            0,
            737,
            0,
            0,
            0,
            0,
            0,
            12,
            0,
            0,
            0
        ],
        [
            51,
            0,
            0,
            0,
            423,
            0,
            0,
            0,
            0,
            0,
            0,
            0,
            0
        ],
        [
            1,
            0,
            0,
            0,
            0,
            308,
            0,
            0,
            0,
            0,
            0,
            0,
            0
        ],
        [
            2,
            0,
            0,
            0,
            0,
            0,
            312,
            0,
            0,
            0,
            0,
            0,
            0
        ],
        [
            259,
            0,
            0,
            0,
            2,
            0,
            0,
            14,
            0,
            0,
            0,
            0,
            0
        ],
        [
            0,
            0,
            0,
            0,
            0,
            0,
            0,
            0,
            230,
            0,
            0,
            0,
            0
        ],
        [
            20,
            0,
            0,
            0,
            5,
            0,
            1,
            0,
            0,
            49,
            0,
            0,
            0
        ],
        [
            19,
            0,
            0,
            0,
            0,
            0,
            0,
            0,
            0,
            0,
            0,
            0,
            0
        ],
        [
            3,
            0,
            0,
            0,
            0,
            0,
            0,
            0,
            0,
            0,
            0,
            0,
            0
        ],
        [
            1,
            0,
            0,
            0,
            0,
            0,
            0,
            0,
            0,
            0,
            0,
            0,
            0
        ]
    ],
    "feature_importance": {
        "Down/Up Ratio": 0.041742951299889856,
        "Dst Port": 0.4870010984987186,
        "FIN Flag Cnt": 0.005126327352617343,
        "Flow Pkts/s": 0.15525448553643342,
        "Fwd Pkt Len Max": 0.6418894177956792,
        "Init Bwd Win Byts": 0.24093738557305008,
        "Init Fwd Win Byts": 1.0,
        "Protocol": 0.22592456975466868
    },
    "params": {
        "nb_filters": 32,
        "kernel_size": 3,
        "lstm_units_1": 128,
        "lstm_units_2": 256,
        "dropout": 0.1,
        "lr": 0.0008204643365323959,
        "batch_size": 4096
    },
    "metrics_binary": {
        "task": "Trial Experiment_missing_Timestamp_30.0 - Binary Task",
        "accuracy": 0.9643003387559096,
        "f1": 0.8883195528123908,
        "mcc": 0.8707865008215949,
        "auc": 0.9790636404312618
    },
    "metrics_multiclass": {
        "task": "Trial Experiment_missing_Timestamp_30.0 - Multiclass Task",
        "accuracy": 0.9642258869076424,
        "f1": 0.641169647774998,
        "mcc": 0.8799600019290069,
        "auc": NaN
    }
}