{
    "model": "experiments/cnn_lstm_trial_Experiment_missing_Timestamp_70.0.pt",
    "model_type": "CNN-LSTM",
    "label": "Experiment_missing_Timestamp_70.0",
    "mcc_bin": 0.942700573632553,
    "mcc_mul": 0.944620991437574,
    "mean_mcc": 0.9436607825350636,
    "val_loss": 0.15203339260603702,
    "cm_bin": [
        [
            22146,
            97
        ],
        [
            336,
            4284
        ]
    ],
    "cm_mul": [
        [
            22160,
            1,
            63,
            1,
            15,
            1,
            1,
            0,
            0,
            1,
            0,
            0,
            0
        ],
        [
            0,
            1171,
            0,
            0,
            0,
            0,
            0,
            0,
            0,
            0,
            0,
            0,
            0
        ],
        [
            16,
            0,
            972,
            0,
            0,
            0,
            0,
            0,
            0,
            0,
            0,
            0,
            0
        ],
        [
            4,
            0,
            9,
            742,
            1,
            0,
            0,
            0,
            0,
            5,
            0,
            0,
            0
        ],
        [
            22,
            0,
            1,
            0,
            451,
            0,
            0,
            0,
            0,
            0,
            0,
            0,
            0
        ],
        [
            1,
            0,
            0,
            0,
            0,
            308,
            0,
            0,
            0,
            0,
            0,
            0,
            0
        ],
        [
            1,
            0,
            0,
            0,
            0,
            0,
            313,
            0,
            0,
            0,
            0,
            0,
            0
        ],
        [
            274,
            0,
            1,
            0,
            0,
            0,
            0,
            0,
            0,
            0,
            0,
            0,
            0
        ],
        [
            0,
            0,
            0,
            0,
            0,
            0,
            0,
            0,
            230,
            0,
            0,
            0,
            0
        ],
        [
            8,
            0,
            0,
            1,
            2,
            0,
            4,
            0,
            0,
            60,
            0,
            0,
            0
        ],
        [
            13,
            0,
            0,
            0,
            3,
            0,
            0,
            0,
            0,
            1,
            2,
            0,
            0
        ],
        [
            3,
            0,
            0,
            0,
            0,
            0,
            0,
            0,
            0,
            0,
            0,
            0,
            0
        ],
        [
            1,
            0,
            0,
            0,
            0,
            0,
            0,
            0,
            0,
            0,
            0,
            0,
            0
        ]
    ],
    "feature_importance": {
        "Down/Up Ratio": 0.03812316715542496,
        "Dst Port": 0.6217008797653961,
        "FIN Flag Cnt": 0.001099706744868343,
        "Flow Pkts/s": 0.3064516129032263,
        "Fwd Pkt Len Max": 1.0,
        "Init Bwd Win Byts": 0.21114369501466282,
        "Init Fwd Win Byts": 0.7023460410557183,
        "Protocol": 0.3145161290322586
    },
    "params": {
        "nb_filters": 32,
        "kernel_size": 3,
        "lstm_units_1": 128,
        "lstm_units_2": 256,
        "dropout": 0.1,
        "lr": 0.0008204643365323959,
        "batch_size": 4096
    },
    "metrics_binary": {
        "task": "Trial Experiment_missing_Timestamp_70.0 - Binary Task",
        "accuracy": 0.9838811748501657,
        "f1": 0.9518942339740029,
        "mcc": 0.942700573632553,
        "auc": 0.9904187182387065
    },
    "metrics_multiclass": {
        "task": "Trial Experiment_missing_Timestamp_70.0 - Multiclass Task",
        "accuracy": 0.9830994304433608,
        "f1": 0.6852428142291367,
        "mcc": 0.944620991437574,
        "auc": NaN
    }
}