{
    "model": "experiments/cnn_lstm_trial_Experiment_labels_FIN Flag Cnt_10.0.pt",
    "model_type": "CNN-LSTM",
    "label": "Experiment_labels_FIN Flag Cnt_10.0",
    "mcc_bin": 0.7295028565290013,
    "mcc_mul": 0.5884973163251106,
    "mean_mcc": 0.659000086427056,
    "val_loss": 0.8237951887505395,
    "cm_bin": [
        [
            22073,
            170
        ],
        [
            1759,
            2861
        ]
    ],
    "cm_mul": [
        [
            22208,
            9,
            19,
            0,
            0,
            5,
            1,
            0,
            1,
            0,
            0,
            0,
            0
        ],
        [
            1,
            1170,
            0,
            0,
            0,
            0,
            0,
            0,
            0,
            0,
            0,
            0,
            0
        ],
        [
            985,
            0,
            3,
            0,
            0,
            0,
            0,
            0,
            0,
            0,
            0,
            0,
            0
        ],
        [
            51,
            43,
            547,
            120,
            0,
            0,
            0,
            0,
            0,
            0,
            0,
            0,
            0
        ],
        [
            464,
            2,
            8,
            0,
            0,
            0,
            0,
            0,
            0,
            0,
            0,
            0,
            0
        ],
        [
            32,
            181,
            0,
            0,
            0,
            96,
            0,
            0,
            0,
            0,
            0,
            0,
            0
        ],
        [
            164,
            57,
            0,
            0,
            0,
            0,
            93,
            0,
            0,
            0,
            0,
            0,
            0
        ],
        [
            271,
            1,
            3,
            0,
            0,
            0,
            0,
            0,
            0,
            0,
            0,
            0,
            0
        ],
        [
            0,
            1,
            0,
            0,
            0,
            0,
            0,
            0,
            229,
            0,
            0,
            0,
            0
        ],
        [
            43,
            14,
            18,
            0,
            0,
            0,
            0,
            0,
            0,
            0,
            0,
            0,
            0
        ],
        [
            19,
            0,
            0,
            0,
            0,
            0,
            0,
            0,
            0,
            0,
            0,
            0,
            0
        ],
        [
            3,
            0,
            0,
            0,
            0,
            0,
            0,
            0,
            0,
            0,
            0,
            0,
            0
        ],
        [
            1,
            0,
            0,
            0,
            0,
            0,
            0,
            0,
            0,
            0,
            0,
            0,
            0
        ]
    ],
    "feature_importance": {
        "Down/Up Ratio": 0.02648114901256674,
        "Dst Port": 0.6741472172351879,
        "FIN Flag Cnt": 0.0,
        "Flow Pkts/s": 0.15798922800718024,
        "Fwd Pkt Len Max": 0.5044883303411131,
        "Init Bwd Win Byts": 0.09021543985637336,
        "Init Fwd Win Byts": 1.0,
        "Protocol": 0.18491921005385975
    },
    "params": {
        "nb_filters": 32,
        "kernel_size": 3,
        "lstm_units_1": 128,
        "lstm_units_2": 256,
        "dropout": 0.1,
        "lr": 0.0008204643365323959,
        "batch_size": 4096
    },
    "metrics_binary": {
        "task": "Trial Experiment_labels_FIN Flag Cnt_10.0 - Binary Task",
        "accuracy": 0.92819119234635,
        "f1": 0.7478760946281532,
        "mcc": 0.7295028565290013,
        "auc": 0.9386517923922951
    },
    "metrics_multiclass": {
        "task": "Trial Experiment_labels_FIN Flag Cnt_10.0 - Multiclass Task",
        "accuracy": 0.8904068793507799,
        "f1": 0.31037471123572663,
        "mcc": 0.5884973163251106,
        "auc": 0.9003702014045469
    }
}