{
    "model": "experiments/cnn_lstm_trial_Experiment_labels_Protocol_10.0.pt",
    "model_type": "CNN-LSTM",
    "label": "Experiment_labels_Protocol_10.0",
    "mcc_bin": 0.7165474393746335,
    "mcc_mul": 0.6310920750380267,
    "mean_mcc": 0.67381975720633,
    "val_loss": 0.8148309343627521,
    "cm_bin": [
        [
            22011,
            232
        ],
        [
            1780,
            2840
        ]
    ],
    "cm_mul": [
        [
            22170,
            25,
            0,
            7,
            0,
            40,
            1,
            0,
            0,
            0,
            0,
            0,
            0
        ],
        [
            1,
            1170,
            0,
            0,
            0,
            0,
            0,
            0,
            0,
            0,
            0,
            0,
            0
        ],
        [
            985,
            0,
            0,
            3,
            0,
            0,
            0,
            0,
            0,
            0,
            0,
            0,
            0
        ],
        [
            51,
            36,
            0,
            674,
            0,
            0,
            0,
            0,
            0,
            0,
            0,
            0,
            0
        ],
        [
            474,
            0,
            0,
            0,
            0,
            0,
            0,
            0,
            0,
            0,
            0,
            0,
            0
        ],
        [
            95,
            51,
            0,
            0,
            0,
            163,
            0,
            0,
            0,
            0,
            0,
            0,
            0
        ],
        [
            96,
            149,
            0,
            0,
            0,
            69,
            0,
            0,
            0,
            0,
            0,
            0,
            0
        ],
        [
            270,
            5,
            0,
            0,
            0,
            0,
            0,
            0,
            0,
            0,
            0,
            0,
            0
        ],
        [
            1,
            7,
            0,
            0,
            0,
            222,
            0,
            0,
            0,
            0,
            0,
            0,
            0
        ],
        [
            21,
            52,
            0,
            1,
            0,
            1,
            0,
            0,
            0,
            0,
            0,
            0,
            0
        ],
        [
            19,
            0,
            0,
            0,
            0,
            0,
            0,
            0,
            0,
            0,
            0,
            0,
            0
        ],
        [
            3,
            0,
            0,
            0,
            0,
            0,
            0,
            0,
            0,
            0,
            0,
            0,
            0
        ],
        [
            1,
            0,
            0,
            0,
            0,
            0,
            0,
            0,
            0,
            0,
            0,
            0,
            0
        ]
    ],
    "feature_importance": {
        "Down/Up Ratio": 0.045641259698766874,
        "Dst Port": 0.4450022820629845,
        "FIN Flag Cnt": 0.0009128251939756097,
        "Flow Pkts/s": 0.10406207211318956,
        "Fwd Pkt Len Max": 0.4354176175262433,
        "Init Bwd Win Byts": 0.03742583295298911,
        "Init Fwd Win Byts": 1.0,
        "Protocol": 0.020994979461432216
    },
    "params": {
        "nb_filters": 32,
        "kernel_size": 3,
        "lstm_units_1": 128,
        "lstm_units_2": 256,
        "dropout": 0.1,
        "lr": 0.0008204643365323959,
        "batch_size": 4096
    },
    "metrics_binary": {
        "task": "Trial Experiment_labels_Protocol_10.0 - Binary Task",
        "accuracy": 0.9251014406432639,
        "f1": 0.7384295371814873,
        "mcc": 0.7165474393746335,
        "auc": 0.9269713240198337
    },
    "metrics_multiclass": {
        "task": "Trial Experiment_labels_Protocol_10.0 - Multiclass Task",
        "accuracy": 0.9000111677772401,
        "f1": 0.2438772999804547,
        "mcc": 0.6310920750380267,
        "auc": 0.9065161936422629
    }
}