{
    "model": "experiments/cnn_lstm_trial_Experiment_missing_Timestamp_50.0.pt",
    "model_type": "CNN-LSTM",
    "label": "Experiment_missing_Timestamp_50.0",
<<<<<<< HEAD:experiments/cnn_lstm_trial_Experiment_missing_Timestamp_50.0_artifacts.json
    "mcc_bin": 0.9288249677401081,
    "mcc_mul": 0.9332612497060989,
    "mean_mcc": 0.9310431087231035,
    "val_loss": 0.17139457924557583,
    "cm_bin": [
        [
            22092,
            151
        ],
        [
            386,
            4234
=======
    "mcc_bin": 0.7179803451608127,
    "mcc_mul": 0.6819308926594014,
    "mean_mcc": 0.699955618910107,
    "val_loss": 0.735042992713196,
    "cm_bin": [
        [
            22191,
            140
        ],
        [
            1853,
            2733
>>>>>>> a448b70f92ad6f09c001173f0f5fcb64bd2e2232:experiments3/cnn_lstm_trial_Experiment_missing_Timestamp_50.0_artifacts.json
        ]
    ],
    "cm_mul": [
        [
<<<<<<< HEAD:experiments/cnn_lstm_trial_Experiment_missing_Timestamp_50.0_artifacts.json
            22096,
            0,
            136,
            2,
            3,
            0,
            3,
            0,
            0,
            2,
            1,
            0,
            0
        ],
        [
            0,
            1171,
=======
            22274,
            1,
            17,
            0,
            0,
            37,
            0,
            0,
            2,
            0,
            0,
            0,
            0
        ],
        [
            2,
            1156,
            0,
            0,
            0,
            1,
            0,
            0,
            0,
            0,
            0,
            0,
            0
        ],
        [
            941,
            0,
>>>>>>> a448b70f92ad6f09c001173f0f5fcb64bd2e2232:experiments3/cnn_lstm_trial_Experiment_missing_Timestamp_50.0_artifacts.json
            0,
            0,
            0,
            0,
            0,
            0,
            0,
            0,
            0,
            0,
            0
        ],
        [
<<<<<<< HEAD:experiments/cnn_lstm_trial_Experiment_missing_Timestamp_50.0_artifacts.json
            31,
            0,
            957,
            0,
            0,
            0,
            0,
=======
            9,
            89,
            20,
            662,
            0,
            0,
            2,
>>>>>>> a448b70f92ad6f09c001173f0f5fcb64bd2e2232:experiments3/cnn_lstm_trial_Experiment_missing_Timestamp_50.0_artifacts.json
            0,
            0,
            0,
            0,
            0,
            0
        ],
        [
<<<<<<< HEAD:experiments/cnn_lstm_trial_Experiment_missing_Timestamp_50.0_artifacts.json
            8,
            0,
            0,
            728,
            0,
            0,
            3,
            0,
            0,
            22,
            0,
            0,
            0
        ],
        [
=======
            441,
            2,
>>>>>>> a448b70f92ad6f09c001173f0f5fcb64bd2e2232:experiments3/cnn_lstm_trial_Experiment_missing_Timestamp_50.0_artifacts.json
            23,
            0,
            0,
            0,
<<<<<<< HEAD:experiments/cnn_lstm_trial_Experiment_missing_Timestamp_50.0_artifacts.json
            451,
=======
            0,
            0,
            0,
            0,
            0,
            0,
            0
        ],
        [
            54,
            0,
            0,
            0,
            0,
            258,
            0,
            0,
            4,
            0,
            0,
            0,
            0
        ],
        [
            302,
            0,
            24,
            0,
            0,
>>>>>>> a448b70f92ad6f09c001173f0f5fcb64bd2e2232:experiments3/cnn_lstm_trial_Experiment_missing_Timestamp_50.0_artifacts.json
            0,
            0,
            0,
            0,
            0,
            0,
            0,
            0
        ],
        [
<<<<<<< HEAD:experiments/cnn_lstm_trial_Experiment_missing_Timestamp_50.0_artifacts.json
            0,
            0,
            0,
            0,
            0,
            309,
            0,
            0,
            0,
            0,
            0,
            0,
            0
        ],
        [
            3,
            0,
            0,
            0,
            0,
            0,
            311,
            0,
            0,
            0,
            0,
            0,
            0
        ],
        [
            275,
=======
            270,
>>>>>>> a448b70f92ad6f09c001173f0f5fcb64bd2e2232:experiments3/cnn_lstm_trial_Experiment_missing_Timestamp_50.0_artifacts.json
            0,
            0,
            0,
            0,
            0,
            0,
            0,
            0,
            0,
            0,
            0,
            0
        ],
        [
            0,
            0,
            0,
            0,
            0,
<<<<<<< HEAD:experiments/cnn_lstm_trial_Experiment_missing_Timestamp_50.0_artifacts.json
            0,
            0,
            0,
            230,
            0,
            0,
            0,
            0
        ],
        [
            14,
            0,
            0,
            0,
            0,
            0,
            0,
            0,
            0,
            61,
            0,
            0,
            0
        ],
        [
            15,
            0,
            0,
            0,
            0,
            0,
            0,
            0,
            0,
            2,
            2,
=======
            2,
            0,
            0,
            233,
            0,
            0,
            0,
            0
        ],
        [
            44,
            2,
            21,
            0,
            0,
            0,
            0,
            0,
            0,
            0,
            0,
            0,
            0
        ],
        [
            19,
            0,
            0,
            0,
            0,
            0,
            0,
            0,
            0,
            0,
            0,
>>>>>>> a448b70f92ad6f09c001173f0f5fcb64bd2e2232:experiments3/cnn_lstm_trial_Experiment_missing_Timestamp_50.0_artifacts.json
            0,
            0
        ],
        [
            3,
            0,
            0,
            0,
            0,
            0,
            0,
            0,
            0,
            0,
            0,
            0,
            0
        ],
        [
<<<<<<< HEAD:experiments/cnn_lstm_trial_Experiment_missing_Timestamp_50.0_artifacts.json
            1,
=======
            2,
>>>>>>> a448b70f92ad6f09c001173f0f5fcb64bd2e2232:experiments3/cnn_lstm_trial_Experiment_missing_Timestamp_50.0_artifacts.json
            0,
            0,
            0,
            0,
            0,
            0,
            0,
            0,
            0,
            0,
            0,
            0
        ]
    ],
    "feature_importance": {
<<<<<<< HEAD:experiments/cnn_lstm_trial_Experiment_missing_Timestamp_50.0_artifacts.json
        "Down/Up Ratio": 0.0545346769413162,
        "Dst Port": 0.617071724955543,
        "FIN Flag Cnt": 0.003556609365738109,
        "Flow Pkts/s": 0.13070539419087177,
        "Fwd Pkt Len Max": 1.0,
        "Init Bwd Win Byts": 0.19294605809128645,
        "Init Fwd Win Byts": 0.846769413159455,
        "Protocol": 0.5165975103734447
=======
        "Down/Up Ratio": 0.02203721841332011,
        "Dst Port": 0.40156709108717054,
        "FIN Flag Cnt": 0.0,
        "Flow Pkts/s": 0.07247796278158661,
        "Fwd Pkt Len Max": 0.657198824681685,
        "Init Bwd Win Byts": 0.13124387855044073,
        "Init Fwd Win Byts": 1.0,
        "Protocol": 0.04162585700293815
>>>>>>> a448b70f92ad6f09c001173f0f5fcb64bd2e2232:experiments3/cnn_lstm_trial_Experiment_missing_Timestamp_50.0_artifacts.json
    },
    "params": {
        "nb_filters": 32,
        "kernel_size": 3,
        "lstm_units_1": 128,
        "lstm_units_2": 256,
        "dropout": 0.1,