{
    "model": "experiments/cnn_lstm_trial_Experiment_outliers_Protocol_5.0.pt",
    "model_type": "CNN-LSTM",
    "label": "Experiment_outliers_Protocol_5.0",
    "mcc_bin": 0.7461559959665621,
    "mcc_mul": 0.7388298812375113,
    "mean_mcc": 0.7424929386020367,
    "val_loss": 0.5468706193247012,
    "cm_bin": [
        [
            22051,
            192
        ],
        [
            1627,
            2993
        ]
    ],
    "cm_mul": [
        [
            22069,
            0,
            1,
            0,
            3,
            136,
            30,
            0,
            0,
            4,
            0,
            0,
            0
        ],
        [
            1,
            1170,
            0,
            0,
            0,
            0,
            0,
            0,
            0,
            0,
            0,
            0,
            0
        ],
        [
            982,
            0,
            5,
            0,
            1,
            0,
            0,
            0,
            0,
            0,
            0,
            0,
            0
        ],
        [
            18,
            0,
            1,
            715,
            19,
            0,
            0,
            0,
            0,
            8,
            0,
            0,
            0
        ],
        [
            435,
            0,
            4,
            3,
            26,
            0,
            0,
            0,
            0,
            6,
            0,
            0,
            0
        ],
        [
            0,
            0,
            0,
            0,
            0,
            309,
            0,
            0,
            0,
            0,
            0,
            0,
            0
        ],
        [
            2,
            0,
            0,
            0,
            0,
            0,
            312,
            0,
            0,
            0,
            0,
            0,
            0
        ],
        [
            275,
            0,
            0,
            0,
            0,
            0,
            0,
            0,
            0,
            0,
            0,
            0,
            0
        ],
        [
            0,
            1,
            0,
            0,
            0,
            0,
            0,
            0,
            229,
            0,
            0,
            0,
            0
        ],
        [
            20,
            0,
            0,
            1,
            4,
            0,
            10,
            0,
            0,
            40,
            0,
            0,
            0
        ],
        [
            18,
            0,
            0,
            1,
            0,
            0,
            0,
            0,
            0,
            0,
            0,
            0,
            0
        ],
        [
            3,
            0,
            0,
            0,
            0,
            0,
            0,
            0,
            0,
            0,
            0,
            0,
            0
        ],
        [
            1,
            0,
            0,
            0,
            0,
            0,
            0,
            0,
            0,
            0,
            0,
            0,
            0
        ]
    ],
    "feature_importance": {
        "Down/Up Ratio": 0.0016856300042145474,
        "Dst Port": 0.5684787189211965,
        "FIN Flag Cnt": 0.00042140750105363684,
        "Flow Pkts/s": 0.09060261272650678,
        "Fwd Pkt Len Max": 0.36662452591656103,
        "Init Bwd Win Byts": 0.2140750105351872,
        "Init Fwd Win Byts": 1.0,
        "Protocol": 0.03539823008849544
    },
    "params": {
        "nb_filters": 32,
        "kernel_size": 3,
        "lstm_units_1": 128,
        "lstm_units_2": 256,
        "dropout": 0.1,
        "lr": 0.0008204643365323959,
        "batch_size": 4096
    },
    "metrics_binary": {
        "task": "Trial Experiment_outliers_Protocol_5.0 - Binary Task",
        "accuracy": 0.9322860440010423,
        "f1": 0.766944266495836,
        "mcc": 0.7461559959665621,
        "auc": 0.9631014757695061
    },
    "metrics_multiclass": {
        "task": "Trial Experiment_outliers_Protocol_5.0 - Multiclass Task",
        "accuracy": 0.9259948628224696,
        "f1": 0.4913391135254725,
        "mcc": 0.7388298812375113,
        "auc": NaN
    }
}