{
    "model": "experiments/cnn_lstm_trial_Experiment_outliers_FIN Flag Cnt_70.0.pt",
    "model_type": "CNN-LSTM",
    "label": "Experiment_outliers_FIN Flag Cnt_70.0",
    "mcc_bin": 0.7871326776087022,
    "mcc_mul": 0.7920869472228229,
    "mean_mcc": 0.7896098124157626,
    "val_loss": 0.46175976816032616,
    "cm_bin": [
        [
            22100,
            143
        ],
        [
            1402,
            3218
        ]
    ],
    "cm_mul": [
        [
            22120,
            0,
            0,
            2,
            24,
            82,
            6,
            3,
            0,
            6,
            0,
            0,
            0
        ],
        [
            1,
            1170,
            0,
            0,
            0,
            0,
            0,
            0,
            0,
            0,
            0,
            0,
            0
        ],
        [
            980,
            0,
            0,
            0,
            8,
            0,
            0,
            0,
            0,
            0,
            0,
            0,
            0
        ],
        [
            22,
            0,
            0,
            734,
            4,
            0,
            0,
            0,
            0,
            1,
            0,
            0,
            0
        ],
        [
            108,
            0,
            0,
            0,
            366,
            0,
            0,
            0,
            0,
            0,
            0,
            0,
            0
        ],
        [
            0,
            0,
            0,
            0,
            0,
            309,
            0,
            0,
            0,
            0,
            0,
            0,
            0
        ],
        [
            3,
            1,
            0,
            0,
            0,
            0,
            280,
            0,
            0,
            30,
            0,
            0,
            0
        ],
        [
            273,
            0,
            0,
            0,
            1,
            1,
            0,
            0,
            0,
            0,
            0,
            0,
            0
        ],
        [
            0,
            0,
            0,
            0,
            0,
            0,
            0,
            0,
            230,
            0,
            0,
            0,
            0
        ],
        [
            29,
            1,
            0,
            3,
            7,
            0,
            0,
            0,
            0,
            35,
            0,
            0,
            0
        ],
        [
            19,
            0,
            0,
            0,
            0,
            0,
            0,
            0,
            0,
            0,
            0,
            0,
            0
        ],
        [
            2,
            0,
            0,
            1,
            0,
            0,
            0,
            0,
            0,
            0,
            0,
            0,
            0
        ],
        [
            1,
            0,
            0,
            0,
            0,
            0,
            0,
            0,
            0,
            0,
            0,
            0,
            0
        ]
    ],
    "feature_importance": {
        "Down/Up Ratio": 0.036596523330282994,
        "Dst Port": 0.7502287282708137,
        "FIN Flag Cnt": 0.0,
        "Flow Pkts/s": 0.25983531564501305,
        "Fwd Pkt Len Max": 0.7067703568161019,
        "Init Bwd Win Byts": 0.2227813357731014,
        "Init Fwd Win Byts": 1.0,
        "Protocol": 0.07959743824336606
    },
    "params": {
        "nb_filters": 32,
        "kernel_size": 3,
        "lstm_units_1": 128,
        "lstm_units_2": 256,
        "dropout": 0.1,
        "lr": 0.0008204643365323959,
        "batch_size": 4096
    },
    "metrics_binary": {
        "task": "Trial Experiment_outliers_FIN Flag Cnt_70.0 - Binary Task",
        "accuracy": 0.9424859472136395,
        "f1": 0.8064152361859416,
        "mcc": 0.7871326776087022,
        "auc": 0.9614734379199604
    },
    "metrics_multiclass": {
        "task": "Trial Experiment_outliers_FIN Flag Cnt_70.0 - Multiclass Task",
        "accuracy": 0.9397312288277556,
        "f1": 0.5432175267383131,
        "mcc": 0.7920869472228229,
        "auc": NaN
    }
}