{
    "model": "experiments/cnn_lstm_trial_Experiment_noise_Timestamp_75.0.pt",
    "model_type": "CNN-LSTM",
    "label": "Experiment_noise_Timestamp_75.0",
    "mcc_bin": 0.7736528088873763,
    "mcc_mul": 0.7665064851262572,
    "mean_mcc": 0.7700796470068167,
    "val_loss": 0.4844332840293646,
    "cm_bin": [
        [
            22164,
            167
        ],
        [
            1459,
            3127
        ]
    ],
    "cm_mul": [
        [
            22217,
            1,
            0,
            4,
            81,
            7,
            21,
            0,
            0,
            0,
            0,
            0,
            0
        ],
        [
            1,
            1158,
            0,
            0,
            0,
            0,
            0,
            0,
            0,
            0,
            0,
            0,
            0
        ],
        [
            936,
            0,
            0,
            0,
            5,
            0,
            0,
            0,
            0,
            0,
            0,
            0,
            0
        ],
        [
            2,
            0,
            0,
            777,
            3,
            0,
            0,
            0,
            0,
            0,
            0,
            0,
            0
        ],
        [
            258,
            0,
            0,
            9,
            199,
            0,
            0,
            0,
            0,
            0,
            0,
            0,
            0
        ],
        [
            11,
            0,
            0,
            0,
            0,
            305,
            0,
            0,
            0,
            0,
            0,
            0,
            0
        ],
        [
            16,
            1,
            0,
            0,
            68,
            0,
            240,
            0,
            0,
            1,
            0,
            0,
            0
        ],
        [
            269,
            0,
            0,
            0,
            0,
            1,
            0,
            0,
            0,
            0,
            0,
            0,
            0
        ],
        [
            0,
            0,
            0,
            0,
            0,
            0,
            0,
            0,
            235,
            0,
            0,
            0,
            0
        ],
        [
            19,
            0,
            0,
            4,
            42,
            0,
            0,
            0,
            0,
            2,
            0,
            0,
            0
        ],
        [
            19,
            0,
            0,
            0,
            0,
            0,
            0,
            0,
            0,
            0,
            0,
            0,
            0
        ],
        [
            3,
            0,
            0,
            0,
            0,
            0,
            0,
            0,
            0,
            0,
            0,
            0,
            0
        ],
        [
            2,
            0,
            0,
            0,
            0,
            0,
            0,
            0,
            0,
            0,
            0,
            0,
            0
        ]
    ],
    "feature_importance": {
        "Down/Up Ratio": 0.018394648829431096,
        "Dst Port": 0.32399665551839474,
        "FIN Flag Cnt": 0.0,
        "Flow Pkts/s": 0.11162207357859517,
        "Fwd Pkt Len Max": 0.22826086956521724,
        "Init Bwd Win Byts": 0.07441471571906386,
        "Init Fwd Win Byts": 1.0,
        "Protocol": 0.08235785953177206
    },
    "params": {
        "nb_filters": 32,
        "kernel_size": 3,
        "lstm_units_1": 128,
        "lstm_units_2": 256,
        "dropout": 0.1,
        "lr": 0.0008204643365323959,
        "batch_size": 4096
    },
    "metrics_binary": {
        "task": "Trial Experiment_noise_Timestamp_75.0 - Binary Task",
        "accuracy": 0.9395920793550544,
        "f1": 0.7936548223350254,
        "mcc": 0.7736528088873763,
        "auc": 0.9607916333064694
    },
    "metrics_multiclass": {
        "task": "Trial Experiment_noise_Timestamp_75.0 - Multiclass Task",
        "accuracy": 0.9337221830070216,
        "f1": 0.48109571527461725,
        "mcc": 0.7665064851262572,
        "auc": NaN
    }
}