{
    "model": "experiments/cnn_lstm_trial_Experiment_noise_Protocol_70.0.pt",
    "model_type": "CNN-LSTM",
    "label": "Experiment_noise_Protocol_70.0",
    "mcc_bin": 0.7775043143614991,
    "mcc_mul": 0.754494150945035,
    "mean_mcc": 0.7659992326532671,
    "val_loss": 0.38898979287062374,
    "cm_bin": [
        [
            21777,
            466
        ],
        [
            1161,
            3459
        ]
    ],
    "cm_mul": [
        [
            21943,
            1,
            0,
            0,
            120,
            162,
            12,
            0,
            2,
            3,
            0,
            0,
            0
        ],
        [
            1,
            1170,
            0,
            0,
            0,
            0,
            0,
            0,
            0,
            0,
            0,
            0,
            0
        ],
        [
            848,
            0,
            0,
            0,
            140,
            0,
            0,
            0,
            0,
            0,
            0,
            0,
            0
        ],
        [
            152,
            0,
            0,
            596,
            1,
            0,
            0,
            0,
            0,
            12,
            0,
            0,
            0
        ],
        [
            94,
            0,
            0,
            0,
            380,
            0,
            0,
            0,
            0,
            0,
            0,
            0,
            0
        ],
        [
            7,
            0,
            0,
            0,
            0,
            292,
            0,
            0,
            10,
            0,
            0,
            0,
            0
        ],
        [
            3,
            0,
            0,
            0,
            0,
            0,
            310,
            0,
            0,
            1,
            0,
            0,
            0
        ],
        [
            269,
            0,
            0,
            0,
            3,
            3,
            0,
            0,
            0,
            0,
            0,
            0,
            0
        ],
        [
            0,
            0,
            0,
            0,
            0,
            0,
            0,
            0,
            230,
            0,
            0,
            0,
            0
        ],
        [
            21,
            0,
            0,
            0,
            14,
            0,
            0,
            0,
            0,
            40,
            0,
            0,
            0
        ],
        [
            18,
            0,
            0,
            0,
            1,
            0,
            0,
            0,
            0,
            0,
            0,
            0,
            0
        ],
        [
            2,
            0,
            0,
            1,
            0,
            0,
            0,
            0,
            0,
            0,
            0,
            0,
            0
        ],
        [
            1,
            0,
            0,
            0,
            0,
            0,
            0,
            0,
            0,
            0,
            0,
            0,
            0
        ]
    ],
    "feature_importance": {
        "Down/Up Ratio": 0.0397243615727607,
        "Dst Port": 0.8881232265910013,
        "FIN Flag Cnt": 0.0,
        "Flow Pkts/s": 0.11917308471828089,
        "Fwd Pkt Len Max": 0.7539521686258612,
        "Init Bwd Win Byts": 0.12403729225780273,
        "Init Fwd Win Byts": 1.0,
        "Protocol": 0.005674908796109017
    },
    "params": {
        "nb_filters": 32,
        "kernel_size": 3,
        "lstm_units_1": 128,
        "lstm_units_2": 256,
        "dropout": 0.1,
        "lr": 0.0008204643365323959,
        "batch_size": 4096
    },
    "metrics_binary": {
        "task": "Trial Experiment_noise_Protocol_70.0 - Binary Task",
        "accuracy": 0.9394334214346871,
        "f1": 0.8095962551199531,
        "mcc": 0.7775043143614991,
        "auc": 0.9687399197334907
    },
    "metrics_multiclass": {
        "task": "Trial Experiment_noise_Protocol_70.0 - Multiclass Task",
        "accuracy": 0.9291962922979563,
        "f1": 0.5255823992059306,
        "mcc": 0.754494150945035,
        "auc": NaN
    }
}