{
    "model": "experiments/cnn_lstm_trial_Experiment_outliers_Timestamp_70.0.pt",
    "model_type": "CNN-LSTM",
    "label": "Experiment_outliers_Timestamp_70.0",
    "mcc_bin": 0.8520151222042016,
    "mcc_mul": 0.8602625226511742,
    "mean_mcc": 0.8561388224276879,
    "val_loss": 0.2625928819179535,
    "cm_bin": [
        [
            21758,
            485
        ],
        [
            634,
            3986
        ]
    ],
    "cm_mul": [
        [
            21769,
            23,
            379,
            3,
            39,
            1,
            12,
            14,
            0,
            3,
            0,
            0,
            0
        ],
        [
            0,
            1171,
            0,
            0,
            0,
            0,
            0,
            0,
            0,
            0,
            0,
            0,
            0
        ],
        [
            152,
            0,
            835,
            1,
            0,
            0,
            0,
            0,
            0,
            0,
            0,
            0,
            0
        ],
        [
            187,
            0,
            1,
            566,
            5,
            0,
            0,
            0,
            0,
            2,
            0,
            0,
            0
        ],
        [
            12,
            0,
            2,
            0,
            460,
            0,
            0,
            0,
            0,
            0,
            0,
            0,
            0
        ],
        [
            0,
            0,
            0,
            0,
            0,
            309,
            0,
            0,
            0,
            0,
            0,
            0,
            0
        ],
        [
            3,
            0,
            0,
            0,
            0,
            2,
            306,
            0,
            0,
            3,
            0,
            0,
            0
        ],
        [
            256,
            0,
            7,
            0,
            2,
            0,
            0,
            10,
            0,
            0,
            0,
            0,
            0
        ],
        [
            0,
            0,
            0,
            0,
            0,
            1,
            0,
            0,
            229,
            0,
            0,
            0,
            0
        ],
        [
            5,
            0,
            0,
            2,
            0,
            0,
            7,
            0,
            0,
            61,
            0,
            0,
            0
        ],
        [
            16,
            2,
            0,
            0,
            0,
            0,
            1,
            0,
            0,
            0,
            0,
            0,
            0
        ],
        [
            3,
            0,
            0,
            0,
            0,
            0,
            0,
            0,
            0,
            0,
            0,
            0,
            0
        ],
        [
            1,
            0,
            0,
            0,
            0,
            0,
            0,
            0,
            0,
            0,
            0,
            0,
            0
        ]
    ],
    "feature_importance": {
        "Down/Up Ratio": 0.09025974025974043,
        "Dst Port": 0.6009740259740263,
        "FIN Flag Cnt": 0.001298701298700695,
        "Flow Pkts/s": 0.13409090909090898,
        "Fwd Pkt Len Max": 0.9396103896103891,
        "Init Bwd Win Byts": 0.40227272727272695,
        "Init Fwd Win Byts": 1.0,
        "Protocol": 0.3327922077922073
    },
    "params": {
        "nb_filters": 32,
        "kernel_size": 3,
        "lstm_units_1": 128,
        "lstm_units_2": 256,
        "dropout": 0.1,
        "lr": 0.0008204643365323959,
        "batch_size": 4096
    },
    "metrics_binary": {
        "task": "Trial Experiment_outliers_Timestamp_70.0 - Binary Task",
        "accuracy": 0.9583441908945389,
        "f1": 0.8769112308876911,
        "mcc": 0.8520151222042016,
        "auc": 0.9771975394564524
    },
    "metrics_multiclass": {
        "task": "Trial Experiment_outliers_Timestamp_70.0 - Multiclass Task",
        "accuracy": 0.9573018650187991,
        "f1": 0.6437932182942968,
        "mcc": 0.8602625226511742,
        "auc": NaN
    }
}