{
    "model": "experiments/cnn_lstm_trial_Experiment_missing_Protocol_70.0.pt",
    "model_type": "CNN-LSTM",
    "label": "Experiment_missing_Protocol_70.0",
    "mcc_bin": 0.7892799353096037,
    "mcc_mul": 0.7726098404718874,
    "mean_mcc": 0.7809448878907456,
    "val_loss": 0.42966220767370294,
    "cm_bin": [
        [
            22089,
            154
        ],
        [
            1376,
            3244
        ]
    ],
    "cm_mul": [
        [
            22142,
            0,
            0,
            1,
            86,
            0,
            12,
            0,
            0,
            2,
            0,
            0,
            0
        ],
        [
            1,
            1170,
            0,
            0,
            0,
            0,
            0,
            0,
            0,
            0,
            0,
            0,
            0
        ],
        [
            949,
            0,
            0,
            0,
            39,
            0,
            0,
            0,
            0,
            0,
            0,
            0,
            0
        ],
        [
            64,
            0,
            0,
            685,
            4,
            0,
            0,
            0,
            0,
            8,
            0,
            0,
            0
        ],
        [
            144,
            0,
            0,
            0,
            330,
            0,
            0,
            0,
            0,
            0,
            0,
            0,
            0
        ],
        [
            100,
            0,
            0,
            0,
            0,
            206,
            2,
            0,
            1,
            0,
            0,
            0,
            0
        ],
        [
            2,
            0,
            0,
            0,
            0,
            0,
            312,
            0,
            0,
            0,
            0,
            0,
            0
        ],
        [
            275,
            0,
            0,
            0,
            0,
            0,
            0,
            0,
            0,
            0,
            0,
            0,
            0
        ],
        [
            0,
            0,
            0,
            0,
            0,
            0,
            0,
            0,
            230,
            0,
            0,
            0,
            0
        ],
        [
            21,
            0,
            0,
            0,
            19,
            0,
            1,
            0,
            0,
            34,
            0,
            0,
            0
        ],
        [
            19,
            0,
            0,
            0,
            0,
            0,
            0,
            0,
            0,
            0,
            0,
            0,
            0
        ],
        [
            3,
            0,
            0,
            0,
            0,
            0,
            0,
            0,
            0,
            0,
            0,
            0,
            0
        ],
        [
            1,
            0,
            0,
            0,
            0,
            0,
            0,
            0,
            0,
            0,
            0,
            0,
            0
        ]
    ],
    "feature_importance": {
        "Down/Up Ratio": 0.04739652870494029,
        "Dst Port": 0.6091455273698262,
        "FIN Flag Cnt": 0.0013351134846465698,
        "Flow Pkts/s": 0.08644859813084149,
        "Fwd Pkt Len Max": 0.5053404539385853,
        "Init Bwd Win Byts": 0.0911214953271025,
        "Init Fwd Win Byts": 1.0,
        "Protocol": 0.01568758344459321
    },
    "params": {
        "nb_filters": 32,
        "kernel_size": 3,
        "lstm_units_1": 128,
        "lstm_units_2": 256,
        "dropout": 0.1,
        "lr": 0.0008204643365323959,
        "batch_size": 4096
    },
    "metrics_binary": {
        "task": "Trial Experiment_missing_Protocol_70.0 - Binary Task",
        "accuracy": 0.9430443360756431,
        "f1": 0.8091793464704415,
        "mcc": 0.7892799353096037,
        "auc": 0.9662943524428035
    },
    "metrics_multiclass": {
        "task": "Trial Experiment_missing_Protocol_70.0 - Multiclass Task",
        "accuracy": 0.9347057290697242,
        "f1": 0.5342941974787092,
        "mcc": 0.7726098404718874,
        "auc": NaN
    }
}