{
    "model": "experiments/cnn_lstm_trial_Experiment_labels_Protocol_70.0.pt",
    "model_type": "CNN-LSTM",
    "label": "Experiment_labels_Protocol_70.0",
    "mcc_bin": 0.7197212594382986,
    "mcc_mul": 0.700441515556626,
    "mean_mcc": 0.7100813874974623,
    "val_loss": 0.8863002165619817,
    "cm_bin": [
        [
            22082,
            161
        ],
        [
            1832,
            2788
        ]
    ],
    "cm_mul": [
        [
            22207,
            6,
            0,
            3,
            0,
            5,
            20,
            0,
            2,
            0,
            0,
            0,
            0
        ],
        [
            1,
            1168,
            0,
            2,
            0,
            0,
            0,
            0,
            0,
            0,
            0,
            0,
            0
        ],
        [
            988,
            0,
            0,
            0,
            0,
            0,
            0,
            0,
            0,
            0,
            0,
            0,
            0
        ],
        [
            39,
            54,
            0,
            668,
            0,
            0,
            0,
            0,
            0,
            0,
            0,
            0,
            0
        ],
        [
            474,
            0,
            0,
            0,
            0,
            0,
            0,
            0,
            0,
            0,
            0,
            0,
            0
        ],
        [
            114,
            4,
            0,
            0,
            0,
            191,
            0,
            0,
            0,
            0,
            0,
            0,
            0
        ],
        [
            79,
            45,
            0,
            0,
            0,
            12,
            178,
            0,
            0,
            0,
            0,
            0,
            0
        ],
        [
            274,
            0,
            0,
            0,
            0,
            0,
            1,
            0,
            0,
            0,
            0,
            0,
            0
        ],
        [
            0,
            14,
            0,
            0,
            0,
            1,
            0,
            0,
            215,
            0,
            0,
            0,
            0
        ],
        [
            29,
            33,
            0,
            0,
            0,
            0,
            13,
            0,
            0,
            0,
            0,
            0,
            0
        ],
        [
            19,
            0,
            0,
            0,
            0,
            0,
            0,
            0,
            0,
            0,
            0,
            0,
            0
        ],
        [
            1,
            0,
            0,
            2,
            0,
            0,
            0,
            0,
            0,
            0,
            0,
            0,
            0
        ],
        [
            1,
            0,
            0,
            0,
            0,
            0,
            0,
            0,
            0,
            0,
            0,
            0,
            0
        ]
    ],
    "feature_importance": {
        "Down/Up Ratio": 0.15296279283417458,
        "Dst Port": 0.28709232889297176,
        "FIN Flag Cnt": 0.0013780431786852825,
        "Flow Pkts/s": 0.23288929719797852,
        "Fwd Pkt Len Max": 0.5291685806155252,
        "Init Bwd Win Byts": 0.06660542030316903,
        "Init Fwd Win Byts": 1.0,
        "Protocol": 0.004593477262287472
    },
    "params": {
        "nb_filters": 32,
        "kernel_size": 3,
        "lstm_units_1": 128,
        "lstm_units_2": 256,
        "dropout": 0.1,
        "lr": 0.0008204643365323959,
        "batch_size": 4096
    },
    "metrics_binary": {
        "task": "Trial Experiment_labels_Protocol_70.0 - Binary Task",
        "accuracy": 0.9258087332018017,
        "f1": 0.7366891267010173,
        "mcc": 0.7197212594382986,
        "auc": 0.9164757461513746
    },
    "metrics_multiclass": {
        "task": "Trial Experiment_labels_Protocol_70.0 - Multiclass Task",
        "accuracy": 0.916762833637345,
        "f1": 0.3998952409896822,
        "mcc": 0.700441515556626,
        "auc": 0.9009713008604551
    }
}