{
    "model": "experiments/cnn_lstm_trial_Experiment_missing_Down_Up Ratio_20.0.pt",
    "model_type": "CNN-LSTM",
    "label": "Experiment_missing_Down_Up Ratio_20.0",
    "mcc_bin": 0.7315030390772537,
    "mcc_mul": 0.7314189330783687,
    "mean_mcc": 0.7314609860778112,
    "val_loss": 0.618581781695996,
    "cm_bin": [
        [
            22008,
            235
        ],
        [
            1680,
            2940
        ]
    ],
    "cm_mul": [
        [
            22067,
            1,
            0,
            11,
            7,
            110,
            45,
            0,
            1,
            1,
            0,
            0,
            0
        ],
        [
            1,
            1170,
            0,
            0,
            0,
            0,
            0,
            0,
            0,
            0,
            0,
            0,
            0
        ],
        [
            988,
            0,
            0,
            0,
            0,
            0,
            0,
            0,
            0,
            0,
            0,
            0,
            0
        ],
        [
            50,
            0,
            0,
            707,
            1,
            0,
            0,
            0,
            0,
            3,
            0,
            0,
            0
        ],
        [
            430,
            2,
            0,
            33,
            8,
            1,
            0,
            0,
            0,
            0,
            0,
            0,
            0
        ],
        [
            1,
            0,
            0,
            0,
            0,
            308,
            0,
            0,
            0,
            0,
            0,
            0,
            0
        ],
        [
            1,
            0,
            0,
            0,
            0,
            0,
            313,
            0,
            0,
            0,
            0,
            0,
            0
        ],
        [
            275,
            0,
            0,
            0,
            0,
            0,
            0,
            0,
            0,
            0,
            0,
            0,
            0
        ],
        [
            0,
            0,
            0,
            0,
            0,
            0,
            0,
            0,
            230,
            0,
            0,
            0,
            0
        ],
        [
            31,
            5,
            0,
            0,
            1,
            0,
            16,
            0,
            0,
            22,
            0,
            0,
            0
        ],
        [
            19,
            0,
            0,
            0,
            0,
            0,
            0,
            0,
            0,
            0,
            0,
            0,
            0
        ],
        [
            3,
            0,
            0,
            0,
            0,
            0,
            0,
            0,
            0,
            0,
            0,
            0,
            0
        ],
        [
            1,
            0,
            0,
            0,
            0,
            0,
            0,
            0,
            0,
            0,
            0,
            0,
            0
        ]
    ],
    "feature_importance": {
        "Down/Up Ratio": 0.009803921568627279,
        "Dst Port": 0.5568627450980391,
        "FIN Flag Cnt": 0.0,
        "Flow Pkts/s": 0.07205882352941152,
        "Fwd Pkt Len Max": 0.5627450980392158,
        "Init Bwd Win Byts": 0.10441176470588243,
        "Init Fwd Win Byts": 1.0,
        "Protocol": 0.14313725490196003
    },
    "params": {
        "nb_filters": 32,
        "kernel_size": 3,
        "lstm_units_1": 128,
        "lstm_units_2": 256,
        "dropout": 0.1,
        "lr": 0.0008204643365323959,
        "batch_size": 4096
    },
    "metrics_binary": {
        "task": "Trial Experiment_missing_Down_Up Ratio_20.0 - Binary Task",
        "accuracy": 0.9287123552842199,
        "f1": 0.7543296985246953,
        "mcc": 0.7315030390772537,
        "auc": 0.955823287369167
    },
    "metrics_multiclass": {
        "task": "Trial Experiment_missing_Down_Up Ratio_20.0 - Multiclass Task",
        "accuracy": 0.9241335666157913,
        "f1": 0.4700460165364036,
        "mcc": 0.7314189330783687,
        "auc": NaN
    }
}