{
    "model": "experiments/cnn_lstm_trial_Experiment_outliers_Down_Up Ratio_5.0.pt",
    "model_type": "CNN-LSTM",
    "label": "Experiment_outliers_Down_Up Ratio_5.0",
    "mcc_bin": 0.7553908694911359,
    "mcc_mul": 0.6965485382108291,
    "mean_mcc": 0.7259697038509825,
    "val_loss": 0.5853137626711812,
    "cm_bin": [
        [
            22131,
            112
        ],
        [
            1649,
            2971
        ]
    ],
    "cm_mul": [
        [
            22153,
            1,
            0,
            3,
            71,
            5,
            7,
            0,
            0,
            3,
            0,
            0,
            0
        ],
        [
            1,
            1170,
            0,
            0,
            0,
            0,
            0,
            0,
            0,
            0,
            0,
            0,
            0
        ],
        [
            988,
            0,
            0,
            0,
            0,
            0,
            0,
            0,
            0,
            0,
            0,
            0,
            0
        ],
        [
            49,
            1,
            0,
            398,
            310,
            0,
            0,
            0,
            0,
            3,
            0,
            0,
            0
        ],
        [
            321,
            0,
            0,
            2,
            151,
            0,
            0,
            0,
            0,
            0,
            0,
            0,
            0
        ],
        [
            20,
            0,
            0,
            0,
            0,
            289,
            0,
            0,
            0,
            0,
            0,
            0,
            0
        ],
        [
            7,
            0,
            0,
            0,
            5,
            0,
            302,
            0,
            0,
            0,
            0,
            0,
            0
        ],
        [
            274,
            0,
            0,
            0,
            1,
            0,
            0,
            0,
            0,
            0,
            0,
            0,
            0
        ],
        [
            0,
            0,
            0,
            0,
            0,
            133,
            0,
            0,
            97,
            0,
            0,
            0,
            0
        ],
        [
            14,
            3,
            0,
            1,
            30,
            0,
            0,
            0,
            0,
            27,
            0,
            0,
            0
        ],
        [
            19,
            0,
            0,
            0,
            0,
            0,
            0,
            0,
            0,
            0,
            0,
            0,
            0
        ],
        [
            3,
            0,
            0,
            0,
            0,
            0,
            0,
            0,
            0,
            0,
            0,
            0,
            0
        ],
        [
            1,
            0,
            0,
            0,
            0,
            0,
            0,
            0,
            0,
            0,
            0,
            0,
            0
        ]
    ],
    "feature_importance": {
        "Down/Up Ratio": 0.011038430089943421,
        "Dst Port": 0.48977923139820195,
        "FIN Flag Cnt": 0.0016353229762882755,
        "Flow Pkts/s": 0.13082583810302545,
        "Fwd Pkt Len Max": 0.4116925592804587,
        "Init Bwd Win Byts": 0.10997547015535604,
        "Init Fwd Win Byts": 1.0,
        "Protocol": 0.15208503679476695
    },
    "params": {
        "nb_filters": 32,
        "kernel_size": 3,
        "lstm_units_1": 128,
        "lstm_units_2": 256,
        "dropout": 0.1,
        "lr": 0.0008204643365323959,
        "batch_size": 4096
    },
    "metrics_binary": {
        "task": "Trial Experiment_outliers_Down_Up Ratio_5.0 - Binary Task",
        "accuracy": 0.9344451476007892,
        "f1": 0.7713877709983123,
        "mcc": 0.7553908694911359,
        "auc": 0.9626371680141406
    },
    "metrics_multiclass": {
        "task": "Trial Experiment_outliers_Down_Up Ratio_5.0 - Multiclass Task",
        "accuracy": 0.9152737966720024,
        "f1": 0.44460482574055415,
        "mcc": 0.6965485382108291,
        "auc": NaN
    }
}