{
    "model": "experiments/cnn_lstm_trial_Experiment_missing_FIN Flag Cnt_5.0.pt",
    "model_type": "CNN-LSTM",
    "label": "Experiment_missing_FIN Flag Cnt_5.0",
    "mcc_bin": 0.7651585795691817,
    "mcc_mul": 0.7553912661533232,
    "mean_mcc": 0.7602749228612524,
    "val_loss": 0.5230624798153128,
    "cm_bin": [
        [
            22104,
            139
        ],
        [
            1555,
            3065
        ]
    ],
    "cm_mul": [
        [
            22169,
            0,
            0,
            2,
            33,
            28,
            5,
            0,
            1,
            5,
            0,
            0,
            0
        ],
        [
            1,
            1170,
            0,
            0,
            0,
            0,
            0,
            0,
            0,
            0,
            0,
            0,
            0
        ],
        [
            979,
            0,
            0,
            0,
            9,
            0,
            0,
            0,
            0,
            0,
            0,
            0,
            0
        ],
        [
            17,
            0,
            0,
            715,
            26,
            0,
            0,
            0,
            0,
            3,
            0,
            0,
            0
        ],
        [
            315,
            0,
            0,
            1,
            158,
            0,
            0,
            0,
            0,
            0,
            0,
            0,
            0
        ],
        [
            21,
            0,
            0,
            0,
            0,
            283,
            0,
            0,
            5,
            0,
            0,
            0,
            0
        ],
        [
            21,
            1,
            0,
            0,
            2,
            22,
            250,
            0,
            0,
            18,
            0,
            0,
            0
        ],
        [
            274,
            0,
            0,
            0,
            0,
            1,
            0,
            0,
            0,
            0,
            0,
            0,
            0
        ],
        [
            0,
            0,
            0,
            0,
            0,
            0,
            0,
            0,
            230,
            0,
            0,
            0,
            0
        ],
        [
            33,
            3,
            0,
            0,
            22,
            0,
            1,
            0,
            0,
            16,
            0,
            0,
            0
        ],
        [
            19,
            0,
            0,
            0,
            0,
            0,
            0,
            0,
            0,
            0,
            0,
            0,
            0
        ],
        [
            1,
            0,
            0,
            2,
            0,
            0,
            0,
            0,
            0,
            0,
            0,
            0,
            0
        ],
        [
            1,
            0,
            0,
            0,
            0,
            0,
            0,
            0,
            0,
            0,
            0,
            0,
            0
        ]
    ],
    "feature_importance": {
        "Down/Up Ratio": 0.004739336492891044,
        "Dst Port": 0.504954760878931,
        "FIN Flag Cnt": 0.0008616975441609567,
        "Flow Pkts/s": 0.12063765618267913,
        "Fwd Pkt Len Max": 0.4105988797931925,
        "Init Bwd Win Byts": 0.20077552778974575,
        "Init Fwd Win Byts": 1.0,
        "Protocol": 0.06591986212839221
    },
    "params": {
        "nb_filters": 32,
        "kernel_size": 3,
        "lstm_units_1": 128,
        "lstm_units_2": 256,
        "dropout": 0.1,
        "lr": 0.0008204643365323959,
        "batch_size": 4096
    },
    "metrics_binary": {
        "task": "Trial Experiment_missing_FIN Flag Cnt_5.0 - Binary Task",
        "accuracy": 0.9369392845177381,
        "f1": 0.7834867075664622,
        "mcc": 0.7651585795691817,
        "auc": 0.9607211121238006
    },
    "metrics_multiclass": {
        "task": "Trial Experiment_missing_FIN Flag Cnt_5.0 - Multiclass Task",
        "accuracy": 0.9303130700219633,
        "f1": 0.490759245306305,
        "mcc": 0.7553912661533232,
        "auc": NaN
    }
}