{
    "model": "tabnet_trial_Experiment_labels_Protocol_50.0",
    "model_type": "TabNet",
    "label": "Experiment_labels_Protocol_50.0",
<<<<<<< HEAD:experiments/tabnet_trial_Experiment_labels_Protocol_50.0_artifacts.json
    "mcc_bin": 0.8864325159065384,
    "mcc_mul": 0.8592931432324726,
    "mean_mcc": 0.8728628295695056,
    "cm_bin": [
        [
            217561,
            5502
        ],
        [
            3293,
            42319
=======
    "mcc_bin": 0.933271670741083,
    "mcc_mul": 0.907173985045285,
    "mean_mcc": 0.920222827893184,
    "cm_bin": [
        [
            221752,
            1443
        ],
        [
            3583,
            42433
>>>>>>> a448b70f92ad6f09c001173f0f5fcb64bd2e2232:experiments3/tabnet_trial_Experiment_labels_Protocol_50.0_artifacts.json
        ]
    ],
    "cm_mul": [
        [
<<<<<<< HEAD:experiments/tabnet_trial_Experiment_labels_Protocol_50.0_artifacts.json
            217551,
            23,
            843,
            4444,
            98,
            11,
            41,
            0,
            11,
            31,
            10,
            0,
            0,
            0,
            0
        ],
        [
            11,
            11446,
            0,
            0,
            0,
            0,
            0,
            0,
            0,
            0,
            0,
            0,
=======
            222011,
            55,
            928,
            5,
            80,
            18,
            74,
            0,
            5,
            4,
            15,
>>>>>>> a448b70f92ad6f09c001173f0f5fcb64bd2e2232:experiments3/tabnet_trial_Experiment_labels_Protocol_50.0_artifacts.json
            0,
            0,
            0
        ],
        [
            10,
<<<<<<< HEAD:experiments/tabnet_trial_Experiment_labels_Protocol_50.0_artifacts.json
            0,
            9352,
            221,
=======
            11579,
>>>>>>> a448b70f92ad6f09c001173f0f5fcb64bd2e2232:experiments3/tabnet_trial_Experiment_labels_Protocol_50.0_artifacts.json
            0,
            0,
            0,
            0,
            0,
            0,
<<<<<<< HEAD:experiments/tabnet_trial_Experiment_labels_Protocol_50.0_artifacts.json
            0,
            0,
            0,
            0,
            0
        ],
        [
            356,
            0,
            0,
            7165,
            0,
            0,
            0,
            0,
            0,
            123,
            0,
            0,
            0,
            0,
            0
        ],
        [
            12,
            0,
            0,
            0,
            4734,
            0,
            0,
            0,
            0,
            0,
            0,
            0,
            0,
            0,
            0
        ],
        [
            3,
            0,
            0,
            0,
            0,
            2510,
            0,
            0,
            645,
            0,
            0,
            0,
            0,
            0,
            0
        ],
        [
            706,
            0,
            0,
            0,
            0,
            0,
            2434,
            0,
=======
>>>>>>> a448b70f92ad6f09c001173f0f5fcb64bd2e2232:experiments3/tabnet_trial_Experiment_labels_Protocol_50.0_artifacts.json
            1,
            0,
            0,
            0,
            0,
<<<<<<< HEAD:experiments/tabnet_trial_Experiment_labels_Protocol_50.0_artifacts.json
=======
            0
        ],
        [
            252,
            0,
            9307,
            0,
            0,
            0,
            0,
            0,
            0,
            0,
            0,
            0,
>>>>>>> a448b70f92ad6f09c001173f0f5fcb64bd2e2232:experiments3/tabnet_trial_Experiment_labels_Protocol_50.0_artifacts.json
            0,
            0
        ],
        [
<<<<<<< HEAD:experiments/tabnet_trial_Experiment_labels_Protocol_50.0_artifacts.json
            2575,
            0,
            7,
            36,
            3,
            0,
            1,
            0,
            0,
            0,
            0,
            0,
            0,
            0,
            0
        ],
        [
            9,
            0,
            0,
            0,
            0,
            1055,
            0,
            0,
            1249,
            0,
            0,
            0,
            0,
            0,
            0
        ],
        [
            16,
            0,
            0,
            292,
            0,
            0,
            51,
            0,
            0,
            329,
=======
            579,
            0,
            0,
            7133,
            0,
            0,
            0,
            0,
            0,
            52,
            0,
            0,
            0,
            0
        ],
        [
            95,
            0,
            0,
            0,
            4679,
            0,
            0,
            0,
            0,
            0,
            0,
            0,
            0,
            0
        ],
        [
            0,
            0,
            0,
            0,
            0,
            1410,
            0,
            0,
            1793,
            0,
            0,
            0,
            0,
            0
        ],
        [
            57,
            0,
            0,
            0,
            0,
            0,
            3116,
            0,
            0,
            0,
            0,
            0,
            0,
            0
        ],
        [
            2671,
            1,
            5,
            7,
            0,
            1,
>>>>>>> a448b70f92ad6f09c001173f0f5fcb64bd2e2232:experiments3/tabnet_trial_Experiment_labels_Protocol_50.0_artifacts.json
            7,
            0,
            0,
            0,
<<<<<<< HEAD:experiments/tabnet_trial_Experiment_labels_Protocol_50.0_artifacts.json
            0
        ],
        [
            104,
            0,
            0,
            2,
            0,
            0,
            0,
            0,
            0,
            0,
            100,
=======
>>>>>>> a448b70f92ad6f09c001173f0f5fcb64bd2e2232:experiments3/tabnet_trial_Experiment_labels_Protocol_50.0_artifacts.json
            0,
            0,
            0,
            0
        ],
        [
<<<<<<< HEAD:experiments/tabnet_trial_Experiment_labels_Protocol_50.0_artifacts.json
            29,
=======
>>>>>>> a448b70f92ad6f09c001173f0f5fcb64bd2e2232:experiments3/tabnet_trial_Experiment_labels_Protocol_50.0_artifacts.json
            0,
            0,
            0,
            0,
            0,
<<<<<<< HEAD:experiments/tabnet_trial_Experiment_labels_Protocol_50.0_artifacts.json
=======
            273,
            0,
            0,
            2080,
            0,
            0,
            0,
            0,
            0
        ],
        [
            15,
            0,
            0,
            338,
            0,
            0,
            68,
            0,
            0,
            258,
            4,
            0,
            0,
            0
        ],
        [
            91,
            0,
            0,
            3,
            0,
            0,
            4,
            0,
            0,
            6,
            84,
            0,
            0,
            0
        ],
        [
            27,
            0,
            0,
            0,
            0,
>>>>>>> a448b70f92ad6f09c001173f0f5fcb64bd2e2232:experiments3/tabnet_trial_Experiment_labels_Protocol_50.0_artifacts.json
            0,
            0,
            0,
            0,
            0,
            0,
            0,
            0,
            0
        ],
        [
<<<<<<< HEAD:experiments/tabnet_trial_Experiment_labels_Protocol_50.0_artifacts.json
            11,
            0,
            2,
=======
            7,
            0,
