{
    "model": "tabnet_trial_Experiment_outliers_FIN Flag Cnt_50.0",
    "model_type": "TabNet",
    "label": "Experiment_outliers_FIN Flag Cnt_50.0",
<<<<<<< HEAD:experiments/tabnet_trial_Experiment_outliers_FIN Flag Cnt_50.0_artifacts.json
    "mcc_bin": 0.8764448227314896,
    "mcc_mul": 0.8555161434886313,
    "mean_mcc": 0.8659804831100604,
    "cm_bin": [
        [
            216292,
            6771
        ],
        [
            2977,
            42635
=======
    "mcc_bin": 0.8805184018326934,
    "mcc_mul": 0.8715714076648523,
    "mean_mcc": 0.8760449047487728,
    "cm_bin": [
        [
            217079,
            6116
        ],
        [
            3270,
            42746
>>>>>>> a448b70f92ad6f09c001173f0f5fcb64bd2e2232:experiments3/tabnet_trial_Experiment_outliers_FIN Flag Cnt_50.0_artifacts.json
        ]
    ],
    "cm_mul": [
        [
<<<<<<< HEAD:experiments/tabnet_trial_Experiment_outliers_FIN Flag Cnt_50.0_artifacts.json
            217259,
            56,
            907,
            4516,
            210,
            15,
            90,
            1,
            1,
            8,
            0,
            0,
=======
            218378,
            71,
            996,
            3519,
            90,
            20,
            107,
            0,
            7,
            5,
            2,
>>>>>>> a448b70f92ad6f09c001173f0f5fcb64bd2e2232:experiments3/tabnet_trial_Experiment_outliers_FIN Flag Cnt_50.0_artifacts.json
            0,
            0,
            0
        ],
        [
<<<<<<< HEAD:experiments/tabnet_trial_Experiment_outliers_FIN Flag Cnt_50.0_artifacts.json
            10,
            11447,
            0,
            0,
            0,
            0,
            0,
=======
            11,
            11577,
            0,
            0,
            0,
            2,
>>>>>>> a448b70f92ad6f09c001173f0f5fcb64bd2e2232:experiments3/tabnet_trial_Experiment_outliers_FIN Flag Cnt_50.0_artifacts.json
            0,
            0,
            0,
            0,
            0,
            0,
            0,
            0
        ],
        [
            9,
            0,
<<<<<<< HEAD:experiments/tabnet_trial_Experiment_outliers_FIN Flag Cnt_50.0_artifacts.json
            9353,
            221,
            0,
=======
            9307,
            243,
>>>>>>> a448b70f92ad6f09c001173f0f5fcb64bd2e2232:experiments3/tabnet_trial_Experiment_outliers_FIN Flag Cnt_50.0_artifacts.json
            0,
            0,
            0,
            0,
            0,
            0,
            0,
            0,
            0,
            0
        ],
        [
<<<<<<< HEAD:experiments/tabnet_trial_Experiment_outliers_FIN Flag Cnt_50.0_artifacts.json
            288,
            0,
            0,
            7127,
            0,
            0,
            228,
=======
            480,
            0,
            0,
            7037,
            0,
            0,
            0,
            0,
            0,
            247,
            0,
            0,
            0,
            0
        ],
        [
            28,
            0,
            0,
            0,
            4746,
            0,
            0,
            0,
            0,
            0,
            0,
            0,
            0,
            0
        ],
        [
            0,
            0,
            0,
            0,
            0,
            2796,
            0,
            0,
            406,
            1,
            0,
            0,
            0,
            0
        ],
        [
            56,
>>>>>>> a448b70f92ad6f09c001173f0f5fcb64bd2e2232:experiments3/tabnet_trial_Experiment_outliers_FIN Flag Cnt_50.0_artifacts.json
            0,
            0,
            1,
            0,
            0,
<<<<<<< HEAD:experiments/tabnet_trial_Experiment_outliers_FIN Flag Cnt_50.0_artifacts.json
            0,
            0,
            0
        ],
        [
            95,
            0,
            0,
            0,
            4651,
            0,
            0,
            0,
=======
            3116,
>>>>>>> a448b70f92ad6f09c001173f0f5fcb64bd2e2232:experiments3/tabnet_trial_Experiment_outliers_FIN Flag Cnt_50.0_artifacts.json
            0,
            0,
            0,
            0,
            0,
            0,
            0
        ],
        [
<<<<<<< HEAD:experiments/tabnet_trial_Experiment_outliers_FIN Flag Cnt_50.0_artifacts.json
            0,
            0,
            0,
            0,
            0,
            1439,
            0,
            0,
            1719,
            0,
            0,
            0,
            0,
            0,
            0
        ],
        [
            54,
            0,
            0,
            0,
            0,
            0,
            3086,
            0,
            1,
            0,
            0,
            0,
            0,
            0,
            0
        ],
        [
            2528,
            0,
            7,
            36,
            44,
            0,
            7,
            0,
=======
            2659,
            1,
            5,
            18,
            0,
            0,
            9,
>>>>>>> a448b70f92ad6f09c001173f0f5fcb64bd2e2232:experiments3/tabnet_trial_Experiment_outliers_FIN Flag Cnt_50.0_artifacts.json
            0,
            0,
            0,
            0,
            0,
            0,
            0
        ],
        [
            0,
            0,
            0,
            0,
            0,
<<<<<<< HEAD:experiments/tabnet_trial_Experiment_outliers_FIN Flag Cnt_50.0_artifacts.json
            315,
            0,
            0,
            1998,
            0,
            0,
=======
            1252,
            0,
            0,
            1100,
            1,
>>>>>>> a448b70f92ad6f09c001173f0f5fcb64bd2e2232:experiments3/tabnet_trial_Experiment_outliers_FIN Flag Cnt_50.0_artifacts.json
            0,
            0,
            0,
            0
        ],
        [
            15,
            0,
            0,
<<<<<<< HEAD:experiments/tabnet_trial_Experiment_outliers_FIN Flag Cnt_50.0_artifacts.json
            234,
            0,
            0,
            394,
            0,
            0,
            52,
            0,
=======
            225,
            0,
            0,
            115,
            0,
            0,
            328,
>>>>>>> a448b70f92ad6f09c001173f0f5fcb64bd2e2232:experiments3/tabnet_trial_Experiment_outliers_FIN Flag Cnt_50.0_artifacts.json
            0,
            0,
            0,
            0
        ],
        [
<<<<<<< HEAD:experiments/tabnet_trial_Experiment_outliers_FIN Flag Cnt_50.0_artifacts.json
            103,
=======
            97,
>>>>>>> a448b70f92ad6f09c001173f0f5fcb64bd2e2232:experiments3/tabnet_trial_Experiment_outliers_FIN Flag Cnt_50.0_artifacts.json
            0,
            0,
            3,
            0,
            0,
<<<<<<< HEAD:experiments/tabnet_trial_Experiment_outliers_FIN Flag Cnt_50.0_artifacts.json
            0,
            0,
            0,
            100,
            0,
=======
            4,
            0,
            0,
            84,
>>>>>>> a448b70f92ad6f09c001173f0f5fcb64bd2e2232:experiments3/tabnet_trial_Experiment_outliers_FIN Flag Cnt_50.0_artifacts.json
            0,
            0,
            0,
            0
        ],
        [
<<<<<<< HEAD:experiments/tabnet_trial_Experiment_outliers_FIN Flag Cnt_50.0_artifacts.json
            29,
            0,
=======
            27,
>>>>>>> a448b70f92ad6f09c001173f0f5fcb64bd2e2232:experiments3/tabnet_trial_Experiment_outliers_FIN Flag Cnt_50.0_artifacts.json
            0,
            0,
            0,
            0,
            0,
            0,
            0,
            0,
            0,
            0,
            0,
            0,
            0
        ],
        [
<<<<<<< HEAD:experiments/tabnet_trial_Experiment_outliers_FIN Flag Cnt_50.0_artifacts.json
            11,
            0,
            2,
=======
            7,
            0,
