{
    "model": "tabnet_trial_Experiment_missing_Down_Up Ratio_50.0",
    "model_type": "TabNet",
    "label": "Experiment_missing_Down_Up Ratio_50.0",
<<<<<<< HEAD:experiments/tabnet_trial_Experiment_missing_Down_Up Ratio_50.0_artifacts.json
    "mcc_bin": 0.8847700322772799,
    "mcc_mul": 0.8982616787235547,
    "mean_mcc": 0.8915158555004172,
    "cm_bin": [
        [
            217186,
            5877
        ],
        [
            3105,
            42507
=======
    "mcc_bin": 0.8855941307083884,
    "mcc_mul": 0.8652578189530686,
    "mean_mcc": 0.8754259748307285,
    "cm_bin": [
        [
            217787,
            5408
        ],
        [
            3487,
            42529
>>>>>>> a448b70f92ad6f09c001173f0f5fcb64bd2e2232:experiments3/tabnet_trial_Experiment_missing_Down_Up Ratio_50.0_artifacts.json
        ]
    ],
    "cm_mul": [
        [
<<<<<<< HEAD:experiments/tabnet_trial_Experiment_missing_Down_Up Ratio_50.0_artifacts.json
            220748,
            77,
            885,
            1082,
            130,
            10,
            103,
            0,
            0,
            28,
            0,
            0,
            0,
            0,
            0
        ],
        [
            6,
            11450,
            0,
            0,
            0,
            1,
            0,
            0,
            0,
            0,
            0,
            0,
            0,
            0,
            0
        ],
        [
            230,
            0,
            9353,
            0,
            0,
            0,
            0,
            0,
            0,
            0,
            0,
            0,
            0,
            0,
            0
        ],
        [
            629,
            0,
            0,
            6785,
            0,
            0,
            1,
            0,
            0,
            229,
            0,
            0,
            0,
            0,
            0
        ],
        [
            96,
            0,
            0,
            0,
            4650,
            0,
            0,
            0,
            0,
            0,
            0,
            0,
            0,
            0,
            0
        ],
        [
            0,
            0,
            0,
            0,
            0,
            2843,
            0,
            0,
            315,
            0,
            0,
            0,
            0,
            0,
            0
        ],
        [
            34,
            0,
            0,
            0,
            0,
            0,
            3106,
            0,
            1,
            0,
            0,
            0,
            0,
            0,
            0
        ],
        [
            2551,
            1,
            10,
            11,
            39,
            0,
            10,
=======
            218014,
            29,
            947,
            3996,
            57,
            17,
            85,
            15,
            1,
            33,
            1,
            0,
            0,
            0
        ],
        [
            11,
            11577,
            0,
            0,
            0,
            1,
            0,
            0,
            1,
            0,
            0,
            0,
            0,
            0
        ],
        [
            9,
            0,
            9307,
            243,
            0,
            0,
            0,
            0,
            0,
            0,
            0,
            0,
            0,
            0
        ],
        [
            771,
            0,
            0,
            6879,
            0,
            0,
            2,
            0,
            0,
            112,
            0,
            0,
            0,
            0
        ],
        [
            20,
            0,
            0,
            0,
            4754,
            0,
>>>>>>> a448b70f92ad6f09c001173f0f5fcb64bd2e2232:experiments3/tabnet_trial_Experiment_missing_Down_Up Ratio_50.0_artifacts.json
            0,
            0,
            0,
            0,
            0,
            0,
            0,
            0
        ],
        [
            0,
            0,
            0,
            0,
            0,
<<<<<<< HEAD:experiments/tabnet_trial_Experiment_missing_Down_Up Ratio_50.0_artifacts.json
            1304,
            0,
            0,
            1009,
=======
            2829,
            0,
            0,
            374,
>>>>>>> a448b70f92ad6f09c001173f0f5fcb64bd2e2232:experiments3/tabnet_trial_Experiment_missing_Down_Up Ratio_50.0_artifacts.json
            0,
            0,
            0,
            0,
<<<<<<< HEAD:experiments/tabnet_trial_Experiment_missing_Down_Up Ratio_50.0_artifacts.json
=======
            0
        ],
        [
            54,
            0,
            0,
            1,
            0,
            0,
            3118,
            0,
            0,
            0,
            0,
            0,
            0,
            0
        ],
        [
            2629,
            1,
            5,
            34,
            3,
            1,
            11,
            8,
            0,
            0,
            0,
            0,
            0,
            0
        ],
        [
            0,
            0,
            0,
            0,
            0,
            1357,
            0,
            0,
            996,
            0,
            0,
            0,
>>>>>>> a448b70f92ad6f09c001173f0f5fcb64bd2e2232:experiments3/tabnet_trial_Experiment_missing_Down_Up Ratio_50.0_artifacts.json
            0,
            0
        ],
        [
            15,
            0,
            0,
<<<<<<< HEAD:experiments/tabnet_trial_Experiment_missing_Down_Up Ratio_50.0_artifacts.json
            234,
            0,
            0,
            88,
            0,
            0,
            358,
            0,
            0,
            0,
            0,
            0
        ],
        [
            104,
            0,
            0,
            2,
            0,
            0,
            0,
            0,
            0,
            0,
            100,
=======
            283,
            0,
            0,
            30,
            0,
            0,
            355,
>>>>>>> a448b70f92ad6f09c001173f0f5fcb64bd2e2232:experiments3/tabnet_trial_Experiment_missing_Down_Up Ratio_50.0_artifacts.json
            0,
            0,
            0,
            0
        ],
        [
<<<<<<< HEAD:experiments/tabnet_trial_Experiment_missing_Down_Up Ratio_50.0_artifacts.json
            29,
=======
            96,
>>>>>>> a448b70f92ad6f09c001173f0f5fcb64bd2e2232:experiments3/tabnet_trial_Experiment_missing_Down_Up Ratio_50.0_artifacts.json
            0,
            0,
            0,
            0,
            0,
<<<<<<< HEAD:experiments/tabnet_trial_Experiment_missing_Down_Up Ratio_50.0_artifacts.json
=======
            8,
            0,
            0,
            84,
            0,
            0,
            0,
            0
        ],
        [
            27,
            0,
            0,
            0,
            0,
>>>>>>> a448b70f92ad6f09c001173f0f5fcb64bd2e2232:experiments3/tabnet_trial_Experiment_missing_Down_Up Ratio_50.0_artifacts.json
            0,
            0,
            0,
            0,
            0,
            0,
            0,
            0,
            0
        ],
        [
<<<<<<< HEAD:experiments/tabnet_trial_Experiment_missing_Down_Up Ratio_50.0_artifacts.json
            12,
            0,
            1,
=======
            7,
            0,
>>>>>>> a448b70f92ad6f09c001173f0f5fcb64bd2e2232:experiments3/tabnet_trial_Experiment_missing_Down_Up Ratio_50.0_artifacts.json
            0,
            0,
            0,
            0,
            0,
            0,
            0,
            0,
            0,
            0,
            0,
            0
        ],
        [
            3,
            0,
