{
    "model": "tabnet_trial_Experiment_noise_FIN Flag Cnt_50.0",
    "model_type": "TabNet",
    "label": "Experiment_noise_FIN Flag Cnt_50.0",
<<<<<<< HEAD:experiments/tabnet_trial_Experiment_noise_FIN Flag Cnt_50.0_artifacts.json
    "mcc_bin": 0.8843587509884443,
    "mcc_mul": 0.8641798650443261,
    "mean_mcc": 0.8742693080163852,
    "cm_bin": [
        [
            217347,
            5716
        ],
        [
            3264,
            42348
=======
    "mcc_bin": 0.8701061795247319,
    "mcc_mul": 0.8095735911393817,
    "mean_mcc": 0.8398398853320568,
    "cm_bin": [
        [
            217275,
            5920
        ],
        [
            4159,
            41857
>>>>>>> a448b70f92ad6f09c001173f0f5fcb64bd2e2232:experiments3/tabnet_trial_Experiment_noise_FIN Flag Cnt_50.0_artifacts.json
        ]
    ],
    "cm_mul": [
        [
<<<<<<< HEAD:experiments/tabnet_trial_Experiment_noise_FIN Flag Cnt_50.0_artifacts.json
            217478,
            78,
            928,
            4355,
            77,
            29,
            75,
            0,
            6,
            29,
            8,
=======
            221309,
            70,
            1481,
            32,
            120,
            28,
            119,
            1,
            2,
            33,
>>>>>>> a448b70f92ad6f09c001173f0f5fcb64bd2e2232:experiments3/tabnet_trial_Experiment_noise_FIN Flag Cnt_50.0_artifacts.json
            0,
            0,
            0,
            0
        ],
        [
<<<<<<< HEAD:experiments/tabnet_trial_Experiment_noise_FIN Flag Cnt_50.0_artifacts.json
            6,
            11448,
            0,
            0,
            0,
            2,
=======
            12,
            11577,
            0,
            0,
            0,
            0,
>>>>>>> a448b70f92ad6f09c001173f0f5fcb64bd2e2232:experiments3/tabnet_trial_Experiment_noise_FIN Flag Cnt_50.0_artifacts.json
            0,
            0,
            1,
            0,
            0,
            0,
            0,
<<<<<<< HEAD:experiments/tabnet_trial_Experiment_noise_FIN Flag Cnt_50.0_artifacts.json
            0,
            0
        ],
        [
            9,
            0,
            9353,
            221,
=======
            0
        ],
        [
            252,
            0,
            9307,
>>>>>>> a448b70f92ad6f09c001173f0f5fcb64bd2e2232:experiments3/tabnet_trial_Experiment_noise_FIN Flag Cnt_50.0_artifacts.json
            0,
            0,
            0,
            0,
            0,
            0,
            0,
            0,
            0,
            0,
            0
        ],
        [
<<<<<<< HEAD:experiments/tabnet_trial_Experiment_noise_FIN Flag Cnt_50.0_artifacts.json
            439,
            0,
            0,
            6976,
            0,
            0,
            0,
            0,
            0,
            229,
            0,
=======
            7362,
            0,
            0,
            155,
            0,
            0,
            6,
            0,
            0,
            241,
>>>>>>> a448b70f92ad6f09c001173f0f5fcb64bd2e2232:experiments3/tabnet_trial_Experiment_noise_FIN Flag Cnt_50.0_artifacts.json
            0,
            0,
            0,
            0
        ],
        [
            96,
            0,
            0,
            0,
<<<<<<< HEAD:experiments/tabnet_trial_Experiment_noise_FIN Flag Cnt_50.0_artifacts.json
            4650,
            0,
=======
            4678,
>>>>>>> a448b70f92ad6f09c001173f0f5fcb64bd2e2232:experiments3/tabnet_trial_Experiment_noise_FIN Flag Cnt_50.0_artifacts.json
            0,
            0,
            0,
            0,
            0,
            0,
            0,
            0,
            0
        ],
        [
<<<<<<< HEAD:experiments/tabnet_trial_Experiment_noise_FIN Flag Cnt_50.0_artifacts.json
            2,
=======
>>>>>>> a448b70f92ad6f09c001173f0f5fcb64bd2e2232:experiments3/tabnet_trial_Experiment_noise_FIN Flag Cnt_50.0_artifacts.json
            0,
            0,
            0,
            0,
<<<<<<< HEAD:experiments/tabnet_trial_Experiment_noise_FIN Flag Cnt_50.0_artifacts.json
            2800,
            0,
            0,
            356,
=======
            0,
            2814,
            0,
            0,
            389,
            0,
            0,
            0,
            0,
            0
        ],
        [
            59,
            0,
            0,
            0,
            0,
            0,
            3114,
            0,
>>>>>>> a448b70f92ad6f09c001173f0f5fcb64bd2e2232:experiments3/tabnet_trial_Experiment_noise_FIN Flag Cnt_50.0_artifacts.json
            0,
            0,
            0,
            0,
            0,
            0
        ],
        [
<<<<<<< HEAD:experiments/tabnet_trial_Experiment_noise_FIN Flag Cnt_50.0_artifacts.json
            43,
            0,
            0,
            0,
            0,
            0,
            3097,
            0,
            1,
            0,
=======
            2663,
            1,
            17,
            0,
            1,
            0,
            10,
            0,
            0,
>>>>>>> a448b70f92ad6f09c001173f0f5fcb64bd2e2232:experiments3/tabnet_trial_Experiment_noise_FIN Flag Cnt_50.0_artifacts.json
            0,
            0,
            0,
            0,
            0
        ],
        [
<<<<<<< HEAD:experiments/tabnet_trial_Experiment_noise_FIN Flag Cnt_50.0_artifacts.json
            2567,
            1,
            7,
            37,
            3,
            0,
=======
            0,
            0,
            0,
            0,
            0,
            1337,
            0,
            0,
            1016,
            0,
            0,
            0,
            0,
            0
        ],
        [
            240,
            0,
            0,
            0,
            0,
            0,
            138,
            0,
            0,
            305,
            0,
            0,
            0,
            0
        ],
        [
            96,
            0,
            0,
            0,
            0,
            0,
            8,
            0,
            0,
            84,
            0,
            0,
            0,
            0
        ],
        [
            27,
            0,
            0,
            0,
            0,
            0,
            0,
            0,
            0,
            0,
            0,
            0,
            0,
            0
        ],
        [
>>>>>>> a448b70f92ad6f09c001173f0f5fcb64bd2e2232:experiments3/tabnet_trial_Experiment_noise_FIN Flag Cnt_50.0_artifacts.json
            7,
            0,
            0,
            0,
            0,
            0,
            0,
            0,
<<<<<<< HEAD:experiments/tabnet_trial_Experiment_noise_FIN Flag Cnt_50.0_artifacts.json
            0
        ],
        [
            4,
            0,
            0,
            0,
            0,
            1266,
            0,
            0,
            1043,
            0,
            0,
            0,
            0,
            0,
            0
        ],
        [
            15,
            0,
            0,
            234,
            0,
            0,
            87,
            0,
            0,
            359,
            0,
            0,
            0,
            0,
            0
        ],
        [
            104,
            0,
            0,
            2,
            0,
            0,
            0,
            0,
            0,
            100,
            0,
            0,
            0,
            0,
            0
        ],
        [
            29,
            0,
            0,
            0,
            0,
            0,
            0,
            0,
            0,
            0,
            0,
            0,
            0,
            0,
            0
        ],
        [
            12,
            0,
            1,
            0,
            0,
            0,
            0,
            0,
            0,
=======
