{
    "model": "experiments/cnn_lstm_trial_Experiment_missing_FIN Flag Cnt_30.0.pt",
    "model_type": "CNN-LSTM",
    "label": "Experiment_missing_FIN Flag Cnt_30.0",
    "mcc_bin": 0.7548175474304553,
    "mcc_mul": 0.7434014785740382,
    "mean_mcc": 0.7491095130022467,
    "val_loss": 0.5900773262338979,
    "cm_bin": [
        [
            22200,
            186
        ],
        [
            1547,
            2984
        ]
    ],
    "cm_mul": [
        [
            22259,
            0,
            0,
            0,
            14,
            70,
            42,
            0,
            0,
            1,
            0,
            0,
            0
        ],
        [
            27,
            1125,
            0,
            0,
            1,
            0,
            0,
            0,
            0,
            0,
            0,
            0,
            0
        ],
        [
            937,
            0,
            0,
            0,
            0,
            0,
            0,
            0,
            0,
            0,
            0,
            0,
            0
        ],
        [
            22,
            1,
            0,
            746,
            0,
            0,
            1,
            0,
            0,
            0,
            0,
            0,
            0
        ],
        [
            431,
            0,
            0,
            0,
            20,
            0,
            0,
            0,
            0,
            0,
            0,
            0,
            0
        ],
        [
            1,
            1,
            0,
            0,
            0,
            290,
            0,
            0,
            11,
            0,
            0,
            0,
            0
        ],
        [
            4,
            0,
            0,
            0,
            0,
            1,
            310,
            0,
            0,
            0,
            0,
            0,
            0
        ],
        [
            277,
            0,
            0,
            0,
            0,
            0,
            0,
            0,
            0,
            0,
            0,
            0,
            0
        ],
        [
            0,
            0,
            0,
            0,
            0,
            0,
            0,
            0,
            235,
            0,
            0,
            0,
            0
        ],
        [
            25,
            0,
            0,
            0,
            26,
            0,
            3,
            0,
            0,
            13,
            0,
            0,
            0
        ],
        [
            18,
            0,
            0,
            0,
            0,
            0,
            0,
            0,
            0,
            0,
            0,
            0,
            0
        ],
        [
            2,
            1,
            0,
            0,
            0,
            0,
            0,
            0,
            0,
            0,
            0,
            0,
            0
        ],
        [
            2,
            0,
            0,
            0,
            0,
            0,
            0,
            0,
            0,
            0,
            0,
            0,
            0
        ]
    ],
    "feature_importance": {
        "Down/Up Ratio": 0.024775736864588015,
        "Dst Port": 0.6463049978641614,
        "FIN Flag Cnt": 0.0,
        "Flow Pkts/s": 0.0632208457923964,
        "Fwd Pkt Len Max": 0.573259290901325,
        "Init Bwd Win Byts": 0.10593763348996096,
        "Init Fwd Win Byts": 1.0,
        "Protocol": 0.1217428449380607
    },
    "params": {
        "nb_filters": 32,
        "kernel_size": 3,
        "lstm_units_1": 128,
        "lstm_units_2": 256,
        "dropout": 0.1,
        "lr": 0.0008204643365323959,
        "batch_size": 4096
    },
    "metrics_binary": {
        "task": "Trial Experiment_missing_FIN Flag Cnt_30.0 - Binary Task",
        "accuracy": 0.9356168963851841,
        "f1": 0.7749642903519024,
        "mcc": 0.7548175474304553,
        "auc": 0.9603350913566178
    },
    "metrics_multiclass": {
        "task": "Trial Experiment_missing_FIN Flag Cnt_30.0 - Multiclass Task",
        "accuracy": 0.9287067652412974,
        "f1": 0.4695335208119238,
        "mcc": 0.7434014785740382,
        "auc": NaN
    }
}