{
    "model": "experiments/cnn_lstm_trial_Experiment_missing_FIN Flag Cnt_50.0.pt",
    "model_type": "CNN-LSTM",
    "label": "Experiment_missing_FIN Flag Cnt_50.0",
    "mcc_bin": 0.7562309588841872,
    "mcc_mul": 0.7384069606685797,
    "mean_mcc": 0.7473189597763834,
    "val_loss": 0.5510597415268421,
    "cm_bin": [
        [
            22034,
            209
        ],
        [
            1543,
            3077
        ]
    ],
    "cm_mul": [
        [
            22065,
            0,
            0,
            0,
            3,
            145,
            25,
            0,
            0,
            5,
            0,
            0,
            0
        ],
        [
            1,
            1170,
            0,
            0,
            0,
            0,
            0,
            0,
            0,
            0,
            0,
            0,
            0
        ],
        [
            964,
            0,
            3,
            0,
            21,
            0,
            0,
            0,
            0,
            0,
            0,
            0,
            0
        ],
        [
            27,
            0,
            0,
            730,
            0,
            0,
            0,
            0,
            0,
            4,
            0,
            0,
            0
        ],
        [
            432,
            0,
            1,
            7,
            34,
            0,
            0,
            0,
            0,
            0,
            0,
            0,
            0
        ],
        [
            1,
            0,
            0,
            0,
            0,
            305,
            0,
            0,
            3,
            0,
            0,
            0,
            0
        ],
        [
            3,
            0,
            0,
            1,
            0,
            0,
            310,
            0,
            0,
            0,
            0,
            0,
            0
        ],
        [
            274,
            0,
            1,
            0,
            0,
            0,
            0,
            0,
            0,
            0,
            0,
            0,
            0
        ],
        [
            0,
            0,
            0,
            0,
            0,
            0,
            0,
            0,
            230,
            0,
            0,
            0,
            0
        ],
        [
            33,
            0,
            0,
            4,
            2,
            0,
            11,
            0,
            0,
            25,
            0,
            0,
            0
        ],
        [
            18,
            0,
            1,
            0,
            0,
            0,
            0,
            0,
            0,
            0,
            0,
            0,
            0
        ],
        [
            3,
            0,
            0,
            0,
            0,
            0,
            0,
            0,
            0,
            0,
            0,
            0,
            0
        ],
        [
            1,
            0,
            0,
            0,
            0,
            0,
            0,
            0,
            0,
            0,
            0,
            0,
            0
        ]
    ],
    "feature_importance": {
        "Down/Up Ratio": 0.027858627858628224,
        "Dst Port": 0.528482328482329,
        "FIN Flag Cnt": 0.0,
        "Flow Pkts/s": 0.04906444906444917,
        "Fwd Pkt Len Max": 0.2719334719334725,
        "Init Bwd Win Byts": 0.2444906444906448,
        "Init Fwd Win Byts": 1.0,
        "Protocol": 0.11018711018711007
    },
    "params": {
        "nb_filters": 32,
        "kernel_size": 3,
        "lstm_units_1": 128,
        "lstm_units_2": 256,
        "dropout": 0.1,
        "lr": 0.0008204643365323959,
        "batch_size": 4096
    },
    "metrics_binary": {
        "task": "Trial Experiment_missing_FIN Flag Cnt_50.0 - Binary Task",
        "accuracy": 0.9347801809179913,
        "f1": 0.7783961548191247,
        "mcc": 0.7562309588841872,
        "auc": 0.9580467117141576
    },
    "metrics_multiclass": {
        "task": "Trial Experiment_missing_FIN Flag Cnt_50.0 - Multiclass Task",
        "accuracy": 0.9258831850500688,
        "f1": 0.48135797561416666,
        "mcc": 0.7384069606685797,
        "auc": NaN
    }
}