{
    "model": "experiments/cnn_lstm_trial_Experiment_outliers_Down_Up Ratio_20.0.pt",
    "model_type": "CNN-LSTM",
    "label": "Experiment_outliers_Down_Up Ratio_20.0",
    "mcc_bin": 0.7631715673366941,
    "mcc_mul": 0.6912831982046503,
    "mean_mcc": 0.7272273827706722,
    "val_loss": 0.589966189914516,
    "cm_bin": [
        [
            22183,
            147
        ],
        [
            1550,
            3037
        ]
    ],
    "cm_mul": [
        [
            22251,
            0,
            0,
            0,
            24,
            11,
            44,
            0,
            0,
            0,
            0,
            0,
            0
        ],
        [
            1,
            1159,
            0,
            0,
            0,
            0,
            0,
            0,
            0,
            0,
            0,
            0,
            0
        ],
        [
            949,
            0,
            0,
            0,
            0,
            0,
            0,
            0,
            0,
            0,
            0,
            0,
            0
        ],
        [
            138,
            1,
            0,
            438,
            241,
            0,
            0,
            0,
            0,
            3,
            0,
            0,
            0
        ],
        [
            370,
            0,
            0,
            0,
            44,
            0,
            0,
            0,
            0,
            0,
            0,
            0,
            0
        ],
        [
            130,
            1,
            0,
            0,
            0,
            180,
            3,
            0,
            5,
            0,
            0,
            0,
            0
        ],
        [
            3,
            0,
            0,
            0,
            0,
            0,
            326,
            0,
            0,
            1,
            0,
            0,
            0
        ],
        [
            264,
            0,
            0,
            0,
            0,
            0,
            0,
            0,
            0,
            0,
            0,
            0,
            0
        ],
        [
            0,
            0,
            0,
            0,
            0,
            0,
            0,
            0,
            235,
            0,
            0,
            0,
            0
        ],
        [
            22,
            0,
            0,
            0,
            0,
            0,
            44,
            0,
            0,
            2,
            0,
            0,
            0
        ],
        [
            23,
            0,
            0,
            0,
            0,
            0,
            0,
            0,
            0,
            0,
            0,
            0,
            0
        ],
        [
            3,
            0,
            0,
            0,
            0,
            0,
            0,
            0,
            0,
            0,
            0,
            0,
            0
        ],
        [
            1,
            0,
            0,
            0,
            0,
            0,
            0,
            0,
            0,
            0,
            0,
            0,
            0
        ]
    ],
    "feature_importance": {
        "Down/Up Ratio": 0.0015588464536251349,
        "Dst Port": 0.6399064692127825,
        "FIN Flag Cnt": 0.0,
        "Flow Pkts/s": 0.1075604053000784,
        "Fwd Pkt Len Max": 0.39672642244738954,
        "Init Bwd Win Byts": 0.24941543257989116,
        "Init Fwd Win Byts": 1.0,
        "Protocol": 0.13678877630553454
    },
    "params": {
        "nb_filters": 32,
        "kernel_size": 3,
        "lstm_units_1": 128,
        "lstm_units_2": 256,
        "dropout": 0.1,
        "lr": 0.0008204643365323959,
        "batch_size": 4096
    },
    "metrics_binary": {
        "task": "Trial Experiment_outliers_Down_Up Ratio_20.0 - Binary Task",
        "accuracy": 0.9369543411227106,
        "f1": 0.781623986616909,
        "mcc": 0.7631715673366941,
        "auc": 0.9583938613877044
    },
    "metrics_multiclass": {
        "task": "Trial Experiment_outliers_Down_Up Ratio_20.0 - Multiclass Task",
        "accuracy": 0.9152208641379054,
        "f1": 0.41506066464299174,
        "mcc": 0.6912831982046503,
        "auc": NaN
    }
}