{
    "model": "experiments/cnn_lstm_trial_Experiment_missing_Protocol_50.0.pt",
    "model_type": "CNN-LSTM",
    "label": "Experiment_missing_Protocol_50.0",
    "mcc_bin": 0.7661583399384713,
    "mcc_mul": 0.7423386688378513,
    "mean_mcc": 0.7542485043881613,
    "val_loss": 0.4734503264938082,
    "cm_bin": [
        [
            21869,
            374
        ],
        [
            1319,
            3301
        ]
    ],
    "cm_mul": [
        [
            21990,
            0,
            0,
            2,
            76,
            123,
            41,
            0,
            10,
            1,
            0,
            0,
            0
        ],
        [
            1,
            1170,
            0,
            0,
            0,
            0,
            0,
            0,
            0,
            0,
            0,
            0,
            0
        ],
        [
            938,
            0,
            0,
            0,
            50,
            0,
            0,
            0,
            0,
            0,
            0,
            0,
            0
        ],
        [
            60,
            0,
            0,
            678,
            19,
            0,
            0,
            0,
            0,
            4,
            0,
            0,
            0
        ],
        [
            209,
            0,
            0,
            0,
            265,
            0,
            0,
            0,
            0,
            0,
            0,
            0,
            0
        ],
        [
            6,
            0,
            0,
            0,
            0,
            227,
            0,
            0,
            76,
            0,
            0,
            0,
            0
        ],
        [
            1,
            0,
            0,
            0,
            0,
            0,
            313,
            0,
            0,
            0,
            0,
            0,
            0
        ],
        [
            275,
            0,
            0,
            0,
            0,
            0,
            0,
            0,
            0,
            0,
            0,
            0,
            0
        ],
        [
            0,
            0,
            0,
            0,
            0,
            0,
            0,
            0,
            230,
            0,
            0,
            0,
            0
        ],
        [
            13,
            0,
            0,
            0,
            49,
            0,
            0,
            0,
            0,
            13,
            0,
            0,
            0
        ],
        [
            19,
            0,
            0,
            0,
            0,
            0,
            0,
            0,
            0,
            0,
            0,
            0,
            0
        ],
        [
            2,
            0,
            0,
            1,
            0,
            0,
            0,
            0,
            0,
            0,
            0,
            0,
            0
        ],
        [
            1,
            0,
            0,
            0,
            0,
            0,
            0,
            0,
            0,
            0,
            0,
            0,
            0
        ]
    ],
    "feature_importance": {
        "Down/Up Ratio": 0.008653513326409856,
        "Dst Port": 0.5361716857043958,
        "FIN Flag Cnt": 0.0,
        "Flow Pkts/s": 0.08272758740048408,
        "Fwd Pkt Len Max": 0.3949463482173757,
        "Init Bwd Win Byts": 0.09484250605745911,
        "Init Fwd Win Byts": 1.0,
        "Protocol": 0.013499480789200076
    },
    "params": {
        "nb_filters": 32,
        "kernel_size": 3,
        "lstm_units_1": 128,
        "lstm_units_2": 256,
        "dropout": 0.1,
        "lr": 0.0008204643365323959,
        "batch_size": 4096
    },
    "metrics_binary": {
        "task": "Trial Experiment_missing_Protocol_50.0 - Binary Task",
        "accuracy": 0.9369765104418717,
        "f1": 0.7959011452682339,
        "mcc": 0.7661583399384713,
        "auc": 0.9613167808229176
    },
    "metrics_multiclass": {
        "task": "Trial Experiment_missing_Protocol_50.0 - Multiclass Task",
        "accuracy": 0.9264043479879388,
        "f1": 0.47824968953248653,
        "mcc": 0.7423386688378513,
        "auc": NaN
    }
}