{
    "model": "experiments/cnn_lstm_trial_Experiment_outliers_FIN Flag Cnt_5.0.pt",
    "model_type": "CNN-LSTM",
    "label": "Experiment_outliers_FIN Flag Cnt_5.0",
    "mcc_bin": 0.7284929841764157,
    "mcc_mul": 0.7244773067954012,
    "mean_mcc": 0.7264851454859085,
    "val_loss": 0.6286362792764392,
    "cm_bin": [
        [
            22053,
            190
        ],
        [
            1745,
            2875
        ]
    ],
    "cm_mul": [
        [
            22148,
            3,
            0,
            1,
            0,
            78,
            11,
            0,
            2,
            0,
            0,
            0,
            0
        ],
        [
            1,
            1163,
            0,
            7,
            0,
            0,
            0,
            0,
            0,
            0,
            0,
            0,
            0
        ],
        [
            988,
            0,
            0,
            0,
            0,
            0,
            0,
            0,
            0,
            0,
            0,
            0,
            0
        ],
        [
            52,
            0,
            0,
            699,
            0,
            0,
            10,
            0,
            0,
            0,
            0,
            0,
            0
        ],
        [
            461,
            0,
            0,
            0,
            0,
            0,
            13,
            0,
            0,
            0,
            0,
            0,
            0
        ],
        [
            7,
            1,
            0,
            0,
            0,
            298,
            2,
            0,
            1,
            0,
            0,
            0,
            0
        ],
        [
            9,
            10,
            0,
            0,
            0,
            52,
            243,
            0,
            0,
            0,
            0,
            0,
            0
        ],
        [
            275,
            0,
            0,
            0,
            0,
            0,
            0,
            0,
            0,
            0,
            0,
            0,
            0
        ],
        [
            0,
            0,
            0,
            0,
            0,
            0,
            0,
            0,
            230,
            0,
            0,
            0,
            0
        ],
        [
            22,
            2,
            0,
            0,
            0,
            6,
            45,
            0,
            0,
            0,
            0,
            0,
            0
        ],
        [
            19,
            0,
            0,
            0,
            0,
            0,
            0,
            0,
            0,
            0,
            0,
            0,
            0
        ],
        [
            3,
            0,
            0,
            0,
            0,
            0,
            0,
            0,
            0,
            0,
            0,
            0,
            0
        ],
        [
            1,
            0,
            0,
            0,
            0,
            0,
            0,
            0,
            0,
            0,
            0,
            0,
            0
        ]
    ],
    "feature_importance": {
        "Down/Up Ratio": 0.010380622837370582,
        "Dst Port": 0.3654844290657435,
        "FIN Flag Cnt": 0.0,
        "Flow Pkts/s": 0.08607266435986129,
        "Fwd Pkt Len Max": 0.5865051903114185,
        "Init Bwd Win Byts": 0.1379757785467129,
        "Init Fwd Win Byts": 1.0,
        "Protocol": 0.07006920415224949
    },
    "params": {
        "nb_filters": 32,
        "kernel_size": 3,
        "lstm_units_1": 128,
        "lstm_units_2": 256,
        "dropout": 0.1,
        "lr": 0.0008204643365323959,
        "batch_size": 4096
    },
    "metrics_binary": {
        "task": "Trial Experiment_outliers_FIN Flag Cnt_5.0 - Binary Task",
        "accuracy": 0.9279678368015486,
        "f1": 0.7482108002602472,
        "mcc": 0.7284929841764157,
        "auc": 0.955039466670092
    },
    "metrics_multiclass": {
        "task": "Trial Experiment_outliers_FIN Flag Cnt_5.0 - Multiclass Task",
        "accuracy": 0.9224956259539143,
        "f1": 0.41982455126160556,
        "mcc": 0.7244773067954012,
        "auc": NaN
    }
}