{
    "model": "experiments/cnn_lstm_trial_Experiment_missing_FIN Flag Cnt_1.0.pt",
    "model_type": "CNN-LSTM",
    "label": "Experiment_missing_FIN Flag Cnt_1.0",
    "mcc_bin": 0.7107693804260218,
    "mcc_mul": 0.5718013453743435,
    "mean_mcc": 0.6412853629001827,
    "val_loss": 0.7624145698334489,
    "cm_bin": [
        [
            22016,
            315
        ],
        [
            1724,
            2862
        ]
    ],
    "cm_mul": [
        [
            22117,
            60,
            9,
            1,
            0,
            120,
            20,
            0,
            4,
            0,
            0,
            0,
            0
        ],
        [
            1,
            616,
            0,
            0,
            0,
            0,
            0,
            0,
            542,
            0,
            0,
            0,
            0
        ],
        [
            935,
            1,
            5,
            0,
            0,
            0,
            0,
            0,
            0,
            0,
            0,
            0,
            0
        ],
        [
            45,
            60,
            21,
            656,
            0,
            0,
            0,
            0,
            0,
            0,
            0,
            0,
            0
        ],
        [
            464,
            0,
            2,
            0,
            0,
            0,
            0,
            0,
            0,
            0,
            0,
            0,
            0
        ],
        [
            0,
            251,
            0,
            0,
            0,
            31,
            0,
            0,
            34,
            0,
            0,
            0,
            0
        ],
        [
            42,
            121,
            1,
            0,
            0,
            18,
            144,
            0,
            0,
            0,
            0,
            0,
            0
        ],
        [
            259,
            0,
            0,
            0,
            0,
            11,
            0,
            0,
            0,
            0,
            0,
            0,
            0
        ],
        [
            0,
            0,
            0,
            0,
            0,
            0,
            0,
            0,
            235,
            0,
            0,
            0,
            0
        ],
        [
            29,
            13,
            20,
            3,
            0,
            1,
            1,
            0,
            0,
            0,
            0,
            0,
            0
        ],
        [
            18,
            0,
            1,
            0,
            0,
            0,
            0,
            0,
            0,
            0,
            0,
            0,
            0
        ],
        [
            3,
            0,
            0,
            0,
            0,
            0,
            0,
            0,
            0,
            0,
            0,
            0,
            0
        ],
        [
            2,
            0,
            0,
            0,
            0,
            0,
            0,
            0,
            0,
            0,
            0,
            0,
            0
        ]
    ],
    "feature_importance": {
        "Down/Up Ratio": 0.11123853211009181,
        "Dst Port": 0.4954128440366983,
        "FIN Flag Cnt": 0.0,
        "Flow Pkts/s": 0.1393348623853222,
        "Fwd Pkt Len Max": 0.49426605504587195,
        "Init Bwd Win Byts": 0.046444954128440734,
        "Init Fwd Win Byts": 1.0,
        "Protocol": 0.05619266055045905
    },
    "params": {
        "nb_filters": 32,
        "kernel_size": 3,
        "lstm_units_1": 128,
        "lstm_units_2": 256,
        "dropout": 0.1,
        "lr": 0.0008204643365323959,
        "batch_size": 4096
    },
    "metrics_binary": {
        "task": "Trial Experiment_missing_FIN Flag Cnt_1.0 - Binary Task",
        "accuracy": 0.9242486161162091,
        "f1": 0.737343810382584,
        "mcc": 0.7107693804260218,
        "auc": 0.9376548616371966
    },
    "metrics_multiclass": {
        "task": "Trial Experiment_missing_FIN Flag Cnt_1.0 - Multiclass Task",
        "accuracy": 0.8843481814466694,
        "f1": 0.27502927208928757,
        "mcc": 0.5718013453743435,
        "auc": NaN
    }
}