{
    "model": "experiments/cnn_lstm_trial_Experiment_outliers_FIN Flag Cnt_50.0.pt",
    "model_type": "CNN-LSTM",
    "label": "Experiment_outliers_FIN Flag Cnt_50.0",
    "mcc_bin": 0.7674089461863208,
    "mcc_mul": 0.7727722816612687,
    "mean_mcc": 0.7700906139237947,
    "val_loss": 0.506756318467004,
    "cm_bin": [
        [
            22107,
            136
        ],
        [
            1543,
            3077
        ]
    ],
    "cm_mul": [
        [
            22140,
            0,
            0,
            0,
            58,
            41,
            2,
            1,
            0,
            1,
            0,
            0,
            0
        ],
        [
            1,
            1170,
            0,
            0,
            0,
            0,
            0,
            0,
            0,
            0,
            0,
            0,
            0
        ],
        [
            988,
            0,
            0,
            0,
            0,
            0,
            0,
            0,
            0,
            0,
            0,
            0,
            0
        ],
        [
            23,
            0,
            0,
            713,
            23,
            0,
            0,
            0,
            0,
            2,
            0,
            0,
            0
        ],
        [
            252,
            0,
            0,
            0,
            222,
            0,
            0,
            0,
            0,
            0,
            0,
            0,
            0
        ],
        [
            2,
            0,
            0,
            0,
            0,
            301,
            0,
            0,
            6,
            0,
            0,
            0,
            0
        ],
        [
            7,
            0,
            0,
            0,
            1,
            0,
            300,
            0,
            0,
            6,
            0,
            0,
            0
        ],
        [
            275,
            0,
            0,
            0,
            0,
            0,
            0,
            0,
            0,
            0,
            0,
            0,
            0
        ],
        [
            0,
            0,
            0,
            0,
            0,
            0,
            0,
            0,
            230,
            0,
            0,
            0,
            0
        ],
        [
            13,
            0,
            0,
            0,
            25,
            0,
            3,
            0,
            0,
            34,
            0,
            0,
            0
        ],
        [
            19,
            0,
            0,
            0,
            0,
            0,
            0,
            0,
            0,
            0,
            0,
            0,
            0
        ],
        [
            3,
            0,
            0,
            0,
            0,
            0,
            0,
            0,
            0,
            0,
            0,
            0,
            0
        ],
        [
            1,
            0,
            0,
            0,
            0,
            0,
            0,
            0,
            0,
            0,
            0,
            0,
            0
        ]
    ],
    "feature_importance": {
        "Down/Up Ratio": 0.015529071867100076,
        "Dst Port": 0.42217407006139374,
        "FIN Flag Cnt": 0.00036114120621172987,
        "Flow Pkts/s": 0.08414590104730936,
        "Fwd Pkt Len Max": 0.3304442036836402,
        "Init Bwd Win Byts": 0.12351029252437715,
        "Init Fwd Win Byts": 1.0,
        "Protocol": 0.055976886962801974
    },
    "params": {
        "nb_filters": 32,
        "kernel_size": 3,
        "lstm_units_1": 128,
        "lstm_units_2": 256,
        "dropout": 0.1,
        "lr": 0.0008204643365323959,
        "batch_size": 4096
    },
    "metrics_binary": {
        "task": "Trial Experiment_outliers_FIN Flag Cnt_50.0 - Binary Task",
        "accuracy": 0.9374976733797417,
        "f1": 0.785650453210775,
        "mcc": 0.7674089461863208,
        "auc": 0.9622298654005259
    },
    "metrics_multiclass": {
        "task": "Trial Experiment_outliers_FIN Flag Cnt_50.0 - Multiclass Task",
        "accuracy": 0.9347429549938577,
        "f1": 0.5338974484334478,
        "mcc": 0.7727722816612687,
        "auc": NaN
    }
}