{
    "model": "experiments/cnn_lstm_trial_Experiment_outliers_Timestamp_10.0.pt",
    "model_type": "CNN-LSTM",
    "label": "Experiment_outliers_Timestamp_10.0",
    "mcc_bin": 0.89308698468703,
    "mcc_mul": 0.8860411642283005,
    "mean_mcc": 0.8895640744576652,
    "val_loss": 0.2602970190346241,
    "cm_bin": [
        [
            22065,
            266
        ],
        [
            533,
            4053
        ]
    ],
    "cm_mul": [
        [
            22108,
            0,
            180,
            0,
            29,
            1,
            3,
            2,
            0,
            7,
            0,
            1,
            0
        ],
        [
            1,
            1158,
            0,
            0,
            0,
            0,
            0,
            0,
            0,
            0,
            0,
            0,
            0
        ],
        [
            186,
            0,
            741,
            0,
            14,
            0,
            0,
            0,
            0,
            0,
            0,
            0,
            0
        ],
        [
            31,
            0,
            15,
            726,
            8,
            0,
            0,
            0,
            0,
            2,
            0,
            0,
            0
        ],
        [
            35,
            0,
            78,
            0,
            353,
            0,
            0,
            0,
            0,
            0,
            0,
            0,
            0
        ],
        [
            1,
            0,
            0,
            0,
            0,
            315,
            0,
            0,
            0,
            0,
            0,
            0,
            0
        ],
        [
            5,
            0,
            0,
            0,
            0,
            0,
            321,
            0,
            0,
            0,
            0,
            0,
            0
        ],
        [
            266,
            0,
            3,
            0,
            1,
            0,
            0,
            0,
            0,
            0,
            0,
            0,
            0
        ],
        [
            0,
            0,
            0,
            0,
            0,
            1,
            0,
            0,
            234,
            0,
            0,
            0,
            0
        ],
        [
            14,
            1,
            2,
            0,
            3,
            0,
            5,
            0,
            0,
            42,
            0,
            0,
            0
        ],
        [
            15,
            0,
            4,
            0,
            0,
            0,
            0,
            0,
            0,
            0,
            0,
            0,
            0
        ],
        [
            2,
            0,
            0,
            0,
            0,
            0,
            0,
            0,
            0,
            0,
            0,
            1,
            0
        ],
        [
            2,
            0,
            0,
            0,
            0,
            0,
            0,
            0,
            0,
            0,
            0,
            0,
            0
        ]
    ],
    "feature_importance": {
        "Down/Up Ratio": 0.0914285714285716,
        "Dst Port": 0.8411428571428569,
        "FIN Flag Cnt": 0.0,
        "Flow Pkts/s": 0.15657142857142878,
        "Fwd Pkt Len Max": 1.0,
        "Init Bwd Win Byts": 0.28304761904761844,
        "Init Fwd Win Byts": 0.8620952380952386,
        "Protocol": 0.3062857142857145
    },
    "params": {
        "nb_filters": 32,
        "kernel_size": 3,
        "lstm_units_1": 128,
        "lstm_units_2": 256,
        "dropout": 0.1,
        "lr": 0.0008204643365323959,
        "batch_size": 4096
    },
    "metrics_binary": {
        "task": "Trial Experiment_outliers_Timestamp_10.0 - Binary Task",
        "accuracy": 0.9703161570754542,
        "f1": 0.9102751263335205,
        "mcc": 0.89308698468703,
        "auc": 0.9778145712888919
    },
    "metrics_multiclass": {
        "task": "Trial Experiment_outliers_Timestamp_10.0 - Multiclass Task",
        "accuracy": 0.965895159193075,
        "f1": 0.6609348882321293,
        "mcc": 0.8860411642283005,
        "auc": NaN
    }
}