{
    "model": "experiments/cnn_lstm_trial_Experiment_noise_Down_Up Ratio_5.0.pt",
    "model_type": "CNN-LSTM",
    "label": "Experiment_noise_Down_Up Ratio_5.0",
    "mcc_bin": 0.71792407454067,
    "mcc_mul": 0.6667665300996545,
    "mean_mcc": 0.6923453023201622,
    "val_loss": 0.7392729047153678,
    "cm_bin": [
        [
            22023,
            308
        ],
        [
            1685,
            2901
        ]
    ],
    "cm_mul": [
        [
            22164,
            63,
            17,
            0,
            0,
            82,
            0,
            0,
            5,
            0,
            0,
            0,
            0
        ],
        [
            1,
            1157,
            1,
            0,
            0,
            0,
            0,
            0,
            0,
            0,
            0,
            0,
            0
        ],
        [
            925,
            0,
            16,
            0,
            0,
            0,
            0,
            0,
            0,
            0,
            0,
            0,
            0
        ],
        [
            50,
            35,
            19,
            678,
            0,
            0,
            0,
            0,
            0,
            0,
            0,
            0,
            0
        ],
        [
            466,
            0,
            0,
            0,
            0,
            0,
            0,
            0,
            0,
            0,
            0,
            0,
            0
        ],
        [
            35,
            29,
            0,
            0,
            0,
            220,
            0,
            0,
            32,
            0,
            0,
            0,
            0
        ],
        [
            145,
            181,
            0,
            0,
            0,
            0,
            0,
            0,
            0,
            0,
            0,
            0,
            0
        ],
        [
            245,
            7,
            1,
            1,
            0,
            15,
            0,
            0,
            1,
            0,
            0,
            0,
            0
        ],
        [
            0,
            0,
            0,
            0,
            0,
            0,
            0,
            0,
            235,
            0,
            0,
            0,
            0
        ],
        [
            36,
            28,
            2,
            1,
            0,
            0,
            0,
            0,
            0,
            0,
            0,
            0,
            0
        ],
        [
            19,
            0,
            0,
            0,
            0,
            0,
            0,
            0,
            0,
            0,
            0,
            0,
            0
        ],
        [
            3,
            0,
            0,
            0,
            0,
            0,
            0,
            0,
            0,
            0,
            0,
            0,
            0
        ],
        [
            2,
            0,
            0,
            0,
            0,
            0,
            0,
            0,
            0,
            0,
            0,
            0,
            0
        ]
    ],
    "feature_importance": {
        "Down/Up Ratio": 0.0019455252918298119,
        "Dst Port": 0.7135214007782099,
        "FIN Flag Cnt": 0.00048638132295745297,
        "Flow Pkts/s": 0.19698443579766525,
        "Fwd Pkt Len Max": 0.544260700389105,
        "Init Bwd Win Byts": 0.17120622568093477,
        "Init Fwd Win Byts": 1.0,
        "Protocol": 0.38764591439688795
    },
    "params": {
        "nb_filters": 32,
        "kernel_size": 3,
        "lstm_units_1": 128,
        "lstm_units_2": 256,
        "dropout": 0.1,
        "lr": 0.0008204643365323959,
        "batch_size": 4096
    },
    "metrics_binary": {
        "task": "Trial Experiment_noise_Down_Up Ratio_5.0 - Binary Task",
        "accuracy": 0.9259575732808263,
        "f1": 0.7443232841565106,
        "mcc": 0.71792407454067,
        "auc": 0.937863000559926
    },
    "metrics_multiclass": {
        "task": "Trial Experiment_noise_Down_Up Ratio_5.0 - Multiclass Task",
        "accuracy": 0.9090909090909091,
        "f1": 0.3388489581823531,
        "mcc": 0.6667665300996545,
        "auc": NaN
    }
}