{
    "model": "experiments/cnn_lstm_trial_Experiment_outliers_Down_Up Ratio_50.0.pt",
    "model_type": "CNN-LSTM",
    "label": "Experiment_outliers_Down_Up Ratio_50.0",
    "mcc_bin": 0.7308072330298905,
    "mcc_mul": 0.7214986588253984,
    "mean_mcc": 0.7261529459276445,
    "val_loss": 0.6733588352799416,
    "cm_bin": [
        [
            22086,
            157
        ],
        [
            1764,
            2856
        ]
    ],
    "cm_mul": [
        [
            22157,
            0,
            0,
            0,
            46,
            31,
            8,
            0,
            0,
            1,
            0,
            0,
            0
        ],
        [
            1,
            1170,
            0,
            0,
            0,
            0,
            0,
            0,
            0,
            0,
            0,
            0,
            0
        ],
        [
            988,
            0,
            0,
            0,
            0,
            0,
            0,
            0,
            0,
            0,
            0,
            0,
            0
        ],
        [
            342,
            0,
            0,
            412,
            5,
            0,
            0,
            0,
            0,
            2,
            0,
            0,
            0
        ],
        [
            286,
            0,
            0,
            0,
            188,
            0,
            0,
            0,
            0,
            0,
            0,
            0,
            0
        ],
        [
            1,
            0,
            0,
            0,
            0,
            303,
            0,
            0,
            5,
            0,
            0,
            0,
            0
        ],
        [
            1,
            1,
            0,
            0,
            9,
            0,
            290,
            0,
            0,
            13,
            0,
            0,
            0
        ],
        [
            274,
            0,
            0,
            0,
            1,
            0,
            0,
            0,
            0,
            0,
            0,
            0,
            0
        ],
        [
            0,
            0,
            0,
            0,
            0,
            0,
            0,
            0,
            230,
            0,
            0,
            0,
            0
        ],
        [
            33,
            0,
            0,
            0,
            28,
            0,
            0,
            0,
            0,
            14,
            0,
            0,
            0
        ],
        [
            19,
            0,
            0,
            0,
            0,
            0,
            0,
            0,
            0,
            0,
            0,
            0,
            0
        ],
        [
            3,
            0,
            0,
            0,
            0,
            0,
            0,
            0,
            0,
            0,
            0,
            0,
            0
        ],
        [
            1,
            0,
            0,
            0,
            0,
            0,
            0,
            0,
            0,
            0,
            0,
            0,
            0
        ]
    ],
    "feature_importance": {
        "Down/Up Ratio": 0.0,
        "Dst Port": 0.6125751271382344,
        "FIN Flag Cnt": 0.0032362459546934623,
        "Flow Pkts/s": 0.19648636153490506,
        "Fwd Pkt Len Max": 0.4373555247341652,
        "Init Bwd Win Byts": 0.12528895053166958,
        "Init Fwd Win Byts": 1.0,
        "Protocol": 0.12205270457697612
    },
    "params": {
        "nb_filters": 32,
        "kernel_size": 3,
        "lstm_units_1": 128,
        "lstm_units_2": 256,
        "dropout": 0.1,
        "lr": 0.0008204643365323959,
        "batch_size": 4096
    },
    "metrics_binary": {
        "task": "Trial Experiment_outliers_Down_Up Ratio_50.0 - Binary Task",
        "accuracy": 0.9284889997394186,
        "f1": 0.7483296213808464,
        "mcc": 0.7308072330298905,
        "auc": 0.9612207099349122
    },
    "metrics_multiclass": {
        "task": "Trial Experiment_outliers_Down_Up Ratio_50.0 - Multiclass Task",
        "accuracy": 0.9218627852436436,
        "f1": 0.48495859326102203,
        "mcc": 0.7214986588253984,
        "auc": NaN
    }
}