{
    "model": "experiments/cnn_lstm_trial_Experiment_missing_Down_Up Ratio_75.0.pt",
    "model_type": "CNN-LSTM",
    "label": "Experiment_missing_Down_Up Ratio_75.0",
    "mcc_bin": 0.6937369132122351,
    "mcc_mul": 0.6650558836481503,
    "mean_mcc": 0.6793963984301927,
    "val_loss": 0.8297674653253385,
    "cm_bin": [
        [
            22141,
            190
        ],
        [
            1955,
            2631
        ]
    ],
    "cm_mul": [
        [
            22169,
            0,
            7,
            0,
            0,
            127,
            24,
            0,
            4,
            0,
            0,
            0,
            0
        ],
        [
            1,
            1158,
            0,
            0,
            0,
            0,
            0,
            0,
            0,
            0,
            0,
            0,
            0
        ],
        [
            940,
            0,
            1,
            0,
            0,
            0,
            0,
            0,
            0,
            0,
            0,
            0,
            0
        ],
        [
            262,
            27,
            5,
            450,
            0,
            0,
            38,
            0,
            0,
            0,
            0,
            0,
            0
        ],
        [
            466,
            0,
            0,
            0,
            0,
            0,
            0,
            0,
            0,
            0,
            0,
            0,
            0
        ],
        [
            2,
            0,
            0,
            0,
            0,
            306,
            0,
            0,
            8,
            0,
            0,
            0,
            0
        ],
        [
            3,
            1,
            0,
            0,
            0,
            179,
            143,
            0,
            0,
            0,
            0,
            0,
            0
        ],
        [
            269,
            0,
            1,
            0,
            0,
            0,
            0,
            0,
            0,
            0,
            0,
            0,
            0
        ],
        [
            0,
            0,
            0,
            0,
            0,
            1,
            0,
            0,
            234,
            0,
            0,
            0,
            0
        ],
        [
            26,
            1,
            1,
            0,
            0,
            6,
            33,
            0,
            0,
            0,
            0,
            0,
            0
        ],
        [
            19,
            0,
            0,
            0,
            0,
            0,
            0,
            0,
            0,
            0,
            0,
            0,
            0
        ],
        [
            3,
            0,
            0,
            0,
            0,
            0,
            0,
            0,
            0,
            0,
            0,
            0,
            0
        ],
        [
            2,
            0,
            0,
            0,
            0,
            0,
            0,
            0,
            0,
            0,
            0,
            0,
            0
        ]
    ],
    "feature_importance": {
        "Down/Up Ratio": 0.0,
        "Dst Port": 0.380883765609991,
        "FIN Flag Cnt": 0.0,
        "Flow Pkts/s": 0.06436119116234326,
        "Fwd Pkt Len Max": 0.42699327569644613,
        "Init Bwd Win Byts": 0.09125840537944198,
        "Init Fwd Win Byts": 1.0,
        "Protocol": 0.10374639769452446
    },
    "params": {
        "nb_filters": 32,
        "kernel_size": 3,
        "lstm_units_1": 128,
        "lstm_units_2": 256,
        "dropout": 0.1,
        "lr": 0.0008204643365323959,
        "batch_size": 4096
    },
    "metrics_binary": {
        "task": "Trial Experiment_missing_Down_Up Ratio_75.0 - Binary Task",
        "accuracy": 0.9203105843890478,
        "f1": 0.7104090724989874,
        "mcc": 0.6937369132122351,
        "auc": 0.9519721840352919
    },
    "metrics_multiclass": {
        "task": "Trial Experiment_missing_Down_Up Ratio_75.0 - Multiclass Task",
        "accuracy": 0.9087565479065275,
        "f1": 0.369852566880195,
        "mcc": 0.6650558836481503,
        "auc": NaN
    }
}