{
    "model": "experiments/cnn_lstm_trial_Experiment_noise_Down_Up Ratio_75.0.pt",
    "model_type": "CNN-LSTM",
    "label": "Experiment_noise_Down_Up Ratio_75.0",
    "mcc_bin": 0.7114781216994274,
    "mcc_mul": 0.5809451446763628,
    "mean_mcc": 0.6462116331878951,
    "val_loss": 0.8197794082973685,
    "cm_bin": [
        [
            22026,
            305
        ],
        [
            1729,
            2857
        ]
    ],
    "cm_mul": [
        [
            22149,
            1,
            1,
            0,
            0,
            158,
            21,
            0,
            1,
            0,
            0,
            0,
            0
        ],
        [
            1,
            1158,
            0,
            0,
            0,
            0,
            0,
            0,
            0,
            0,
            0,
            0,
            0
        ],
        [
            941,
            0,
            0,
            0,
            0,
            0,
            0,
            0,
            0,
            0,
            0,
            0,
            0
        ],
        [
            305,
            1,
            432,
            35,
            0,
            0,
            9,
            0,
            0,
            0,
            0,
            0,
            0
        ],
        [
            465,
            0,
            0,
            0,
            0,
            0,
            1,
            0,
            0,
            0,
            0,
            0,
            0
        ],
        [
            2,
            0,
            0,
            0,
            0,
            314,
            0,
            0,
            0,
            0,
            0,
            0,
            0
        ],
        [
            13,
            0,
            0,
            0,
            0,
            283,
            30,
            0,
            0,
            0,
            0,
            0,
            0
        ],
        [
            263,
            0,
            0,
            0,
            0,
            7,
            0,
            0,
            0,
            0,
            0,
            0,
            0
        ],
        [
            0,
            0,
            0,
            0,
            0,
            1,
            0,
            0,
            234,
            0,
            0,
            0,
            0
        ],
        [
            45,
            0,
            4,
            0,
            0,
            8,
            10,
            0,
            0,
            0,
            0,
            0,
            0
        ],
        [
            19,
            0,
            0,
            0,
            0,
            0,
            0,
            0,
            0,
            0,
            0,
            0,
            0
        ],
        [
            3,
            0,
            0,
            0,
            0,
            0,
            0,
            0,
            0,
            0,
            0,
            0,
            0
        ],
        [
            2,
            0,
            0,
            0,
            0,
            0,
            0,
            0,
            0,
            0,
            0,
            0,
            0
        ]
    ],
    "feature_importance": {
        "Down/Up Ratio": 0.0,
        "Dst Port": 0.5949221004039236,
        "FIN Flag Cnt": 0.0051933064050788975,
        "Flow Pkts/s": 0.23773802654356654,
        "Fwd Pkt Len Max": 0.4627813040969412,
        "Init Bwd Win Byts": 0.14945181765724252,
        "Init Fwd Win Byts": 1.0,
        "Protocol": 0.265435660703981
    },
    "params": {
        "nb_filters": 32,
        "kernel_size": 3,
        "lstm_units_1": 128,
        "lstm_units_2": 256,
        "dropout": 0.1,
        "lr": 0.0008204643365323959,
        "batch_size": 4096
    },
    "metrics_binary": {
        "task": "Trial Experiment_noise_Down_Up Ratio_75.0 - Binary Task",
        "accuracy": 0.9244343723297545,
        "f1": 0.7374806401652039,
        "mcc": 0.7114781216994274,
        "auc": 0.9393599154207316
    },
    "metrics_multiclass": {
        "task": "Trial Experiment_noise_Down_Up Ratio_75.0 - Multiclass Task",
        "accuracy": 0.8886577256009214,
        "f1": 0.28929596648271744,
        "mcc": 0.5809451446763628,
        "auc": NaN
    }
}