{
    "model": "experiments/cnn_lstm_trial_Experiment_labels_FIN Flag Cnt_10.0.pt",
    "model_type": "CNN-LSTM",
    "label": "Experiment_labels_FIN Flag Cnt_10.0",
    "mcc_bin": 0.7279038128111832,
    "mcc_mul": 0.5716217099785942,
    "mean_mcc": 0.6497627613948886,
    "val_loss": 0.8907990402409008,
    "cm_bin": [
        [
            22245,
            86
        ],
        [
            1847,
            2739
        ]
    ],
    "cm_mul": [
        [
            22309,
            8,
            8,
            0,
            0,
            5,
            0,
            0,
            1,
            0,
            0,
            0,
            0
        ],
        [
            1,
            616,
            1,
            0,
            0,
            0,
            0,
            0,
            541,
            0,
            0,
            0,
            0
        ],
        [
            940,
            0,
            1,
            0,
            0,
            0,
            0,
            0,
            0,
            0,
            0,
            0,
            0
        ],
        [
            29,
            76,
            24,
            653,
            0,
            0,
            0,
            0,
            0,
            0,
            0,
            0,
            0
        ],
        [
            464,
            0,
            2,
            0,
            0,
            0,
            0,
            0,
            0,
            0,
            0,
            0,
            0
        ],
        [
            220,
            14,
            3,
            0,
            0,
            79,
            0,
            0,
            0,
            0,
            0,
            0,
            0
        ],
        [
            165,
            57,
            25,
            0,
            0,
            79,
            0,
            0,
            0,
            0,
            0,
            0,
            0
        ],
        [
            268,
            1,
            1,
            0,
            0,
            0,
            0,
            0,
            0,
            0,
            0,
            0,
            0
        ],
        [
            0,
            0,
            0,
            0,
            0,
            1,
            0,
            0,
            234,
            0,
            0,
            0,
            0
        ],
        [
            41,
            5,
            21,
            0,
            0,
            0,
            0,
            0,
            0,
            0,
            0,
            0,
            0
        ],
        [
            19,
            0,
            0,
            0,
            0,
            0,
            0,
            0,
            0,
            0,
            0,
            0,
            0
        ],
        [
            3,
            0,
            0,
            0,
            0,
            0,
            0,
            0,
            0,
            0,
            0,
            0,
            0
        ],
        [
            2,
            0,
            0,
            0,
            0,
            0,
            0,
            0,
            0,
            0,
            0,
            0,
            0
        ]
    ],
    "feature_importance": {
        "Down/Up Ratio": 0.050476190476189946,
        "Dst Port": 0.5199999999999998,
        "FIN Flag Cnt": 0.0,
        "Flow Pkts/s": 0.19238095238095237,
        "Fwd Pkt Len Max": 0.4376190476190483,
        "Init Bwd Win Byts": 0.17428571428571474,
        "Init Fwd Win Byts": 1.0,
        "Protocol": 0.06952380952380903
    },
    "params": {
        "nb_filters": 32,
        "kernel_size": 3,
        "lstm_units_1": 128,
        "lstm_units_2": 256,
        "dropout": 0.1,
        "lr": 0.0008204643365323959,
        "batch_size": 4096
    },
    "metrics_binary": {
        "task": "Trial Experiment_labels_FIN Flag Cnt_10.0 - Binary Task",
        "accuracy": 0.9281866478433703,
        "f1": 0.7391715018216165,
        "mcc": 0.7279038128111832,
        "auc": 0.935269903321714
    },
    "metrics_multiclass": {
        "task": "Trial Experiment_labels_FIN Flag Cnt_10.0 - Multiclass Task",
        "accuracy": 0.8876174908050675,
        "f1": 0.2533868715917306,
        "mcc": 0.5716217099785942,
        "auc": NaN
    }
}