{
    "model": "experiments/cnn_lstm_trial_Experiment_labels_FIN Flag Cnt_30.0.pt",
    "model_type": "CNN-LSTM",
    "label": "Experiment_labels_FIN Flag Cnt_30.0",
    "mcc_bin": 0.7201094004511019,
    "mcc_mul": 0.6772789464499589,
    "mean_mcc": 0.6986941734505304,
    "val_loss": 0.7961193240646806,
    "cm_bin": [
        [
            22011,
            232
        ],
        [
            1757,
            2863
        ]
    ],
    "cm_mul": [
        [
            22148,
            0,
            10,
            0,
            0,
            73,
            10,
            0,
            2,
            0,
            0,
            0,
            0
        ],
        [
            1,
            1169,
            1,
            0,
            0,
            0,
            0,
            0,
            0,
            0,
            0,
            0,
            0
        ],
        [
            987,
            0,
            1,
            0,
            0,
            0,
            0,
            0,
            0,
            0,
            0,
            0,
            0
        ],
        [
            15,
            31,
            83,
            608,
            0,
            0,
            24,
            0,
            0,
            0,
            0,
            0,
            0
        ],
        [
            465,
            0,
            9,
            0,
            0,
            0,
            0,
            0,
            0,
            0,
            0,
            0,
            0
        ],
        [
            14,
            0,
            0,
            0,
            0,
            295,
            0,
            0,
            0,
            0,
            0,
            0,
            0
        ],
        [
            8,
            0,
            0,
            0,
            0,
            292,
            14,
            0,
            0,
            0,
            0,
            0,
            0
        ],
        [
            274,
            0,
            0,
            0,
            0,
            1,
            0,
            0,
            0,
            0,
            0,
            0,
            0
        ],
        [
            0,
            0,
            0,
            0,
            0,
            1,
            0,
            0,
            229,
            0,
            0,
            0,
            0
        ],
        [
            19,
            3,
            12,
            0,
            0,
            14,
            27,
            0,
            0,
            0,
            0,
            0,
            0
        ],
        [
            19,
            0,
            0,
            0,
            0,
            0,
            0,
            0,
            0,
            0,
            0,
            0,
            0
        ],
        [
            3,
            0,
            0,
            0,
            0,
            0,
            0,
            0,
            0,
            0,
            0,
            0,
            0
        ],
        [
            1,
            0,
            0,
            0,
            0,
            0,
            0,
            0,
            0,
            0,
            0,
            0,
            0
        ]
    ],
    "feature_importance": {
        "Down/Up Ratio": 0.04766786263454604,
        "Dst Port": 0.36750384418246995,
        "FIN Flag Cnt": 0.0,
        "Flow Pkts/s": 0.14659149154279852,
        "Fwd Pkt Len Max": 0.45105074320861094,
        "Init Bwd Win Byts": 0.1763198359815486,
        "Init Fwd Win Byts": 1.0,
        "Protocol": 0.06406970784213192
    },
    "params": {
        "nb_filters": 32,
        "kernel_size": 3,
        "lstm_units_1": 128,
        "lstm_units_2": 256,
        "dropout": 0.1,
        "lr": 0.0008204643365323959,
        "batch_size": 4096
    },
    "metrics_binary": {
        "task": "Trial Experiment_labels_FIN Flag Cnt_30.0 - Binary Task",
        "accuracy": 0.925957636898336,
        "f1": 0.7421905379131561,
        "mcc": 0.7201094004511019,
        "auc": 0.9424969779879189
    },
    "metrics_multiclass": {
        "task": "Trial Experiment_labels_FIN Flag Cnt_30.0 - Multiclass Task",
        "accuracy": 0.9106950080035737,
        "f1": 0.34601489700481475,
        "mcc": 0.6772789464499589,
        "auc": 0.9118499138385735
    }
}