{
    "model": "experiments/cnn_lstm_trial_Experiment_missing_Down_Up Ratio_1.0.pt",
    "model_type": "CNN-LSTM",
    "label": "Experiment_missing_Down_Up Ratio_1.0",
    "mcc_bin": 0.7298825442794007,
    "mcc_mul": 0.6690110682930686,
    "mean_mcc": 0.6994468062862347,
    "val_loss": 0.7535634716706616,
    "cm_bin": [
        [
            22128,
            203
        ],
        [
            1711,
            2875
        ]
    ],
    "cm_mul": [
        [
            22225,
            2,
            24,
            1,
            0,
            78,
            0,
            0,
            1,
            0,
            0,
            0,
            0
        ],
        [
            0,
            1158,
            1,
            0,
            0,
            0,
            0,
            0,
            0,
            0,
            0,
            0,
            0
        ],
        [
            928,
            0,
            13,
            0,
            0,
            0,
            0,
            0,
            0,
            0,
            0,
            0,
            0
        ],
        [
            62,
            91,
            27,
            602,
            0,
            0,
            0,
            0,
            0,
            0,
            0,
            0,
            0
        ],
        [
            453,
            0,
            13,
            0,
            0,
            0,
            0,
            0,
            0,
            0,
            0,
            0,
            0
        ],
        [
            64,
            1,
            0,
            0,
            0,
            251,
            0,
            0,
            0,
            0,
            0,
            0,
            0
        ],
        [
            32,
            0,
            0,
            0,
            0,
            294,
            0,
            0,
            0,
            0,
            0,
            0,
            0
        ],
        [
            266,
            1,
            0,
            0,
            0,
            3,
            0,
            0,
            0,
            0,
            0,
            0,
            0
        ],
        [
            0,
            0,
            0,
            0,
            0,
            0,
            0,
            0,
            235,
            0,
            0,
            0,
            0
        ],
        [
            36,
            24,
            5,
            0,
            0,
            1,
            1,
            0,
            0,
            0,
            0,
            0,
            0
        ],
        [
            19,
            0,
            0,
            0,
            0,
            0,
            0,
            0,
            0,
            0,
            0,
            0,
            0
        ],
        [
            3,
            0,
            0,
            0,
            0,
            0,
            0,
            0,
            0,
            0,
            0,
            0,
            0
        ],
        [
            2,
            0,
            0,
            0,
            0,
            0,
            0,
            0,
            0,
            0,
            0,
            0,
            0
        ]
    ],
    "feature_importance": {
        "Down/Up Ratio": 0.01083883129123473,
        "Dst Port": 0.5245051837888786,
        "FIN Flag Cnt": 0.0014137606032052646,
        "Flow Pkts/s": 0.10508953817153642,
        "Fwd Pkt Len Max": 0.42271442035815304,
        "Init Bwd Win Byts": 0.10650329877474168,
        "Init Fwd Win Byts": 1.0,
        "Protocol": 0.09189443920829432
    },
    "params": {
        "nb_filters": 32,
        "kernel_size": 3,
        "lstm_units_1": 128,
        "lstm_units_2": 256,
        "dropout": 0.1,
        "lr": 0.0008204643365323959,
        "batch_size": 4096
    },
    "metrics_binary": {
        "task": "Trial Experiment_missing_Down_Up Ratio_1.0 - Binary Task",
        "accuracy": 0.9288925214548427,
        "f1": 0.7502609603340292,
        "mcc": 0.7298825442794007,
        "auc": 0.9398606625843426
    },
    "metrics_multiclass": {
        "task": "Trial Experiment_missing_Down_Up Ratio_1.0 - Multiclass Task",
        "accuracy": 0.9096110264888361,
        "f1": 0.3333234485323254,
        "mcc": 0.6690110682930686,
        "auc": NaN
    }
}