{
    "model": "experiments/cnn_lstm_trial_Experiment_labels_FIN Flag Cnt_20.0.pt",
    "model_type": "CNN-LSTM",
    "label": "Experiment_labels_FIN Flag Cnt_20.0",
    "mcc_bin": 0.7073630756961922,
    "mcc_mul": 0.6293021902248894,
    "mean_mcc": 0.6683326329605408,
    "val_loss": 0.7968747567917619,
    "cm_bin": [
        [
            22006,
            237
        ],
        [
            1834,
            2786
        ]
    ],
    "cm_mul": [
        [
            22088,
            2,
            26,
            0,
            0,
            124,
            0,
            0,
            3,
            0,
            0,
            0,
            0
        ],
        [
            0,
            1170,
            1,
            0,
            0,
            0,
            0,
            0,
            0,
            0,
            0,
            0,
            0
        ],
        [
            975,
            0,
            13,
            0,
            0,
            0,
            0,
            0,
            0,
            0,
            0,
            0,
            0
        ],
        [
            25,
            3,
            229,
            504,
            0,
            0,
            0,
            0,
            0,
            0,
            0,
            0,
            0
        ],
        [
            470,
            0,
            4,
            0,
            0,
            0,
            0,
            0,
            0,
            0,
            0,
            0,
            0
        ],
        [
            7,
            15,
            0,
            0,
            0,
            150,
            0,
            0,
            137,
            0,
            0,
            0,
            0
        ],
        [
            119,
            3,
            2,
            0,
            0,
            190,
            0,
            0,
            0,
            0,
            0,
            0,
            0
        ],
        [
            273,
            0,
            1,
            0,
            0,
            1,
            0,
            0,
            0,
            0,
            0,
            0,
            0
        ],
        [
            0,
            1,
            0,
            0,
            0,
            0,
            0,
            0,
            229,
            0,
            0,
            0,
            0
        ],
        [
            29,
            10,
            32,
            0,
            0,
            4,
            0,
            0,
            0,
            0,
            0,
            0,
            0
        ],
        [
            19,
            0,
            0,
            0,
            0,
            0,
            0,
            0,
            0,
            0,
            0,
            0,
            0
        ],
        [
            3,
            0,
            0,
            0,
            0,
            0,
            0,
            0,
            0,
            0,
            0,
            0,
            0
        ],
        [
            1,
            0,
            0,
            0,
            0,
            0,
            0,
            0,
            0,
            0,
            0,
            0,
            0
        ]
    ],
    "feature_importance": {
        "Down/Up Ratio": 0.009650735294117618,
        "Dst Port": 0.4646139705882356,
        "FIN Flag Cnt": 0.0,
        "Flow Pkts/s": 0.04457720588235313,
        "Fwd Pkt Len Max": 0.4200367647058825,
        "Init Bwd Win Byts": 0.12454044117647131,
        "Init Fwd Win Byts": 1.0,
        "Protocol": 0.1769301470588239
    },
    "params": {
        "nb_filters": 32,
        "kernel_size": 3,
        "lstm_units_1": 128,
        "lstm_units_2": 256,
        "dropout": 0.1,
        "lr": 0.0008204643365323959,
        "batch_size": 4096
    },
    "metrics_binary": {
        "task": "Trial Experiment_labels_FIN Flag Cnt_20.0 - Binary Task",
        "accuracy": 0.9229051111193836,
        "f1": 0.7290331021850058,
        "mcc": 0.7073630756961922,
        "auc": 0.9335052586221494
    },
    "metrics_multiclass": {
        "task": "Trial Experiment_labels_FIN Flag Cnt_20.0 - Multiclass Task",
        "accuracy": 0.8991549715221681,
        "f1": 0.30057615984592156,
        "mcc": 0.6293021902248894,
        "auc": 0.8851282062296453
    }
}