{
    "model": "experiments/cnn_lstm_trial_Experiment_noise_Down_Up Ratio_10.0.pt",
    "model_type": "CNN-LSTM",
    "label": "Experiment_noise_Down_Up Ratio_10.0",
    "mcc_bin": 0.7176031698996984,
    "mcc_mul": 0.6597198675746432,
    "mean_mcc": 0.6886615187371707,
    "val_loss": 0.8028457026396479,
    "cm_bin": [
        [
            22104,
            227
        ],
        [
            1766,
            2820
        ]
    ],
    "cm_mul": [
        [
            22192,
            3,
            19,
            0,
            0,
            108,
            7,
            0,
            2,
            0,
            0,
            0,
            0
        ],
        [
            1,
            1157,
            1,
            0,
            0,
            0,
            0,
            0,
            0,
            0,
            0,
            0,
            0
        ],
        [
            934,
            0,
            7,
            0,
            0,
            0,
            0,
            0,
            0,
            0,
            0,
            0,
            0
        ],
        [
            45,
            69,
            136,
            532,
            0,
            0,
            0,
            0,
            0,
            0,
            0,
            0,
            0
        ],
        [
            466,
            0,
            0,
            0,
            0,
            0,
            0,
            0,
            0,
            0,
            0,
            0,
            0
        ],
        [
            14,
            52,
            0,
            0,
            0,
            239,
            0,
            0,
            11,
            0,
            0,
            0,
            0
        ],
        [
            37,
            177,
            10,
            0,
            0,
            43,
            59,
            0,
            0,
            0,
            0,
            0,
            0
        ],
        [
            268,
            0,
            2,
            0,
            0,
            0,
            0,
            0,
            0,
            0,
            0,
            0,
            0
        ],
        [
            0,
            1,
            0,
            0,
            0,
            0,
            0,
            0,
            234,
            0,
            0,
            0,
            0
        ],
        [
            31,
            5,
            30,
            0,
            0,
            1,
            0,
            0,
            0,
            0,
            0,
            0,
            0
        ],
        [
            19,
            0,
            0,
            0,
            0,
            0,
            0,
            0,
            0,
            0,
            0,
            0,
            0
        ],
        [
            3,
            0,
            0,
            0,
            0,
            0,
            0,
            0,
            0,
            0,
            0,
            0,
            0
        ],
        [
            2,
            0,
            0,
            0,
            0,
            0,
            0,
            0,
            0,
            0,
            0,
            0,
            0
        ]
    ],
    "feature_importance": {
        "Down/Up Ratio": 0.0,
        "Dst Port": 0.6477483035163478,
        "FIN Flag Cnt": 0.0012338062924127373,
        "Flow Pkts/s": 0.1949413942011111,
        "Fwd Pkt Len Max": 0.7914867365823561,
        "Init Bwd Win Byts": 0.11906230721776831,
        "Init Fwd Win Byts": 1.0,
        "Protocol": 0.23257248611967932
    },
    "params": {
        "nb_filters": 32,
        "kernel_size": 3,
        "lstm_units_1": 128,
        "lstm_units_2": 256,
        "dropout": 0.1,
        "lr": 0.0008204643365323959,
        "batch_size": 4096
    },
    "metrics_binary": {
        "task": "Trial Experiment_noise_Down_Up Ratio_10.0 - Binary Task",
        "accuracy": 0.9259575732808263,
        "f1": 0.7388968950609197,
        "mcc": 0.7176031698996984,
        "auc": 0.9355263627370016
    },
    "metrics_multiclass": {
        "task": "Trial Experiment_noise_Down_Up Ratio_10.0 - Multiclass Task",
        "accuracy": 0.9072333469554557,
        "f1": 0.3546117539702975,
        "mcc": 0.6597198675746432,
        "auc": NaN
    }
}