{
    "model": "experiments/cnn_lstm_trial_Experiment_noise_Down_Up Ratio_30.0.pt",
    "model_type": "CNN-LSTM",
    "label": "Experiment_noise_Down_Up Ratio_30.0",
    "mcc_bin": 0.715974604723839,
    "mcc_mul": 0.568899593360838,
    "mean_mcc": 0.6424370990423385,
    "val_loss": 0.7946298397811395,
    "cm_bin": [
        [
            22208,
            123
        ],
        [
            1884,
            2702
        ]
    ],
    "cm_mul": [
        [
            22289,
            39,
            0,
            3,
            0,
            0,
            0,
            0,
            0,
            0,
            0,
            0,
            0
        ],
        [
            1,
            1157,
            0,
            1,
            0,
            0,
            0,
            0,
            0,
            0,
            0,
            0,
            0
        ],
        [
            937,
            2,
            1,
            1,
            0,
            0,
            0,
            0,
            0,
            0,
            0,
            0,
            0
        ],
        [
            93,
            385,
            0,
            304,
            0,
            0,
            0,
            0,
            0,
            0,
            0,
            0,
            0
        ],
        [
            465,
            1,
            0,
            0,
            0,
            0,
            0,
            0,
            0,
            0,
            0,
            0,
            0
        ],
        [
            108,
            207,
            0,
            0,
            0,
            0,
            0,
            0,
            1,
            0,
            0,
            0,
            0
        ],
        [
            171,
            155,
            0,
            0,
            0,
            0,
            0,
            0,
            0,
            0,
            0,
            0,
            0
        ],
        [
            269,
            1,
            0,
            0,
            0,
            0,
            0,
            0,
            0,
            0,
            0,
            0,
            0
        ],
        [
            54,
            61,
            0,
            0,
            0,
            0,
            0,
            0,
            120,
            0,
            0,
            0,
            0
        ],
        [
            42,
            25,
            0,
            0,
            0,
            0,
            0,
            0,
            0,
            0,
            0,
            0,
            0
        ],
        [
            19,
            0,
            0,
            0,
            0,
            0,
            0,
            0,
            0,
            0,
            0,
            0,
            0
        ],
        [
            3,
            0,
            0,
            0,
            0,
            0,
            0,
            0,
            0,
            0,
            0,
            0,
            0
        ],
        [
            2,
            0,
            0,
            0,
            0,
            0,
            0,
            0,
            0,
            0,
            0,
            0,
            0
        ]
    ],
    "feature_importance": {
        "Down/Up Ratio": 0.0,
        "Dst Port": 0.47503499766682167,
        "FIN Flag Cnt": 0.000933271115259472,
        "Flow Pkts/s": 0.13579094727018207,
        "Fwd Pkt Len Max": 0.382174521698553,
        "Init Bwd Win Byts": 0.06252916472235116,
        "Init Fwd Win Byts": 1.0,
        "Protocol": 0.2104526364909008
    },
    "params": {
        "nb_filters": 32,
        "kernel_size": 3,
        "lstm_units_1": 128,
        "lstm_units_2": 256,
        "dropout": 0.1,
        "lr": 0.0008204643365323959,
        "batch_size": 4096
    },
    "metrics_binary": {
        "task": "Trial Experiment_noise_Down_Up Ratio_30.0 - Binary Task",
        "accuracy": 0.9254374558828993,
        "f1": 0.7291863446228579,
        "mcc": 0.715974604723839,
        "auc": 0.9446887034412257
    },
    "metrics_multiclass": {
        "task": "Trial Experiment_noise_Down_Up Ratio_30.0 - Multiclass Task",
        "accuracy": 0.886837314708177,
        "f1": 0.2239501391508948,
        "mcc": 0.568899593360838,
        "auc": NaN
    }
}