{
    "model": "experiments/cnn_lstm_trial_Experiment_noise_FIN Flag Cnt_50.0.pt",
    "model_type": "CNN-LSTM",
    "label": "Experiment_noise_FIN Flag Cnt_50.0",
    "mcc_bin": 0.713375381341879,
    "mcc_mul": 0.6200923810523806,
    "mean_mcc": 0.6667338811971297,
    "val_loss": 0.7839981885626912,
    "cm_bin": [
        [
            21940,
            303
        ],
        [
            1731,
            2889
        ]
    ],
    "cm_mul": [
        [
            22036,
            6,
            26,
            0,
            0,
            171,
            0,
            0,
            4,
            0,
            0,
            0,
            0
        ],
        [
            1,
            1170,
            0,
            0,
            0,
            0,
            0,
            0,
            0,
            0,
            0,
            0,
            0
        ],
        [
            954,
            0,
            34,
            0,
            0,
            0,
            0,
            0,
            0,
            0,
            0,
            0,
            0
        ],
        [
            51,
            52,
            317,
            340,
            0,
            0,
            1,
            0,
            0,
            0,
            0,
            0,
            0
        ],
        [
            466,
            0,
            8,
            0,
            0,
            0,
            0,
            0,
            0,
            0,
            0,
            0,
            0
        ],
        [
            8,
            11,
            0,
            0,
            0,
            267,
            0,
            0,
            23,
            0,
            0,
            0,
            0
        ],
        [
            59,
            64,
            1,
            0,
            0,
            190,
            0,
            0,
            0,
            0,
            0,
            0,
            0
        ],
        [
            260,
            0,
            2,
            0,
            0,
            13,
            0,
            0,
            0,
            0,
            0,
            0,
            0
        ],
        [
            0,
            1,
            0,
            0,
            0,
            0,
            0,
            0,
            229,
            0,
            0,
            0,
            0
        ],
        [
            33,
            20,
            21,
            0,
            0,
            1,
            0,
            0,
            0,
            0,
            0,
            0,
            0
        ],
        [
            19,
            0,
            0,
            0,
            0,
            0,
            0,
            0,
            0,
            0,
            0,
            0,
            0
        ],
        [
            3,
            0,
            0,
            0,
            0,
            0,
            0,
            0,
            0,
            0,
            0,
            0,
            0
        ],
        [
            1,
            0,
            0,
            0,
            0,
            0,
            0,
            0,
            0,
            0,
            0,
            0,
            0
        ]
    ],
    "feature_importance": {
        "Down/Up Ratio": 0.0,
        "Dst Port": 0.5462686567164168,
        "FIN Flag Cnt": 0.0,
        "Flow Pkts/s": 0.13731343283582081,
        "Fwd Pkt Len Max": 0.47860696517412854,
        "Init Bwd Win Byts": 0.11791044776119297,
        "Init Fwd Win Byts": 1.0,
        "Protocol": 0.11840796019900406
    },
    "params": {
        "nb_filters": 32,
        "kernel_size": 3,
        "lstm_units_1": 128,
        "lstm_units_2": 256,
        "dropout": 0.1,
        "lr": 0.0008204643365323959,
        "batch_size": 4096
    },
    "metrics_binary": {
        "task": "Trial Experiment_noise_FIN Flag Cnt_50.0 - Binary Task",
        "accuracy": 0.9242824703123255,
        "f1": 0.7396313364055299,
        "mcc": 0.713375381341879,
        "auc": 0.9386141182020784
    },
    "metrics_multiclass": {
        "task": "Trial Experiment_noise_FIN Flag Cnt_50.0 - Multiclass Task",
        "accuracy": 0.8962513494397498,
        "f1": 0.3125674593323542,
        "mcc": 0.6200923810523806,
        "auc": 0.9205009808097728
    }
}