{
    "model": "experiments/cnn_lstm_trial_Experiment_labels_FIN Flag Cnt_30.0.pt",
    "model_type": "CNN-LSTM",
    "label": "Experiment_labels_FIN Flag Cnt_30.0",
    "mcc_bin": 0.7298940382074823,
    "mcc_mul": 0.72286878151485,
    "mean_mcc": 0.7263814098611662,
    "val_loss": 0.782230669632554,
    "cm_bin": [
        [
            22170,
            161
        ],
        [
            1754,
            2832
        ]
    ],
    "cm_mul": [
        [
            22227,
            3,
            12,
            0,
            0,
            80,
            8,
            0,
            1,
            0,
            0,
            0,
            0
        ],
        [
            1,
            1158,
            0,
            0,
            0,
            0,
            0,
            0,
            0,
            0,
            0,
            0,
            0
        ],
        [
            907,
            0,
            34,
            0,
            0,
            0,
            0,
            0,
            0,
            0,
            0,
            0,
            0
        ],
        [
            66,
            53,
            7,
            639,
            0,
            0,
            17,
            0,
            0,
            0,
            0,
            0,
            0
        ],
        [
            463,
            0,
            3,
            0,
            0,
            0,
            0,
            0,
            0,
            0,
            0,
            0,
            0
        ],
        [
            3,
            1,
            0,
            0,
            0,
            311,
            0,
            0,
            1,
            0,
            0,
            0,
            0
        ],
        [
            77,
            5,
            1,
            0,
            0,
            5,
            238,
            0,
            0,
            0,
            0,
            0,
            0
        ],
        [
            270,
            0,
            0,
            0,
            0,
            0,
            0,
            0,
            0,
            0,
            0,
            0,
            0
        ],
        [
            0,
            0,
            0,
            0,
            0,
            0,
            0,
            0,
            235,
            0,
            0,
            0,
            0
        ],
        [
            34,
            0,
            11,
            0,
            0,
            0,
            22,
            0,
            0,
            0,
            0,
            0,
            0
        ],
        [
            19,
            0,
            0,
            0,
            0,
            0,
            0,
            0,
            0,
            0,
            0,
            0,
            0
        ],
        [
            3,
            0,
            0,
            0,
            0,
            0,
            0,
            0,
            0,
            0,
            0,
            0,
            0
        ],
        [
            2,
            0,
            0,
            0,
            0,
            0,
            0,
            0,
            0,
            0,
            0,
            0,
            0
        ]
    ],
    "feature_importance": {
        "Down/Up Ratio": 0.09532267613972803,
        "Dst Port": 0.5458851391355825,
        "FIN Flag Cnt": 0.0,
        "Flow Pkts/s": 0.10775606867969194,
        "Fwd Pkt Len Max": 0.6145648312611011,
        "Init Bwd Win Byts": 0.09413854351687365,
        "Init Fwd Win Byts": 1.0,
        "Protocol": 0.14328004736530564
    },
    "params": {
        "nb_filters": 32,
        "kernel_size": 3,
        "lstm_units_1": 128,
        "lstm_units_2": 256,
        "dropout": 0.1,
        "lr": 0.0008204643365323959,
        "batch_size": 4096
    },
    "metrics_binary": {
        "task": "Trial Experiment_labels_FIN Flag Cnt_30.0 - Binary Task",
        "accuracy": 0.9288553702121336,
        "f1": 0.7473281435545587,
        "mcc": 0.7298940382074823,
        "auc": 0.946847228716002
    },
    "metrics_multiclass": {
        "task": "Trial Experiment_labels_FIN Flag Cnt_30.0 - Multiclass Task",
        "accuracy": 0.9229111713786826,
        "f1": 0.42666813433294776,
        "mcc": 0.72286878151485,
        "auc": NaN
    }
}