{
    "model": "experiments/cnn_lstm_trial_Experiment_labels_Protocol_20.0.pt",
    "model_type": "CNN-LSTM",
    "label": "Experiment_labels_Protocol_20.0",
    "mcc_bin": 0.7186190655138339,
    "mcc_mul": 0.6851214949700563,
    "mean_mcc": 0.7018702802419451,
    "val_loss": 0.7940015428300414,
    "cm_bin": [
        [
            22048,
            195
        ],
        [
            1804,
            2816
        ]
    ],
    "cm_mul": [
        [
            22171,
            6,
            0,
            1,
            0,
            46,
            17,
            0,
            2,
            0,
            0,
            0,
            0
        ],
        [
            1,
            1167,
            0,
            3,
            0,
            0,
            0,
            0,
            0,
            0,
            0,
            0,
            0
        ],
        [
            988,
            0,
            0,
            0,
            0,
            0,
            0,
            0,
            0,
            0,
            0,
            0,
            0
        ],
        [
            59,
            12,
            0,
            690,
            0,
            0,
            0,
            0,
            0,
            0,
            0,
            0,
            0
        ],
        [
            471,
            0,
            0,
            0,
            0,
            3,
            0,
            0,
            0,
            0,
            0,
            0,
            0
        ],
        [
            23,
            69,
            0,
            0,
            0,
            217,
            0,
            0,
            0,
            0,
            0,
            0,
            0
        ],
        [
            50,
            73,
            0,
            0,
            0,
            141,
            50,
            0,
            0,
            0,
            0,
            0,
            0
        ],
        [
            272,
            0,
            0,
            0,
            0,
            3,
            0,
            0,
            0,
            0,
            0,
            0,
            0
        ],
        [
            0,
            2,
            0,
            0,
            0,
            0,
            0,
            0,
            228,
            0,
            0,
            0,
            0
        ],
        [
            27,
            43,
            0,
            1,
            0,
            4,
            0,
            0,
            0,
            0,
            0,
            0,
            0
        ],
        [
            19,
            0,
            0,
            0,
            0,
            0,
            0,
            0,
            0,
            0,
            0,
            0,
            0
        ],
        [
            3,
            0,
            0,
            0,
            0,
            0,
            0,
            0,
            0,
            0,
            0,
            0,
            0
        ],
        [
            1,
            0,
            0,
            0,
            0,
            0,
            0,
            0,
            0,
            0,
            0,
            0,
            0
        ]
    ],
    "feature_importance": {
        "Down/Up Ratio": 0.17584638706417338,
        "Dst Port": 0.40323395654370897,
        "FIN Flag Cnt": 0.0005053057099546641,
        "Flow Pkts/s": 0.2061647296614457,
        "Fwd Pkt Len Max": 0.5861546235472461,
        "Init Bwd Win Byts": 0.0828701364325423,
        "Init Fwd Win Byts": 1.0,
        "Protocol": 0.007579585649318455
    },
    "params": {
        "nb_filters": 32,
        "kernel_size": 3,
        "lstm_units_1": 128,
        "lstm_units_2": 256,
        "dropout": 0.1,
        "lr": 0.0008204643365323959,
        "batch_size": 4096
    },
    "metrics_binary": {
        "task": "Trial Experiment_labels_Protocol_20.0 - Binary Task",
        "accuracy": 0.9255853776570003,
        "f1": 0.7380421963045473,
        "mcc": 0.7186190655138339,
        "auc": 0.9332113337665647
    },
    "metrics_multiclass": {
        "task": "Trial Experiment_labels_Protocol_20.0 - Multiclass Task",
        "accuracy": 0.9128913375274541,
        "f1": 0.3597535172732915,
        "mcc": 0.6851214949700563,
        "auc": 0.9185289911169198
    }
}