{
    "model": "experiments/cnn_lstm_trial_Experiment_noise_Down_Up Ratio_5.0.pt",
    "model_type": "CNN-LSTM",
    "label": "Experiment_noise_Down_Up Ratio_5.0",
    "mcc_bin": 0.713384225542678,
    "mcc_mul": 0.5340989313323188,
    "mean_mcc": 0.6237415784374984,
    "val_loss": 0.8131562814648662,
    "cm_bin": [
        [
            22109,
            222
        ],
        [
            1798,
            2788
        ]
    ],
    "cm_mul": [
        [
            22168,
            36,
            3,
            4,
            0,
            113,
            6,
            0,
            1,
            0,
            0,
            0,
            0
        ],
        [
            1,
            593,
            0,
            565,
            0,
            0,
            0,
            0,
            0,
            0,
            0,
            0,
            0
        ],
        [
            938,
            0,
            2,
            1,
            0,
            0,
            0,
            0,
            0,
            0,
            0,
            0,
            0
        ],
        [
            350,
            8,
            41,
            383,
            0,
            0,
            0,
            0,
            0,
            0,
            0,
            0,
            0
        ],
        [
            465,
            0,
            1,
            0,
            0,
            0,
            0,
            0,
            0,
            0,
            0,
            0,
            0
        ],
        [
            13,
            9,
            0,
            0,
            0,
            256,
            0,
            0,
            38,
            0,
            0,
            0,
            0
        ],
        [
            109,
            196,
            0,
            0,
            0,
            10,
            11,
            0,
            0,
            0,
            0,
            0,
            0
        ],
        [
            248,
            6,
            0,
            0,
            0,
            16,
            0,
            0,
            0,
            0,
            0,
            0,
            0
        ],
        [
            0,
            0,
            0,
            0,
            0,
            0,
            0,
            0,
            235,
            0,
            0,
            0,
            0
        ],
        [
            45,
            19,
            1,
            2,
            0,
            0,
            0,
            0,
            0,
            0,
            0,
            0,
            0
        ],
        [
            19,
            0,
            0,
            0,
            0,
            0,
            0,
            0,
            0,
            0,
            0,
            0,
            0
        ],
        [
            3,
            0,
            0,
            0,
            0,
            0,
            0,
            0,
            0,
            0,
            0,
            0,
            0
        ],
        [
            2,
            0,
            0,
            0,
            0,
            0,
            0,
            0,
            0,
            0,
            0,
            0,
            0
        ]
    ],
    "feature_importance": {
        "Down/Up Ratio": 0.0005165289256185622,
        "Dst Port": 0.6064049586776862,
        "FIN Flag Cnt": 0.0015495867768587739,
        "Flow Pkts/s": 0.17458677685950313,
        "Fwd Pkt Len Max": 0.5180785123966944,
        "Init Bwd Win Byts": 0.2004132231404961,
        "Init Fwd Win Byts": 1.0,
        "Protocol": 0.2654958677685939
    },
    "params": {
        "nb_filters": 32,
        "kernel_size": 3,
        "lstm_units_1": 128,
        "lstm_units_2": 256,
        "dropout": 0.1,
        "lr": 0.0008204643365323959,
        "batch_size": 4096
    },
    "metrics_binary": {
        "task": "Trial Experiment_noise_Down_Up Ratio_5.0 - Binary Task",
        "accuracy": 0.9249544897276814,
        "f1": 0.7340705634544498,
        "mcc": 0.713384225542678,
        "auc": 0.9412761498231529
    },
    "metrics_multiclass": {
        "task": "Trial Experiment_noise_Down_Up Ratio_5.0 - Multiclass Task",
        "accuracy": 0.8785525875840546,
        "f1": 0.28366138036862315,
        "mcc": 0.5340989313323188,
        "auc": NaN
    }
}