{
    "model": "experiments/cnn_lstm_trial_Experiment_outliers_Down_Up Ratio_50.0.pt",
    "model_type": "CNN-LSTM",
    "label": "Experiment_outliers_Down_Up Ratio_50.0",
    "mcc_bin": 0.7759591381448293,
    "mcc_mul": 0.7683210425140486,
    "mean_mcc": 0.772140090329439,
    "val_loss": 0.5598065235785076,
    "cm_bin": [
        [
            22252,
            79
        ],
        [
            1536,
            3050
        ]
    ],
    "cm_mul": [
        [
            22284,
            0,
            0,
            6,
            32,
            2,
            6,
            0,
            1,
            0,
            0,
            0,
            0
        ],
        [
            1,
            1155,
            0,
            3,
            0,
            0,
            0,
            0,
            0,
            0,
            0,
            0,
            0
        ],
        [
            940,
            0,
            0,
            1,
            0,
            0,
            0,
            0,
            0,
            0,
            0,
            0,
            0
        ],
        [
            16,
            0,
            0,
            766,
            0,
            0,
            0,
            0,
            0,
            0,
            0,
            0,
            0
        ],
        [
            343,
            0,
            0,
            0,
            123,
            0,
            0,
            0,
            0,
            0,
            0,
            0,
            0
        ],
        [
            2,
            0,
            0,
            0,
            0,
            267,
            0,
            0,
            47,
            0,
            0,
            0,
            0
        ],
        [
            8,
            0,
            0,
            0,
            5,
            0,
            313,
            0,
            0,
            0,
            0,
            0,
            0
        ],
        [
            270,
            0,
            0,
            0,
            0,
            0,
            0,
            0,
            0,
            0,
            0,
            0,
            0
        ],
        [
            0,
            0,
            0,
            0,
            0,
            0,
            0,
            0,
            235,
            0,
            0,
            0,
            0
        ],
        [
            34,
            0,
            0,
            10,
            18,
            0,
            2,
            0,
            0,
            3,
            0,
            0,
            0
        ],
        [
            19,
            0,
            0,
            0,
            0,
            0,
            0,
            0,
            0,
            0,
            0,
            0,
            0
        ],
        [
            3,
            0,
            0,
            0,
            0,
            0,
            0,
            0,
            0,
            0,
            0,
            0,
            0
        ],
        [
            2,
            0,
            0,
            0,
            0,
            0,
            0,
            0,
            0,
            0,
            0,
            0,
            0
        ]
    ],
    "feature_importance": {
        "Down/Up Ratio": 0.000558971492454178,
        "Dst Port": 0.6551145891559526,
        "FIN Flag Cnt": 0.0022358859698150416,
        "Flow Pkts/s": 0.17998882057015012,
        "Fwd Pkt Len Max": 0.5254332029066517,
        "Init Bwd Win Byts": 0.12073784237003898,
        "Init Fwd Win Byts": 1.0,
        "Protocol": 0.10285075461151363
    },
    "params": {
        "nb_filters": 32,
        "kernel_size": 3,
        "lstm_units_1": 128,
        "lstm_units_2": 256,
        "dropout": 0.1,
        "lr": 0.0008204643365323959,
        "batch_size": 4096
    },
    "metrics_binary": {
        "task": "Trial Experiment_outliers_Down_Up Ratio_50.0 - Binary Task",
        "accuracy": 0.9400007430248541,
        "f1": 0.7906675307841866,
        "mcc": 0.7759591381448293,
        "auc": 0.9648941051303542
    },
    "metrics_multiclass": {
        "task": "Trial Experiment_outliers_Down_Up Ratio_50.0 - Multiclass Task",
        "accuracy": 0.9342051491622395,
        "f1": 0.47648330198691463,
        "mcc": 0.7683210425140486,
        "auc": NaN
    }
}