{
    "model": "experiments/cnn_lstm_trial_Experiment_noise_Protocol_50.0.pt",
    "model_type": "CNN-LSTM",
    "label": "Experiment_noise_Protocol_50.0",
    "mcc_bin": 0.7204258018066403,
    "mcc_mul": 0.6990320966515119,
    "mean_mcc": 0.7097289492290761,
    "val_loss": 0.8162424564361572,
    "cm_bin": [
        [
            22148,
            95
        ],
        [
            1898,
            2722
        ]
    ],
    "cm_mul": [
        [
            22186,
            0,
            19,
            1,
            0,
            12,
            24,
            0,
            1,
            0,
            0,
            0,
            0
        ],
        [
            1,
            1170,
            0,
            0,
            0,
            0,
            0,
            0,
            0,
            0,
            0,
            0,
            0
        ],
        [
            983,
            0,
            5,
            0,
            0,
            0,
            0,
            0,
            0,
            0,
            0,
            0,
            0
        ],
        [
            17,
            51,
            65,
            628,
            0,
            0,
            0,
            0,
            0,
            0,
            0,
            0,
            0
        ],
        [
            471,
            0,
            3,
            0,
            0,
            0,
            0,
            0,
            0,
            0,
            0,
            0,
            0
        ],
        [
            99,
            3,
            0,
            0,
            0,
            192,
            15,
            0,
            0,
            0,
            0,
            0,
            0
        ],
        [
            96,
            0,
            3,
            0,
            0,
            0,
            215,
            0,
            0,
            0,
            0,
            0,
            0
        ],
        [
            271,
            0,
            2,
            0,
            0,
            0,
            2,
            0,
            0,
            0,
            0,
            0,
            0
        ],
        [
            0,
            1,
            0,
            0,
            0,
            3,
            0,
            0,
            226,
            0,
            0,
            0,
            0
        ],
        [
            20,
            1,
            51,
            0,
            0,
            0,
            3,
            0,
            0,
            0,
            0,
            0,
            0
        ],
        [
            19,
            0,
            0,
            0,
            0,
            0,
            0,
            0,
            0,
            0,
            0,
            0,
            0
        ],
        [
            2,
            0,
            1,
            0,
            0,
            0,
            0,
            0,
            0,
            0,
            0,
            0,
            0
        ],
        [
            1,
            0,
            0,
            0,
            0,
            0,
            0,
            0,
            0,
            0,
            0,
            0,
            0
        ]
    ],
    "feature_importance": {
        "Down/Up Ratio": 0.07430582714118096,
        "Dst Port": 0.3015252248728975,
        "FIN Flag Cnt": 0.0,
        "Flow Pkts/s": 0.10441924129839558,
        "Fwd Pkt Len Max": 0.49745795854517,
        "Init Bwd Win Byts": 0.042628079780992506,
        "Init Fwd Win Byts": 1.0,
        "Protocol": 0.003910833007430515
    },
    "params": {
        "nb_filters": 32,
        "kernel_size": 3,
        "lstm_units_1": 128,
        "lstm_units_2": 256,
        "dropout": 0.1,
        "lr": 0.0008204643365323959,
        "batch_size": 4096
    },
    "metrics_binary": {
        "task": "Trial Experiment_noise_Protocol_50.0 - Binary Task",
        "accuracy": 0.9258087332018017,
        "f1": 0.7320155976872394,
        "mcc": 0.7204258018066403,
        "auc": 0.9300151095738473
    },
    "metrics_multiclass": {
        "task": "Trial Experiment_noise_Protocol_50.0 - Multiclass Task",
        "accuracy": 0.9165767040166772,
        "f1": 0.4098770424297331,
        "mcc": 0.6990320966515119,
        "auc": 0.9198036742808582
    }
}