{
    "model": "experiments/cnn_lstm_trial_Experiment_outliers_Down_Up Ratio_5.0.pt",
    "model_type": "CNN-LSTM",
    "label": "Experiment_outliers_Down_Up Ratio_5.0",
    "mcc_bin": 0.7704691568249015,
    "mcc_mul": 0.7754895376406864,
    "mean_mcc": 0.7729793472327939,
    "val_loss": 0.5251032332224506,
    "cm_bin": [
        [
            22201,
            129
        ],
        [
            1520,
            3067
        ]
    ],
    "cm_mul": [
        [
            22212,
            0,
            0,
            0,
            83,
            20,
            15,
            0,
            0,
            0,
            0,
            0,
            0
        ],
        [
            1,
            1159,
            0,
            0,
            0,
            0,
            0,
            0,
            0,
            0,
            0,
            0,
            0
        ],
        [
            949,
            0,
            0,
            0,
            0,
            0,
            0,
            0,
            0,
            0,
            0,
            0,
            0
        ],
        [
            20,
            0,
            0,
            800,
            1,
            0,
            0,
            0,
            0,
            0,
            0,
            0,
            0
        ],
        [
            237,
            0,
            0,
            0,
            177,
            0,
            0,
            0,
            0,
            0,
            0,
            0,
            0
        ],
        [
            10,
            0,
            0,
            0,
            0,
            304,
            0,
            0,
            5,
            0,
            0,
            0,
            0
        ],
        [
            12,
            0,
            0,
            0,
            0,
            18,
            295,
            0,
            0,
            5,
            0,
            0,
            0
        ],
        [
            263,
            0,
            0,
            0,
            0,
            1,
            0,
            0,
            0,
            0,
            0,
            0,
            0
        ],
        [
            0,
            0,
            0,
            0,
            0,
            0,
            0,
            0,
            235,
            0,
            0,
            0,
            0
        ],
        [
            15,
            0,
            0,
            1,
            35,
            0,
            3,
            0,
            1,
            13,
            0,
            0,
            0
        ],
        [
            23,
            0,
            0,
            0,
            0,
            0,
            0,
            0,
            0,
            0,
            0,
            0,
            0
        ],
        [
            3,
            0,
            0,
            0,
            0,
            0,
            0,
            0,
            0,
            0,
            0,
            0,
            0
        ],
        [
            1,
            0,
            0,
            0,
            0,
            0,
            0,
            0,
            0,
            0,
            0,
            0,
            0
        ]
    ],
    "feature_importance": {
        "Down/Up Ratio": 0.001998401278976672,
        "Dst Port": 0.6418864908073538,
        "FIN Flag Cnt": 0.0,
        "Flow Pkts/s": 0.11870503597122316,
        "Fwd Pkt Len Max": 0.39208633093525197,
        "Init Bwd Win Byts": 0.11830535571542758,
        "Init Fwd Win Byts": 1.0,
        "Protocol": 0.12070343725019983
    },
    "params": {
        "nb_filters": 32,
        "kernel_size": 3,
        "lstm_units_1": 128,
        "lstm_units_2": 256,
        "dropout": 0.1,
        "lr": 0.0008204643365323959,
        "batch_size": 4096
    },
    "metrics_binary": {
        "task": "Trial Experiment_outliers_Down_Up Ratio_5.0 - Binary Task",
        "accuracy": 0.9387376007727458,
        "f1": 0.7881279712193242,
        "mcc": 0.7704691568249015,
        "auc": 0.9625283626862301
    },
    "metrics_multiclass": {
        "task": "Trial Experiment_outliers_Down_Up Ratio_5.0 - Multiclass Task",
        "accuracy": 0.9360255600549838,
        "f1": 0.5057281873239247,
        "mcc": 0.7754895376406864,
        "auc": NaN
    }
}