{
    "model": "experiments/cnn_lstm_trial_Experiment_labels_Protocol_50.0.pt",
    "model_type": "CNN-LSTM",
    "label": "Experiment_labels_Protocol_50.0",
    "mcc_bin": 0.6913037662567084,
    "mcc_mul": 0.6161829809190931,
    "mean_mcc": 0.6537433735879008,
    "val_loss": 0.9198517171399934,
    "cm_bin": [
        [
            21842,
            401
        ],
        [
            1780,
            2840
        ]
    ],
    "cm_mul": [
        [
            21991,
            74,
            0,
            2,
            0,
            156,
            0,
            0,
            20,
            0,
            0,
            0,
            0
        ],
        [
            1,
            1149,
            0,
            21,
            0,
            0,
            0,
            0,
            0,
            0,
            0,
            0,
            0
        ],
        [
            988,
            0,
            0,
            0,
            0,
            0,
            0,
            0,
            0,
            0,
            0,
            0,
            0
        ],
        [
            61,
            169,
            0,
            531,
            0,
            0,
            0,
            0,
            0,
            0,
            0,
            0,
            0
        ],
        [
            474,
            0,
            0,
            0,
            0,
            0,
            0,
            0,
            0,
            0,
            0,
            0,
            0
        ],
        [
            9,
            110,
            0,
            0,
            0,
            139,
            0,
            0,
            51,
            0,
            0,
            0,
            0
        ],
        [
            41,
            271,
            0,
            0,
            0,
            2,
            0,
            0,
            0,
            0,
            0,
            0,
            0
        ],
        [
            266,
            7,
            0,
            0,
            0,
            2,
            0,
            0,
            0,
            0,
            0,
            0,
            0
        ],
        [
            0,
            1,
            0,
            0,
            0,
            0,
            0,
            0,
            229,
            0,
            0,
            0,
            0
        ],
        [
            28,
            47,
            0,
            0,
            0,
            0,
            0,
            0,
            0,
            0,
            0,
            0,
            0
        ],
        [
            19,
            0,
            0,
            0,
            0,
            0,
            0,
            0,
            0,
            0,
            0,
            0,
            0
        ],
        [
            3,
            0,
            0,
            0,
            0,
            0,
            0,
            0,
            0,
            0,
            0,
            0,
            0
        ],
        [
            1,
            0,
            0,
            0,
            0,
            0,
            0,
            0,
            0,
            0,
            0,
            0,
            0
        ]
    ],
    "feature_importance": {
        "Down/Up Ratio": 0.052068805206879926,
        "Dst Port": 0.4463040446304053,
        "FIN Flag Cnt": 0.0,
        "Flow Pkts/s": 0.16132031613203127,
        "Fwd Pkt Len Max": 0.49418874941887536,
        "Init Bwd Win Byts": 0.08554160855416136,
        "Init Fwd Win Byts": 1.0,
        "Protocol": 0.009762900976290073
    },
    "params": {
        "nb_filters": 32,
        "kernel_size": 3,
        "lstm_units_1": 128,
        "lstm_units_2": 256,
        "dropout": 0.1,
        "lr": 0.0008204643365323959,
        "batch_size": 4096
    },
    "metrics_binary": {
        "task": "Trial Experiment_labels_Protocol_50.0 - Binary Task",
        "accuracy": 0.9188102594646912,
        "f1": 0.7225543823940974,
        "mcc": 0.6913037662567084,
        "auc": 0.9029267683417304
    },
    "metrics_multiclass": {
        "task": "Trial Experiment_labels_Protocol_50.0 - Multiclass Task",
        "accuracy": 0.8948739902468079,
        "f1": 0.2960605432388393,
        "mcc": 0.6161829809190931,
        "auc": 0.8967234830439555
    }
}