{
    "model": "experiments/cnn_lstm_trial_Experiment_outliers_Protocol_20.0.pt",
    "model_type": "CNN-LSTM",
    "label": "Experiment_outliers_Protocol_20.0",
    "mcc_bin": 0.7323702478294211,
    "mcc_mul": 0.7349531265970843,
    "mean_mcc": 0.7336616872132526,
    "val_loss": 0.6295511113213641,
    "cm_bin": [
        [
            22091,
            152
        ],
        [
            1759,
            2861
        ]
    ],
    "cm_mul": [
        [
            22138,
            3,
            0,
            8,
            0,
            84,
            8,
            0,
            1,
            1,
            0,
            0,
            0
        ],
        [
            1,
            1169,
            0,
            1,
            0,
            0,
            0,
            0,
            0,
            0,
            0,
            0,
            0
        ],
        [
            985,
            0,
            0,
            3,
            0,
            0,
            0,
            0,
            0,
            0,
            0,
            0,
            0
        ],
        [
            16,
            3,
            0,
            742,
            0,
            0,
            0,
            0,
            0,
            0,
            0,
            0,
            0
        ],
        [
            470,
            0,
            0,
            4,
            0,
            0,
            0,
            0,
            0,
            0,
            0,
            0,
            0
        ],
        [
            7,
            0,
            0,
            0,
            0,
            302,
            0,
            0,
            0,
            0,
            0,
            0,
            0
        ],
        [
            25,
            2,
            0,
            0,
            0,
            23,
            264,
            0,
            0,
            0,
            0,
            0,
            0
        ],
        [
            275,
            0,
            0,
            0,
            0,
            0,
            0,
            0,
            0,
            0,
            0,
            0,
            0
        ],
        [
            0,
            0,
            0,
            0,
            0,
            0,
            0,
            0,
            230,
            0,
            0,
            0,
            0
        ],
        [
            27,
            9,
            0,
            14,
            0,
            0,
            19,
            0,
            0,
            6,
            0,
            0,
            0
        ],
        [
            19,
            0,
            0,
            0,
            0,
            0,
            0,
            0,
            0,
            0,
            0,
            0,
            0
        ],
        [
            3,
            0,
            0,
            0,
            0,
            0,
            0,
            0,
            0,
            0,
            0,
            0,
            0
        ],
        [
            1,
            0,
            0,
            0,
            0,
            0,
            0,
            0,
            0,
            0,
            0,
            0,
            0
        ]
    ],
    "feature_importance": {
        "Down/Up Ratio": 0.0,
        "Dst Port": 0.5229202037351438,
        "FIN Flag Cnt": 0.0,
        "Flow Pkts/s": 0.10568760611205479,
        "Fwd Pkt Len Max": 0.41765704584040786,
        "Init Bwd Win Byts": 0.06281833616298797,
        "Init Fwd Win Byts": 1.0,
        "Protocol": 0.007640067911715643
    },
    "params": {
        "nb_filters": 32,
        "kernel_size": 3,
        "lstm_units_1": 128,
        "lstm_units_2": 256,
        "dropout": 0.1,
        "lr": 0.0008204643365323959,
        "batch_size": 4096
    },
    "metrics_binary": {
        "task": "Trial Experiment_outliers_Protocol_20.0 - Binary Task",
        "accuracy": 0.9288612589807542,
        "f1": 0.7496397222586139,
        "mcc": 0.7323702478294211,
        "auc": 0.9537429889417032
    },
    "metrics_multiclass": {
        "task": "Trial Experiment_outliers_Protocol_20.0 - Multiclass Task",
        "accuracy": 0.9251014406432639,
        "f1": 0.4443267836659093,
        "mcc": 0.7349531265970843,
        "auc": NaN
    }
}