{
    "model": "experiments/cnn_lstm_trial_Experiment_noise_FIN Flag Cnt_20.0.pt",
    "model_type": "CNN-LSTM",
    "label": "Experiment_noise_FIN Flag Cnt_20.0",
    "mcc_bin": 0.7309166849797388,
    "mcc_mul": 0.6866206506540167,
    "mean_mcc": 0.7087686678168778,
    "val_loss": 0.7826973839796015,
    "cm_bin": [
        [
            22160,
            171
        ],
        [
            1737,
            2849
        ]
    ],
    "cm_mul": [
        [
            22232,
            7,
            10,
            0,
            0,
            40,
            41,
            0,
            1,
            0,
            0,
            0,
            0
        ],
        [
            1,
            1157,
            1,
            0,
            0,
            0,
            0,
            0,
            0,
            0,
            0,
            0,
            0
        ],
        [
            936,
            0,
            5,
            0,
            0,
            0,
            0,
            0,
            0,
            0,
            0,
            0,
            0
        ],
        [
            33,
            31,
            124,
            591,
            0,
            0,
            3,
            0,
            0,
            0,
            0,
            0,
            0
        ],
        [
            463,
            0,
            3,
            0,
            0,
            0,
            0,
            0,
            0,
            0,
            0,
            0,
            0
        ],
        [
            23,
            56,
            0,
            0,
            0,
            231,
            0,
            0,
            6,
            0,
            0,
            0,
            0
        ],
        [
            11,
            156,
            0,
            0,
            0,
            10,
            149,
            0,
            0,
            0,
            0,
            0,
            0
        ],
        [
            270,
            0,
            0,
            0,
            0,
            0,
            0,
            0,
            0,
            0,
            0,
            0,
            0
        ],
        [
            0,
            0,
            0,
            0,
            0,
            0,
            0,
            0,
            235,
            0,
            0,
            0,
            0
        ],
        [
            19,
            21,
            15,
            0,
            0,
            0,
            12,
            0,
            0,
            0,
            0,
            0,
            0
        ],
        [
            19,
            0,
            0,
            0,
            0,
            0,
            0,
            0,
            0,
            0,
            0,
            0,
            0
        ],
        [
            3,
            0,
            0,
            0,
            0,
            0,
            0,
            0,
            0,
            0,
            0,
            0,
            0
        ],
        [
            2,
            0,
            0,
            0,
            0,
            0,
            0,
            0,
            0,
            0,
            0,
            0,
            0
        ]
    ],
    "feature_importance": {
        "Down/Up Ratio": 0.09042268592830496,
        "Dst Port": 0.4729802033172822,
        "FIN Flag Cnt": 0.0010700909577319683,
        "Flow Pkts/s": 0.1744248261102197,
        "Fwd Pkt Len Max": 0.637239165329053,
        "Init Bwd Win Byts": 0.12359550561797839,
        "Init Fwd Win Byts": 1.0,
        "Protocol": 0.05510968432316759
    },
    "params": {
        "nb_filters": 32,
        "kernel_size": 3,
        "lstm_units_1": 128,
        "lstm_units_2": 256,
        "dropout": 0.1,
        "lr": 0.0008204643365323959,
        "batch_size": 4096
    },
    "metrics_binary": {
        "task": "Trial Experiment_noise_FIN Flag Cnt_20.0 - Binary Task",
        "accuracy": 0.9291154289110971,
        "f1": 0.7491454115172232,
        "mcc": 0.7309166849797388,
        "auc": 0.9408412995664895
    },
    "metrics_multiclass": {
        "task": "Trial Experiment_noise_FIN Flag Cnt_20.0 - Multiclass Task",
        "accuracy": 0.913920570643088,
        "f1": 0.3880241675199232,
        "mcc": 0.6866206506540167,
        "auc": NaN
    }
}