{
    "model": "experiments/cnn_lstm_trial_Experiment_duplicated_Timestamp_1.0.pt",
    "model_type": "CNN-LSTM",
    "label": "Experiment_duplicated_Timestamp_1.0",
    "mcc_bin": 0.7268713905085948,
    "mcc_mul": 0.552960828947322,
    "mean_mcc": 0.6399161097279584,
    "val_loss": 0.8177497067621776,
    "cm_bin": [
        [
            22153,
            178
        ],
        [
            1756,
            2830
        ]
    ],
    "cm_mul": [
        [
            22163,
            0,
            6,
            0,
            0,
            143,
            18,
            0,
            1,
            0,
            0,
            0,
            0
        ],
        [
            0,
            454,
            1,
            0,
            0,
            704,
            0,
            0,
            0,
            0,
            0,
            0,
            0
        ],
        [
            940,
            0,
            1,
            0,
            0,
            0,
            0,
            0,
            0,
            0,
            0,
            0,
            0
        ],
        [
            30,
            0,
            502,
            232,
            0,
            0,
            18,
            0,
            0,
            0,
            0,
            0,
            0
        ],
        [
            462,
            0,
            4,
            0,
            0,
            0,
            0,
            0,
            0,
            0,
            0,
            0,
            0
        ],
        [
            2,
            0,
            0,
            0,
            0,
            314,
            0,
            0,
            0,
            0,
            0,
            0,
            0
        ],
        [
            28,
            0,
            9,
            0,
            0,
            13,
            276,
            0,
            0,
            0,
            0,
            0,
            0
        ],
        [
            270,
            0,
            0,
            0,
            0,
            0,
            0,
            0,
            0,
            0,
            0,
            0,
            0
        ],
        [
            0,
            0,
            0,
            0,
            0,
            2,
            0,
            0,
            233,
            0,
            0,
            0,
            0
        ],
        [
            33,
            0,
            27,
            0,
            0,
            1,
            6,
            0,
            0,
            0,
            0,
            0,
            0
        ],
        [
            19,
            0,
            0,
            0,
            0,
            0,
            0,
            0,
            0,
            0,
            0,
            0,
            0
        ],
        [
            3,
            0,
            0,
            0,
            0,
            0,
            0,
            0,
            0,
            0,
            0,
            0,
            0
        ],
        [
            2,
            0,
            0,
            0,
            0,
            0,
            0,
            0,
            0,
            0,
            0,
            0,
            0
        ]
    ],
    "feature_importance": {
        "Down/Up Ratio": 0.14156490275893252,
        "Dst Port": 0.3622795115332423,
        "FIN Flag Cnt": 0.0,
        "Flow Pkts/s": 0.12799638172772457,
        "Fwd Pkt Len Max": 0.5359565807327,
        "Init Bwd Win Byts": 0.1316146540027138,
        "Init Fwd Win Byts": 1.0,
        "Protocol": 0.06603346901854314
    },
    "params": {
        "nb_filters": 32,
        "kernel_size": 3,
        "lstm_units_1": 128,
        "lstm_units_2": 256,
        "dropout": 0.1,
        "lr": 0.0008204643365323959,
        "batch_size": 4096
    },
    "metrics_binary": {
        "task": "Trial Experiment_duplicated_Timestamp_1.0 - Binary Task",
        "accuracy": 0.9281494966006613,
        "f1": 0.7453252567816697,
        "mcc": 0.7268713905085948,
        "auc": 0.9432795730056194
    },
    "metrics_multiclass": {
        "task": "Trial Experiment_duplicated_Timestamp_1.0 - Multiclass Task",
        "accuracy": 0.8794813686517814,
        "f1": 0.32699644800887795,
        "mcc": 0.552960828947322,
        "auc": NaN
    }
}