{
    "model": "experiments/cnn_lstm_trial_Experiment_outliers_Timestamp_5.0.pt",
    "model_type": "CNN-LSTM",
    "label": "Experiment_outliers_Timestamp_5.0",
    "mcc_bin": 0.8162828900131235,
    "mcc_mul": 0.818072149305856,
    "mean_mcc": 0.8171775196594897,
    "val_loss": 0.3689800448981779,
    "cm_bin": [
        [
            22281,
            50
        ],
        [
            1291,
            3295
        ]
    ],
    "cm_mul": [
        [
            22287,
            0,
            4,
            1,
            27,
            3,
            6,
            0,
            0,
            3,
            0,
            0,
            0
        ],
        [
            0,
            1159,
            0,
            0,
            0,
            0,
            0,
            0,
            0,
            0,
            0,
            0,
            0
        ],
        [
            908,
            0,
            29,
            0,
            4,
            0,
            0,
            0,
            0,
            0,
            0,
            0,
            0
        ],
        [
            5,
            3,
            8,
            743,
            16,
            0,
            0,
            0,
            0,
            7,
            0,
            0,
            0
        ],
        [
            81,
            1,
            1,
            0,
            383,
            0,
            0,
            0,
            0,
            0,
            0,
            0,
            0
        ],
        [
            14,
            0,
            0,
            0,
            0,
            302,
            0,
            0,
            0,
            0,
            0,
            0,
            0
        ],
        [
            4,
            0,
            0,
            0,
            0,
            0,
            322,
            0,
            0,
            0,
            0,
            0,
            0
        ],
        [
            269,
            0,
            1,
            0,
            0,
            0,
            0,
            0,
            0,
            0,
            0,
            0,
            0
        ],
        [
            0,
            0,
            0,
            0,
            0,
            1,
            0,
            0,
            234,
            0,
            0,
            0,
            0
        ],
        [
            19,
            1,
            0,
            0,
            10,
            0,
            0,
            0,
            0,
            37,
            0,
            0,
            0
        ],
        [
            19,
            0,
            0,
            0,
            0,
            0,
            0,
            0,
            0,
            0,
            0,
            0,
            0
        ],
        [
            3,
            0,
            0,
            0,
            0,
            0,
            0,
            0,
            0,
            0,
            0,
            0,
            0
        ],
        [
            2,
            0,
            0,
            0,
            0,
            0,
            0,
            0,
            0,
            0,
            0,
            0,
            0
        ]
    ],
    "feature_importance": {
        "Down/Up Ratio": 0.0446638457921951,
        "Dst Port": 0.562294311236483,
        "FIN Flag Cnt": 0.0014104372355423526,
        "Flow Pkts/s": 0.1574988246356367,
        "Fwd Pkt Len Max": 0.6243535496003759,
        "Init Bwd Win Byts": 0.29384109073812825,
        "Init Fwd Win Byts": 1.0,
        "Protocol": 0.1593794076163603
    },
    "params": {
        "nb_filters": 32,
        "kernel_size": 3,
        "lstm_units_1": 128,
        "lstm_units_2": 256,
        "dropout": 0.1,
        "lr": 0.0008204643365323959,
        "batch_size": 4096
    },
    "metrics_binary": {
        "task": "Trial Experiment_outliers_Timestamp_5.0 - Binary Task",
        "accuracy": 0.950180183527139,
        "f1": 0.8309166561593746,
        "mcc": 0.8162828900131235,
        "auc": 0.9705865589292354
    },
    "metrics_multiclass": {
        "task": "Trial Experiment_outliers_Timestamp_5.0 - Multiclass Task",
        "accuracy": 0.9472080841104135,
        "f1": 0.5730028848817393,
        "mcc": 0.818072149305856,
        "auc": 0.906949728577485
    }
}