{
    "model": "experiments/cnn_lstm_trial_Experiment_noise_Down_Up Ratio_50.0.pt",
    "model_type": "CNN-LSTM",
    "label": "Experiment_noise_Down_Up Ratio_50.0",
    "mcc_bin": 0.7258178490389224,
    "mcc_mul": 0.669130766646479,
    "mean_mcc": 0.6974743078427007,
    "val_loss": 0.7839938587109957,
    "cm_bin": [
        [
            22159,
            172
        ],
        [
            1769,
            2817
        ]
    ],
    "cm_mul": [
        [
            22262,
            0,
            12,
            0,
            0,
            56,
            0,
            0,
            1,
            0,
            0,
            0,
            0
        ],
        [
            1,
            1158,
            0,
            0,
            0,
            0,
            0,
            0,
            0,
            0,
            0,
            0,
            0
        ],
        [
            940,
            0,
            1,
            0,
            0,
            0,
            0,
            0,
            0,
            0,
            0,
            0,
            0
        ],
        [
            75,
            0,
            164,
            534,
            0,
            9,
            0,
            0,
            0,
            0,
            0,
            0,
            0
        ],
        [
            465,
            0,
            1,
            0,
            0,
            0,
            0,
            0,
            0,
            0,
            0,
            0,
            0
        ],
        [
            14,
            0,
            0,
            0,
            0,
            302,
            0,
            0,
            0,
            0,
            0,
            0,
            0
        ],
        [
            41,
            0,
            0,
            0,
            0,
            285,
            0,
            0,
            0,
            0,
            0,
            0,
            0
        ],
        [
            267,
            0,
            2,
            0,
            0,
            1,
            0,
            0,
            0,
            0,
            0,
            0,
            0
        ],
        [
            0,
            1,
            0,
            0,
            0,
            1,
            0,
            0,
            233,
            0,
            0,
            0,
            0
        ],
        [
            48,
            0,
            11,
            0,
            0,
            8,
            0,
            0,
            0,
            0,
            0,
            0,
            0
        ],
        [
            19,
            0,
            0,
            0,
            0,
            0,
            0,
            0,
            0,
            0,
            0,
            0,
            0
        ],
        [
            3,
            0,
            0,
            0,
            0,
            0,
            0,
            0,
            0,
            0,
            0,
            0,
            0
        ],
        [
            2,
            0,
            0,
            0,
            0,
            0,
            0,
            0,
            0,
            0,
            0,
            0,
            0
        ]
    ],
    "feature_importance": {
        "Down/Up Ratio": 0.0,
        "Dst Port": 0.5414118954974995,
        "FIN Flag Cnt": 0.0,
        "Flow Pkts/s": 0.23290717065036193,
        "Fwd Pkt Len Max": 0.4535853251806557,
        "Init Bwd Win Byts": 0.1406336853807676,
        "Init Fwd Win Byts": 1.0,
        "Protocol": 0.2395775430794894
    },
    "params": {
        "nb_filters": 32,
        "kernel_size": 3,
        "lstm_units_1": 128,
        "lstm_units_2": 256,
        "dropout": 0.1,
        "lr": 0.0008204643365323959,
        "batch_size": 4096
    },
    "metrics_binary": {
        "task": "Trial Experiment_noise_Down_Up Ratio_50.0 - Binary Task",
        "accuracy": 0.9278894379016979,
        "f1": 0.7437623762376238,
        "mcc": 0.7258178490389224,
        "auc": 0.9446403145959447
    },
    "metrics_multiclass": {
        "task": "Trial Experiment_noise_Down_Up Ratio_50.0 - Multiclass Task",
        "accuracy": 0.9098339339450905,
        "f1": 0.33706224659855116,
        "mcc": 0.669130766646479,
        "auc": NaN
    }
}