{
    "model": "experiments/cnn_lstm_trial_Experiment_outliers_Down_Up Ratio_1.0.pt",
    "model_type": "CNN-LSTM",
    "label": "Experiment_outliers_Down_Up Ratio_1.0",
    "mcc_bin": 0.7720239329667398,
    "mcc_mul": 0.7718467098129494,
    "mean_mcc": 0.7719353213898446,
    "val_loss": 0.5502563922532967,
    "cm_bin": [
        [
            22188,
            142
        ],
        [
            1496,
            3091
        ]
    ],
    "cm_mul": [
        [
            22226,
            0,
            0,
            2,
            65,
            19,
            17,
            0,
            0,
            1,
            0,
            0,
            0
        ],
        [
            1,
            1159,
            0,
            0,
            0,
            0,
            0,
            0,
            0,
            0,
            0,
            0,
            0
        ],
        [
            949,
            0,
            0,
            0,
            0,
            0,
            0,
            0,
            0,
            0,
            0,
            0,
            0
        ],
        [
            3,
            0,
            0,
            806,
            12,
            0,
            0,
            0,
            0,
            0,
            0,
            0,
            0
        ],
        [
            245,
            0,
            0,
            0,
            169,
            0,
            0,
            0,
            0,
            0,
            0,
            0,
            0
        ],
        [
            10,
            1,
            0,
            0,
            0,
            307,
            1,
            0,
            0,
            0,
            0,
            0,
            0
        ],
        [
            8,
            0,
            0,
            0,
            16,
            0,
            264,
            0,
            0,
            42,
            0,
            0,
            0
        ],
        [
            263,
            0,
            0,
            0,
            0,
            1,
            0,
            0,
            0,
            0,
            0,
            0,
            0
        ],
        [
            0,
            1,
            0,
            0,
            0,
            0,
            0,
            0,
            234,
            0,
            0,
            0,
            0
        ],
        [
            35,
            0,
            0,
            0,
            28,
            0,
            0,
            0,
            0,
            5,
            0,
            0,
            0
        ],
        [
            23,
            0,
            0,
            0,
            0,
            0,
            0,
            0,
            0,
            0,
            0,
            0,
            0
        ],
        [
            3,
            0,
            0,
            0,
            0,
            0,
            0,
            0,
            0,
            0,
            0,
            0,
            0
        ],
        [
            1,
            0,
            0,
            0,
            0,
            0,
            0,
            0,
            0,
            0,
            0,
            0,
            0
        ]
    ],
    "feature_importance": {
        "Down/Up Ratio": 0.0165577342047926,
        "Dst Port": 0.6684095860566454,
        "FIN Flag Cnt": 0.0008714596949882619,
        "Flow Pkts/s": 0.1259259259259256,
        "Fwd Pkt Len Max": 0.5002178649237468,
        "Init Bwd Win Byts": 0.1468409586056647,
        "Init Fwd Win Byts": 1.0,
        "Protocol": 0.09629629629629605
    },
    "params": {
        "nb_filters": 32,
        "kernel_size": 3,
        "lstm_units_1": 128,
        "lstm_units_2": 256,
        "dropout": 0.1,
        "lr": 0.0008204643365323959,
        "batch_size": 4096
    },
    "metrics_binary": {
        "task": "Trial Experiment_outliers_Down_Up Ratio_1.0 - Binary Task",
        "accuracy": 0.9391462644425456,
        "f1": 0.790537084398977,
        "mcc": 0.7720239329667398,
        "auc": 0.9628345395987082
    },
    "metrics_multiclass": {
        "task": "Trial Experiment_outliers_Down_Up Ratio_1.0 - Multiclass Task",
        "accuracy": 0.9350967789872571,
        "f1": 0.4869218319301256,
        "mcc": 0.7718467098129494,
        "auc": NaN
    }
}