{
    "model": "experiments/cnn_lstm_trial_Experiment_noise_Down_Up Ratio_50.0.pt",
    "model_type": "CNN-LSTM",
    "label": "Experiment_noise_Down_Up Ratio_50.0",
    "mcc_bin": 0.7032973057709379,
    "mcc_mul": 0.4442092330783586,
    "mean_mcc": 0.5737532694246482,
    "val_loss": 0.8936331410493169,
    "cm_bin": [
        [
            21893,
            350
        ],
        [
            1751,
            2869
        ]
    ],
    "cm_mul": [
        [
            22008,
            68,
            28,
            0,
            0,
            17,
            0,
            0,
            122,
            0,
            0,
            0,
            0
        ],
        [
            0,
            621,
            1,
            0,
            0,
            0,
            0,
            0,
            549,
            0,
            0,
            0,
            0
        ],
        [
            983,
            0,
            5,
            0,
            0,
            0,
            0,
            0,
            0,
            0,
            0,
            0,
            0
        ],
        [
            53,
            77,
            631,
            0,
            0,
            0,
            0,
            0,
            0,
            0,
            0,
            0,
            0
        ],
        [
            472,
            0,
            2,
            0,
            0,
            0,
            0,
            0,
            0,
            0,
            0,
            0,
            0
        ],
        [
            4,
            159,
            0,
            0,
            0,
            2,
            0,
            0,
            144,
            0,
            0,
            0,
            0
        ],
        [
            35,
            220,
            52,
            0,
            0,
            3,
            4,
            0,
            0,
            0,
            0,
            0,
            0
        ],
        [
            272,
            1,
            2,
            0,
            0,
            0,
            0,
            0,
            0,
            0,
            0,
            0,
            0
        ],
        [
            0,
            1,
            0,
            0,
            0,
            0,
            0,
            0,
            229,
            0,
            0,
            0,
            0
        ],
        [
            25,
            26,
            24,
            0,
            0,
            0,
            0,
            0,
            0,
            0,
            0,
            0,
            0
        ],
        [
            18,
            0,
            1,
            0,
            0,
            0,
            0,
            0,
            0,
            0,
            0,
            0,
            0
        ],
        [
            3,
            0,
            0,
            0,
            0,
            0,
            0,
            0,
            0,
            0,
            0,
            0,
            0
        ],
        [
            1,
            0,
            0,
            0,
            0,
            0,
            0,
            0,
            0,
            0,
            0,
            0,
            0
        ]
    ],
    "feature_importance": {
        "Down/Up Ratio": 0.0,
        "Dst Port": 0.5093873517786558,
        "FIN Flag Cnt": 0.0029644268774711856,
        "Flow Pkts/s": 0.15316205533596852,
        "Fwd Pkt Len Max": 0.4688735177865614,
        "Init Bwd Win Byts": 0.19318181818181923,
        "Init Fwd Win Byts": 1.0,
        "Protocol": 0.17984189723320182
    },
    "params": {
        "nb_filters": 32,
        "kernel_size": 3,
        "lstm_units_1": 128,
        "lstm_units_2": 256,
        "dropout": 0.1,
        "lr": 0.0008204643365323959,
        "batch_size": 4096
    },
    "metrics_binary": {
        "task": "Trial Experiment_noise_Down_Up Ratio_50.0 - Binary Task",
        "accuracy": 0.9217883333953766,
        "f1": 0.7319811200408215,
        "mcc": 0.7032973057709379,
        "auc": 0.9377012087853701
    },
    "metrics_multiclass": {
        "task": "Trial Experiment_noise_Down_Up Ratio_50.0 - Multiclass Task",
        "accuracy": 0.851319659010535,
        "f1": 0.1451393789854698,
        "mcc": 0.4442092330783586,
        "auc": 0.8584542537699054
    }
}