{
    "model": "experiments/cnn_lstm_trial_Experiment_outliers_FIN Flag Cnt_75.0.pt",
    "model_type": "CNN-LSTM",
    "label": "Experiment_outliers_FIN Flag Cnt_75.0",
    "mcc_bin": 0.7557080575664878,
    "mcc_mul": 0.7025929023965864,
    "mean_mcc": 0.7291504799815371,
    "val_loss": 0.6383253149688244,
    "cm_bin": [
        [
            22231,
            100
        ],
        [
            1649,
            2937
        ]
    ],
    "cm_mul": [
        [
            22274,
            0,
            0,
            1,
            35,
            17,
            0,
            0,
            2,
            2,
            0,
            0,
            0
        ],
        [
            0,
            1159,
            0,
            0,
            0,
            0,
            0,
            0,
            0,
            0,
            0,
            0,
            0
        ],
        [
            941,
            0,
            0,
            0,
            0,
            0,
            0,
            0,
            0,
            0,
            0,
            0,
            0
        ],
        [
            11,
            0,
            0,
            633,
            138,
            0,
            0,
            0,
            0,
            0,
            0,
            0,
            0
        ],
        [
            342,
            0,
            0,
            5,
            119,
            0,
            0,
            0,
            0,
            0,
            0,
            0,
            0
        ],
        [
            96,
            0,
            0,
            0,
            0,
            217,
            0,
            0,
            3,
            0,
            0,
            0,
            0
        ],
        [
            89,
            0,
            0,
            0,
            0,
            167,
            68,
            0,
            0,
            2,
            0,
            0,
            0
        ],
        [
            270,
            0,
            0,
            0,
            0,
            0,
            0,
            0,
            0,
            0,
            0,
            0,
            0
        ],
        [
            0,
            0,
            0,
            0,
            0,
            0,
            0,
            0,
            235,
            0,
            0,
            0,
            0
        ],
        [
            32,
            0,
            0,
            4,
            28,
            0,
            0,
            0,
            0,
            3,
            0,
            0,
            0
        ],
        [
            19,
            0,
            0,
            0,
            0,
            0,
            0,
            0,
            0,
            0,
            0,
            0,
            0
        ],
        [
            3,
            0,
            0,
            0,
            0,
            0,
            0,
            0,
            0,
            0,
            0,
            0,
            0
        ],
        [
            2,
            0,
            0,
            0,
            0,
            0,
            0,
            0,
            0,
            0,
            0,
            0,
            0
        ]
    ],
    "feature_importance": {
        "Down/Up Ratio": 0.06628369421122446,
        "Dst Port": 0.6911179849756964,
        "FIN Flag Cnt": 0.0,
        "Flow Pkts/s": 0.10870525850640762,
        "Fwd Pkt Len Max": 0.3535130357931953,
        "Init Bwd Win Byts": 0.24745912505523673,
        "Init Fwd Win Byts": 1.0,
        "Protocol": 0.15156871409633252
    },
    "params": {
        "nb_filters": 32,
        "kernel_size": 3,
        "lstm_units_1": 128,
        "lstm_units_2": 256,
        "dropout": 0.1,
        "lr": 0.0008204643365323959,
        "batch_size": 4096
    },
    "metrics_binary": {
        "task": "Trial Experiment_outliers_FIN Flag Cnt_75.0 - Binary Task",
        "accuracy": 0.935022476501839,
        "f1": 0.7705627705627706,
        "mcc": 0.7557080575664878,
        "auc": 0.9558640806501195
    },
    "metrics_multiclass": {
        "task": "Trial Experiment_outliers_FIN Flag Cnt_75.0 - Multiclass Task",
        "accuracy": 0.9179329048556675,
        "f1": 0.39785628168969317,
        "mcc": 0.7025929023965864,
        "auc": NaN
    }
}