{
    "model": "experiments/cnn_lstm_trial_Experiment_noise_Down_Up Ratio_75.0.pt",
    "model_type": "CNN-LSTM",
    "label": "Experiment_noise_Down_Up Ratio_75.0",
    "mcc_bin": 0.7106443037621134,
    "mcc_mul": 0.6336543906740151,
    "mean_mcc": 0.6721493472180642,
    "val_loss": 0.8622879883540528,
    "cm_bin": [
        [
            21995,
            336
        ],
        [
            1705,
            2881
        ]
    ],
    "cm_mul": [
        [
            22098,
            1,
            12,
            0,
            0,
            166,
            53,
            0,
            1,
            0,
            0,
            0,
            0
        ],
        [
            1,
            1158,
            0,
            0,
            0,
            0,
            0,
            0,
            0,
            0,
            0,
            0,
            0
        ],
        [
            941,
            0,
            0,
            0,
            0,
            0,
            0,
            0,
            0,
            0,
            0,
            0,
            0
        ],
        [
            27,
            0,
            597,
            129,
            0,
            0,
            29,
            0,
            0,
            0,
            0,
            0,
            0
        ],
        [
            466,
            0,
            0,
            0,
            0,
            0,
            0,
            0,
            0,
            0,
            0,
            0,
            0
        ],
        [
            1,
            0,
            0,
            0,
            0,
            315,
            0,
            0,
            0,
            0,
            0,
            0,
            0
        ],
        [
            3,
            10,
            0,
            0,
            0,
            24,
            289,
            0,
            0,
            0,
            0,
            0,
            0
        ],
        [
            252,
            0,
            6,
            0,
            0,
            12,
            0,
            0,
            0,
            0,
            0,
            0,
            0
        ],
        [
            0,
            0,
            0,
            0,
            0,
            1,
            0,
            0,
            234,
            0,
            0,
            0,
            0
        ],
        [
            26,
            1,
            5,
            0,
            0,
            5,
            30,
            0,
            0,
            0,
            0,
            0,
            0
        ],
        [
            19,
            0,
            0,
            0,
            0,
            0,
            0,
            0,
            0,
            0,
            0,
            0,
            0
        ],
        [
            3,
            0,
            0,
            0,
            0,
            0,
            0,
            0,
            0,
            0,
            0,
            0,
            0
        ],
        [
            2,
            0,
            0,
            0,
            0,
            0,
            0,
            0,
            0,
            0,
            0,
            0,
            0
        ]
    ],
    "feature_importance": {
        "Down/Up Ratio": 0.0,
        "Dst Port": 0.5624029000517861,
        "FIN Flag Cnt": 0.003107198342827633,
        "Flow Pkts/s": 0.18280683583635418,
        "Fwd Pkt Len Max": 0.4334541688244432,
        "Init Bwd Win Byts": 0.2874158467115491,
        "Init Fwd Win Byts": 1.0,
        "Protocol": 0.19575349559813623
    },
    "params": {
        "nb_filters": 32,
        "kernel_size": 3,
        "lstm_units_1": 128,
        "lstm_units_2": 256,
        "dropout": 0.1,
        "lr": 0.0008204643365323959,
        "batch_size": 4096
    },
    "metrics_binary": {
        "task": "Trial Experiment_noise_Down_Up Ratio_75.0 - Binary Task",
        "accuracy": 0.924174313630791,
        "f1": 0.7384339356657695,
        "mcc": 0.7106443037621134,
        "auc": 0.9424097650808712
    },
    "metrics_multiclass": {
        "task": "Trial Experiment_noise_Down_Up Ratio_75.0 - Multiclass Task",
        "accuracy": 0.8999145521417692,
        "f1": 0.3674273218212058,
        "mcc": 0.6336543906740151,
        "auc": NaN
    }
}