{
    "model": "experiments/cnn_lstm_trial_Experiment_missing_Down_Up Ratio_20.0.pt",
    "model_type": "CNN-LSTM",
    "label": "Experiment_missing_Down_Up Ratio_20.0",
    "mcc_bin": 0.715553237862441,
    "mcc_mul": 0.669111339424285,
    "mean_mcc": 0.6923322886433629,
    "val_loss": 0.7858600591176322,
    "cm_bin": [
        [
            22007,
            324
        ],
        [
            1685,
            2901
        ]
    ],
    "cm_mul": [
        [
            22044,
            7,
            3,
            0,
            0,
            229,
            38,
            0,
            10,
            0,
            0,
            0,
            0
        ],
        [
            0,
            1158,
            1,
            0,
            0,
            0,
            0,
            0,
            0,
            0,
            0,
            0,
            0
        ],
        [
            940,
            0,
            1,
            0,
            0,
            0,
            0,
            0,
            0,
            0,
            0,
            0,
            0
        ],
        [
            33,
            118,
            51,
            558,
            0,
            0,
            22,
            0,
            0,
            0,
            0,
            0,
            0
        ],
        [
            466,
            0,
            0,
            0,
            0,
            0,
            0,
            0,
            0,
            0,
            0,
            0,
            0
        ],
        [
            0,
            4,
            0,
            0,
            0,
            221,
            0,
            0,
            91,
            0,
            0,
            0,
            0
        ],
        [
            11,
            35,
            1,
            0,
            0,
            41,
            238,
            0,
            0,
            0,
            0,
            0,
            0
        ],
        [
            238,
            0,
            1,
            0,
            0,
            31,
            0,
            0,
            0,
            0,
            0,
            0,
            0
        ],
        [
            0,
            0,
            0,
            0,
            0,
            0,
            0,
            0,
            235,
            0,
            0,
            0,
            0
        ],
        [
            26,
            20,
            7,
            0,
            0,
            1,
            13,
            0,
            0,
            0,
            0,
            0,
            0
        ],
        [
            18,
            0,
            1,
            0,
            0,
            0,
            0,
            0,
            0,
            0,
            0,
            0,
            0
        ],
        [
            3,
            0,
            0,
            0,
            0,
            0,
            0,
            0,
            0,
            0,
            0,
            0,
            0
        ],
        [
            2,
            0,
            0,
            0,
            0,
            0,
            0,
            0,
            0,
            0,
            0,
            0,
            0
        ]
    ],
    "feature_importance": {
        "Down/Up Ratio": 0.2060606060606056,
        "Dst Port": 0.9333333333333316,
        "FIN Flag Cnt": 0.0020202020202000626,
        "Flow Pkts/s": 0.31212121212121,
        "Fwd Pkt Len Max": 0.9252525252525252,
        "Init Bwd Win Byts": 0.3727272727272723,
        "Init Fwd Win Byts": 1.0,
        "Protocol": 0.2848484848484835
    },
    "params": {
        "nb_filters": 32,
        "kernel_size": 3,
        "lstm_units_1": 128,
        "lstm_units_2": 256,
        "dropout": 0.1,
        "lr": 0.0008204643365323959,
        "batch_size": 4096
    },
    "metrics_binary": {
        "task": "Trial Experiment_missing_Down_Up Ratio_20.0 - Binary Task",
        "accuracy": 0.9253631533974811,
        "f1": 0.7427986173345282,
        "mcc": 0.715553237862441,
        "auc": 0.9408352552328745
    },
    "metrics_multiclass": {
        "task": "Trial Experiment_missing_Down_Up Ratio_20.0 - Multiclass Task",
        "accuracy": 0.9085336404502731,
        "f1": 0.37031893091630447,
        "mcc": 0.669111339424285,
        "auc": NaN
    }
}