{
    "model": "experiments/cnn_lstm_trial_Experiment_outliers_FIN Flag Cnt_30.0.pt",
    "model_type": "CNN-LSTM",
    "label": "Experiment_outliers_FIN Flag Cnt_30.0",
    "mcc_bin": 0.7726711955486048,
    "mcc_mul": 0.7477102679799146,
    "mean_mcc": 0.7601907317642597,
    "val_loss": 0.49584221227892805,
    "cm_bin": [
        [
            22051,
            192
        ],
        [
            1450,
            3170
        ]
    ],
    "cm_mul": [
        [
            22062,
            0,
            3,
            1,
            22,
            135,
            17,
            0,
            0,
            3,
            0,
            0,
            0
        ],
        [
            1,
            1170,
            0,
            0,
            0,
            0,
            0,
            0,
            0,
            0,
            0,
            0,
            0
        ],
        [
            849,
            0,
            5,
            0,
            134,
            0,
            0,
            0,
            0,
            0,
            0,
            0,
            0
        ],
        [
            17,
            0,
            0,
            716,
            28,
            0,
            0,
            0,
            0,
            0,
            0,
            0,
            0
        ],
        [
            368,
            0,
            3,
            0,
            103,
            0,
            0,
            0,
            0,
            0,
            0,
            0,
            0
        ],
        [
            0,
            0,
            0,
            0,
            0,
            309,
            0,
            0,
            0,
            0,
            0,
            0,
            0
        ],
        [
            5,
            0,
            0,
            0,
            0,
            0,
            309,
            0,
            0,
            0,
            0,
            0,
            0
        ],
        [
            275,
            0,
            0,
            0,
            0,
            0,
            0,
            0,
            0,
            0,
            0,
            0,
            0
        ],
        [
            0,
            0,
            0,
            0,
            0,
            0,
            0,
            0,
            230,
            0,
            0,
            0,
            0
        ],
        [
            25,
            0,
            1,
            0,
            12,
            0,
            10,
            0,
            0,
            27,
            0,
            0,
            0
        ],
        [
            18,
            0,
            1,
            0,
            0,
            0,
            0,
            0,
            0,
            0,
            0,
            0,
            0
        ],
        [
            3,
            0,
            0,
            0,
            0,
            0,
            0,
            0,
            0,
            0,
            0,
            0,
            0
        ],
        [
            1,
            0,
            0,
            0,
            0,
            0,
            0,
            0,
            0,
            0,
            0,
            0,
            0
        ]
    ],
    "feature_importance": {
        "Down/Up Ratio": 0.04527051895472903,
        "Dst Port": 0.4942951785057043,
        "FIN Flag Cnt": 0.0022083179977912047,
        "Flow Pkts/s": 0.07729112992270863,
        "Fwd Pkt Len Max": 0.3536989326463006,
        "Init Bwd Win Byts": 0.27788001472212015,
        "Init Fwd Win Byts": 1.0,
        "Protocol": 0.14942951785056965
    },
    "params": {
        "nb_filters": 32,
        "kernel_size": 3,
        "lstm_units_1": 128,
        "lstm_units_2": 256,
        "dropout": 0.1,
        "lr": 0.0008204643365323959,
        "batch_size": 4096
    },
    "metrics_binary": {
        "task": "Trial Experiment_outliers_FIN Flag Cnt_30.0 - Binary Task",
        "accuracy": 0.9388750325726836,
        "f1": 0.794287146078677,
        "mcc": 0.7726711955486048,
        "auc": 0.96353502332462
    },
    "metrics_multiclass": {
        "task": "Trial Experiment_outliers_FIN Flag Cnt_30.0 - Multiclass Task",
        "accuracy": 0.9280795145739493,
        "f1": 0.49943882926713434,
        "mcc": 0.7477102679799146,
        "auc": NaN
    }
}