{
    "model": "experiments/cnn_lstm_trial_Experiment_noise_Protocol_10.0.pt",
    "model_type": "CNN-LSTM",
    "label": "Experiment_noise_Protocol_10.0",
    "mcc_bin": 0.7067631390906033,
    "mcc_mul": 0.6870924955258788,
    "mean_mcc": 0.696927817308241,
    "val_loss": 0.7544555626809597,
    "cm_bin": [
        [
            21842,
            401
        ],
        [
            1682,
            2938
        ]
    ],
    "cm_mul": [
        [
            21887,
            1,
            28,
            1,
            0,
            275,
            47,
            0,
            4,
            0,
            0,
            0,
            0
        ],
        [
            0,
            1170,
            1,
            0,
            0,
            0,
            0,
            0,
            0,
            0,
            0,
            0,
            0
        ],
        [
            950,
            0,
            38,
            0,
            0,
            0,
            0,
            0,
            0,
            0,
            0,
            0,
            0
        ],
        [
            12,
            27,
            22,
            697,
            0,
            0,
            1,
            0,
            0,
            2,
            0,
            0,
            0
        ],
        [
            465,
            0,
            9,
            0,
            0,
            0,
            0,
            0,
            0,
            0,
            0,
            0,
            0
        ],
        [
            0,
            6,
            0,
            0,
            0,
            276,
            0,
            0,
            27,
            0,
            0,
            0,
            0
        ],
        [
            11,
            50,
            1,
            0,
            0,
            48,
            204,
            0,
            0,
            0,
            0,
            0,
            0
        ],
        [
            259,
            0,
            0,
            0,
            0,
            16,
            0,
            0,
            0,
            0,
            0,
            0,
            0
        ],
        [
            0,
            1,
            0,
            0,
            0,
            0,
            0,
            0,
            229,
            0,
            0,
            0,
            0
        ],
        [
            16,
            15,
            21,
            0,
            0,
            0,
            22,
            0,
            0,
            1,
            0,
            0,
            0
        ],
        [
            18,
            0,
            1,
            0,
            0,
            0,
            0,
            0,
            0,
            0,
            0,
            0,
            0
        ],
        [
            3,
            0,
            0,
            0,
            0,
            0,
            0,
            0,
            0,
            0,
            0,
            0,
            0
        ],
        [
            1,
            0,
            0,
            0,
            0,
            0,
            0,
            0,
            0,
            0,
            0,
            0,
            0
        ]
    ],
    "feature_importance": {
        "Down/Up Ratio": 0.08030803080307987,
        "Dst Port": 0.6006600660066002,
        "FIN Flag Cnt": 0.0,
        "Flow Pkts/s": 0.09515951595159561,
        "Fwd Pkt Len Max": 0.4207920792079207,
        "Init Bwd Win Byts": 0.050605060506050036,
        "Init Fwd Win Byts": 1.0,
        "Protocol": 0.019251925192519732
    },
    "params": {
        "nb_filters": 32,
        "kernel_size": 3,
        "lstm_units_1": 128,
        "lstm_units_2": 256,
        "dropout": 0.1,
        "lr": 0.0008204643365323959,
        "batch_size": 4096
    },
    "metrics_binary": {
        "task": "Trial Experiment_noise_Protocol_10.0 - Binary Task",
        "accuracy": 0.9224584000297807,
        "f1": 0.7382837039829124,
        "mcc": 0.7067631390906033,
        "auc": 0.9385067251081277
    },
    "metrics_multiclass": {
        "task": "Trial Experiment_noise_Protocol_10.0 - Multiclass Task",
        "accuracy": 0.9121095931206492,
        "f1": 0.39912518401344804,
        "mcc": 0.6870924955258788,
        "auc": 0.9326462870599991
    }
}