{
    "model": "experiments/cnn_lstm_trial_Experiment_noise_Down_Up Ratio_1.0.pt",
    "model_type": "CNN-LSTM",
    "label": "Experiment_noise_Down_Up Ratio_1.0",
    "mcc_bin": 0.7165776912532031,
    "mcc_mul": 0.5812471740592051,
    "mean_mcc": 0.6489124326562041,
    "val_loss": 0.804145026419844,
    "cm_bin": [
        [
            21988,
            255
        ],
        [
            1757,
            2863
        ]
    ],
    "cm_mul": [
        [
            22093,
            7,
            29,
            0,
            0,
            106,
            6,
            0,
            2,
            0,
            0,
            0,
            0
        ],
        [
            0,
            1169,
            2,
            0,
            0,
            0,
            0,
            0,
            0,
            0,
            0,
            0,
            0
        ],
        [
            971,
            0,
            17,
            0,
            0,
            0,
            0,
            0,
            0,
            0,
            0,
            0,
            0
        ],
        [
            39,
            220,
            450,
            52,
            0,
            0,
            0,
            0,
            0,
            0,
            0,
            0,
            0
        ],
        [
            469,
            0,
            5,
            0,
            0,
            0,
            0,
            0,
            0,
            0,
            0,
            0,
            0
        ],
        [
            17,
            54,
            2,
            0,
            0,
            236,
            0,
            0,
            0,
            0,
            0,
            0,
            0
        ],
        [
            26,
            214,
            17,
            0,
            0,
            33,
            24,
            0,
            0,
            0,
            0,
            0,
            0
        ],
        [
            274,
            0,
            1,
            0,
            0,
            0,
            0,
            0,
            0,
            0,
            0,
            0,
            0
        ],
        [
            0,
            2,
            0,
            0,
            0,
            0,
            0,
            0,
            228,
            0,
            0,
            0,
            0
        ],
        [
            18,
            29,
            28,
            0,
            0,
            0,
            0,
            0,
            0,
            0,
            0,
            0,
            0
        ],
        [
            19,
            0,
            0,
            0,
            0,
            0,
            0,
            0,
            0,
            0,
            0,
            0,
            0
        ],
        [
            3,
            0,
            0,
            0,
            0,
            0,
            0,
            0,
            0,
            0,
            0,
            0,
            0
        ],
        [
            1,
            0,
            0,
            0,
            0,
            0,
            0,
            0,
            0,
            0,
            0,
            0,
            0
        ]
    ],
    "feature_importance": {
        "Down/Up Ratio": 0.0010075566750632555,
        "Dst Port": 0.5768261964735515,
        "FIN Flag Cnt": 0.002015113350125008,
        "Flow Pkts/s": 0.16423173803526406,
        "Fwd Pkt Len Max": 0.5289672544080604,
        "Init Bwd Win Byts": 0.19899244332493735,
        "Init Fwd Win Byts": 1.0,
        "Protocol": 0.19848866498740572
    },
    "params": {
        "nb_filters": 32,
        "kernel_size": 3,
        "lstm_units_1": 128,
        "lstm_units_2": 256,
        "dropout": 0.1,
        "lr": 0.0008204643365323959,
        "batch_size": 4096
    },
    "metrics_binary": {
        "task": "Trial Experiment_noise_Down_Up Ratio_1.0 - Binary Task",
        "accuracy": 0.9251014406432639,
        "f1": 0.739984492116826,
        "mcc": 0.7165776912532031,
        "auc": 0.9414866596485533
    },
    "metrics_multiclass": {
        "task": "Trial Experiment_noise_Down_Up Ratio_1.0 - Multiclass Task",
        "accuracy": 0.8866842869374232,
        "f1": 0.287972966147857,
        "mcc": 0.5812471740592051,
        "auc": 0.857036327883741
    }
}