{
    "model": "experiments/cnn_lstm_trial_Experiment_missing_Down_Up Ratio_50.0.pt",
    "model_type": "CNN-LSTM",
    "label": "Experiment_missing_Down_Up Ratio_50.0",
    "mcc_bin": 0.7435456535501133,
    "mcc_mul": 0.7482454941565545,
    "mean_mcc": 0.7458955738533339,
    "val_loss": 0.5676985776850155,
    "cm_bin": [
        [
            22029,
            214
        ],
        [
            1622,
            2998
        ]
    ],
    "cm_mul": [
        [
            22088,
            0,
            0,
            1,
            27,
            77,
            38,
            0,
            2,
            10,
            0,
            0,
            0
        ],
        [
            1,
            1170,
            0,
            0,
            0,
            0,
            0,
            0,
            0,
            0,
            0,
            0,
            0
        ],
        [
            988,
            0,
            0,
            0,
            0,
            0,
            0,
            0,
            0,
            0,
            0,
            0,
            0
        ],
        [
            76,
            0,
            0,
            642,
            29,
            0,
            0,
            0,
            0,
            14,
            0,
            0,
            0
        ],
        [
            321,
            0,
            0,
            1,
            151,
            0,
            0,
            0,
            0,
            1,
            0,
            0,
            0
        ],
        [
            2,
            0,
            0,
            0,
            0,
            307,
            0,
            0,
            0,
            0,
            0,
            0,
            0
        ],
        [
            1,
            0,
            0,
            0,
            0,
            6,
            307,
            0,
            0,
            0,
            0,
            0,
            0
        ],
        [
            275,
            0,
            0,
            0,
            0,
            0,
            0,
            0,
            0,
            0,
            0,
            0,
            0
        ],
        [
            0,
            0,
            0,
            0,
            0,
            0,
            0,
            0,
            230,
            0,
            0,
            0,
            0
        ],
        [
            12,
            1,
            0,
            0,
            4,
            1,
            12,
            0,
            0,
            45,
            0,
            0,
            0
        ],
        [
            19,
            0,
            0,
            0,
            0,
            0,
            0,
            0,
            0,
            0,
            0,
            0,
            0
        ],
        [
            3,
            0,
            0,
            0,
            0,
            0,
            0,
            0,
            0,
            0,
            0,
            0,
            0
        ],
        [
            1,
            0,
            0,
            0,
            0,
            0,
            0,
            0,
            0,
            0,
            0,
            0,
            0
        ]
    ],
    "feature_importance": {
        "Down/Up Ratio": 0.0073831009023798445,
        "Dst Port": 0.5713699753896635,
        "FIN Flag Cnt": 0.0008203445447090075,
        "Flow Pkts/s": 0.11525840853158374,
        "Fwd Pkt Len Max": 0.35890073831009045,
        "Init Bwd Win Byts": 0.2124692370795742,
        "Init Fwd Win Byts": 1.0,
        "Protocol": 0.12510254306808938
    },
    "params": {
        "nb_filters": 32,
        "kernel_size": 3,
        "lstm_units_1": 128,
        "lstm_units_2": 256,
        "dropout": 0.1,
        "lr": 0.0008204643365323959,
        "batch_size": 4096
    },
    "metrics_binary": {
        "task": "Trial Experiment_missing_Down_Up Ratio_50.0 - Binary Task",
        "accuracy": 0.9316532032907717,
        "f1": 0.7655771195097038,
        "mcc": 0.7435456535501133,
        "auc": 0.9587990764349618
    },
    "metrics_multiclass": {
        "task": "Trial Experiment_missing_Down_Up Ratio_50.0 - Multiclass Task",
        "accuracy": 0.9284145478911514,
        "f1": 0.5170906564945537,
        "mcc": 0.7482454941565545,
        "auc": NaN
    }
}