{
    "model": "experiments/cnn_lstm_trial_Experiment_noise_Protocol_20.0.pt",
    "model_type": "CNN-LSTM",
    "label": "Experiment_noise_Protocol_20.0",
    "mcc_bin": 0.7323283580526369,
    "mcc_mul": 0.6308149946871684,
    "mean_mcc": 0.6815716763699027,
    "val_loss": 0.7936776050233415,
    "cm_bin": [
        [
            22165,
            166
        ],
        [
            1733,
            2853
        ]
    ],
    "cm_mul": [
        [
            22275,
            43,
            0,
            0,
            0,
            0,
            12,
            0,
            1,
            0,
            0,
            0,
            0
        ],
        [
            78,
            912,
            0,
            160,
            0,
            0,
            0,
            0,
            9,
            0,
            0,
            0,
            0
        ],
        [
            941,
            0,
            0,
            0,
            0,
            0,
            0,
            0,
            0,
            0,
            0,
            0,
            0
        ],
        [
            51,
            28,
            0,
            702,
            0,
            0,
            1,
            0,
            0,
            0,
            0,
            0,
            0
        ],
        [
            460,
            5,
            0,
            1,
            0,
            0,
            0,
            0,
            0,
            0,
            0,
            0,
            0
        ],
        [
            92,
            145,
            0,
            0,
            0,
            60,
            19,
            0,
            0,
            0,
            0,
            0,
            0
        ],
        [
            120,
            132,
            0,
            0,
            0,
            0,
            74,
            0,
            0,
            0,
            0,
            0,
            0
        ],
        [
            267,
            3,
            0,
            0,
            0,
            0,
            0,
            0,
            0,
            0,
            0,
            0,
            0
        ],
        [
            0,
            1,
            0,
            0,
            0,
            0,
            0,
            0,
            234,
            0,
            0,
            0,
            0
        ],
        [
            30,
            37,
            0,
            0,
            0,
            0,
            0,
            0,
            0,
            0,
            0,
            0,
            0
        ],
        [
            19,
            0,
            0,
            0,
            0,
            0,
            0,
            0,
            0,
            0,
            0,
            0,
            0
        ],
        [
            3,
            0,
            0,
            0,
            0,
            0,
            0,
            0,
            0,
            0,
            0,
            0,
            0
        ],
        [
            2,
            0,
            0,
            0,
            0,
            0,
            0,
            0,
            0,
            0,
            0,
            0,
            0
        ]
    ],
    "feature_importance": {
        "Down/Up Ratio": 0.11937035417577595,
        "Dst Port": 0.26541320507214616,
        "FIN Flag Cnt": 0.0008745080892002833,
        "Flow Pkts/s": 0.15085264538696916,
        "Fwd Pkt Len Max": 0.5163970266724969,
        "Init Bwd Win Byts": 0.09007433318758214,
        "Init Fwd Win Byts": 1.0,
        "Protocol": 0.013992129427196694
    },
    "params": {
        "nb_filters": 32,
        "kernel_size": 3,
        "lstm_units_1": 128,
        "lstm_units_2": 256,
        "dropout": 0.1,
        "lr": 0.0008204643365323959,
        "batch_size": 4096
    },
    "metrics_binary": {
        "task": "Trial Experiment_noise_Protocol_20.0 - Binary Task",
        "accuracy": 0.9294497900954787,
        "f1": 0.7502958579881657,
        "mcc": 0.7323283580526369,
        "auc": 0.9362785356261127
    },
    "metrics_multiclass": {
        "task": "Trial Experiment_noise_Protocol_20.0 - Multiclass Task",
        "accuracy": 0.9011776943938775,
        "f1": 0.32206361688714513,
        "mcc": 0.6308149946871684,
        "auc": NaN
    }
}