{
    "model": "experiments/cnn_lstm_trial_Experiment_missing_Down_Up Ratio_5.0.pt",
    "model_type": "CNN-LSTM",
    "label": "Experiment_missing_Down_Up Ratio_5.0",
    "mcc_bin": 0.73310866483317,
    "mcc_mul": 0.6798993958987603,
    "mean_mcc": 0.7065040303659651,
    "val_loss": 0.7266793008893728,
    "cm_bin": [
        [
            22102,
            229
        ],
        [
            1664,
            2922
        ]
    ],
    "cm_mul": [
        [
            22230,
            19,
            26,
            0,
            0,
            37,
            15,
            0,
            4,
            0,
            0,
            0,
            0
        ],
        [
            1,
            1157,
            1,
            0,
            0,
            0,
            0,
            0,
            0,
            0,
            0,
            0,
            0
        ],
        [
            933,
            0,
            8,
            0,
            0,
            0,
            0,
            0,
            0,
            0,
            0,
            0,
            0
        ],
        [
            35,
            25,
            34,
            688,
            0,
            0,
            0,
            0,
            0,
            0,
            0,
            0,
            0
        ],
        [
            437,
            1,
            28,
            0,
            0,
            0,
            0,
            0,
            0,
            0,
            0,
            0,
            0
        ],
        [
            28,
            62,
            0,
            0,
            0,
            221,
            3,
            0,
            2,
            0,
            0,
            0,
            0
        ],
        [
            20,
            38,
            0,
            0,
            0,
            254,
            13,
            0,
            1,
            0,
            0,
            0,
            0
        ],
        [
            268,
            1,
            1,
            0,
            0,
            0,
            0,
            0,
            0,
            0,
            0,
            0,
            0
        ],
        [
            0,
            0,
            0,
            0,
            0,
            0,
            0,
            0,
            235,
            0,
            0,
            0,
            0
        ],
        [
            26,
            32,
            9,
            0,
            0,
            0,
            0,
            0,
            0,
            0,
            0,
            0,
            0
        ],
        [
            19,
            0,
            0,
            0,
            0,
            0,
            0,
            0,
            0,
            0,
            0,
            0,
            0
        ],
        [
            3,
            0,
            0,
            0,
            0,
            0,
            0,
            0,
            0,
            0,
            0,
            0,
            0
        ],
        [
            2,
            0,
            0,
            0,
            0,
            0,
            0,
            0,
            0,
            0,
            0,
            0,
            0
        ]
    ],
    "feature_importance": {
        "Down/Up Ratio": 0.02585751978891759,
        "Dst Port": 0.47493403693931424,
        "FIN Flag Cnt": 0.0,
        "Flow Pkts/s": 0.21846965699208404,
        "Fwd Pkt Len Max": 0.6496042216358844,
        "Init Bwd Win Byts": 0.034300791556728896,
        "Init Fwd Win Byts": 1.0,
        "Protocol": 0.05171503957783676
    },
    "params": {
        "nb_filters": 32,
        "kernel_size": 3,
        "lstm_units_1": 128,
        "lstm_units_2": 256,
        "dropout": 0.1,
        "lr": 0.0008204643365323959,
        "batch_size": 4096
    },
    "metrics_binary": {
        "task": "Trial Experiment_missing_Down_Up Ratio_5.0 - Binary Task",
        "accuracy": 0.9296726975517331,
        "f1": 0.7553315238464521,
        "mcc": 0.73310866483317,
        "auc": 0.9496400721390729
    },
    "metrics_multiclass": {
        "task": "Trial Experiment_missing_Down_Up Ratio_5.0 - Multiclass Task",
        "accuracy": 0.9121373109930527,
        "f1": 0.3408226257483718,
        "mcc": 0.6798993958987603,
        "auc": NaN
    }
}