{
    "model": "experiments/cnn_lstm_trial_Experiment_missing_Down_Up Ratio_1.0.pt",
    "model_type": "CNN-LSTM",
    "label": "Experiment_missing_Down_Up Ratio_1.0",
    "mcc_bin": 0.765853377769506,
    "mcc_mul": 0.7652895215031458,
    "mean_mcc": 0.765571449636326,
    "val_loss": 0.5327079971986157,
    "cm_bin": [
        [
            22148,
            95
        ],
        [
            1597,
            3023
        ]
    ],
    "cm_mul": [
        [
            22159,
            0,
            0,
            3,
            52,
            2,
            25,
            0,
            0,
            2,
            0,
            0,
            0
        ],
        [
            1,
            1165,
            0,
            5,
            0,
            0,
            0,
            0,
            0,
            0,
            0,
            0,
            0
        ],
        [
            988,
            0,
            0,
            0,
            0,
            0,
            0,
            0,
            0,
            0,
            0,
            0,
            0
        ],
        [
            27,
            11,
            0,
            711,
            11,
            0,
            0,
            0,
            0,
            1,
            0,
            0,
            0
        ],
        [
            234,
            0,
            0,
            0,
            240,
            0,
            0,
            0,
            0,
            0,
            0,
            0,
            0
        ],
        [
            83,
            0,
            0,
            0,
            0,
            226,
            0,
            0,
            0,
            0,
            0,
            0,
            0
        ],
        [
            1,
            0,
            0,
            0,
            1,
            0,
            312,
            0,
            0,
            0,
            0,
            0,
            0
        ],
        [
            275,
            0,
            0,
            0,
            0,
            0,
            0,
            0,
            0,
            0,
            0,
            0,
            0
        ],
        [
            0,
            0,
            0,
            0,
            0,
            0,
            0,
            0,
            230,
            0,
            0,
            0,
            0
        ],
        [
            16,
            0,
            0,
            0,
            43,
            0,
            0,
            0,
            0,
            16,
            0,
            0,
            0
        ],
        [
            19,
            0,
            0,
            0,
            0,
            0,
            0,
            0,
            0,
            0,
            0,
            0,
            0
        ],
        [
            3,
            0,
            0,
            0,
            0,
            0,
            0,
            0,
            0,
            0,
            0,
            0,
            0
        ],
        [
            1,
            0,
            0,
            0,
            0,
            0,
            0,
            0,
            0,
            0,
            0,
            0,
            0
        ]
    ],
    "feature_importance": {
        "Down/Up Ratio": 0.023229674035218993,
        "Dst Port": 0.5556388160359679,
        "FIN Flag Cnt": 0.001124016485575437,
        "Flow Pkts/s": 0.07568377669539153,
        "Fwd Pkt Len Max": 0.36155863619333056,
        "Init Bwd Win Byts": 0.08917197452229231,
        "Init Fwd Win Byts": 1.0,
        "Protocol": 0.13375796178343902
    },
    "params": {
        "nb_filters": 32,
        "kernel_size": 3,
        "lstm_units_1": 128,
        "lstm_units_2": 256,
        "dropout": 0.1,
        "lr": 0.0008204643365323959,
        "batch_size": 4096
    },
    "metrics_binary": {
        "task": "Trial Experiment_missing_Down_Up Ratio_1.0 - Binary Task",
        "accuracy": 0.9370137363660053,
        "f1": 0.7813388472473507,
        "mcc": 0.765853377769506,
        "auc": 0.9620609810995551
    },
    "metrics_multiclass": {
        "task": "Trial Experiment_missing_Down_Up Ratio_1.0 - Multiclass Task",
        "accuracy": 0.9328444328630459,
        "f1": 0.5108671685333044,
        "mcc": 0.7652895215031458,
        "auc": NaN
    }
}