{
    "model": "experiments/cnn_lstm_trial_Experiment_outliers_Timestamp_20.0.pt",
    "model_type": "CNN-LSTM",
    "label": "Experiment_outliers_Timestamp_20.0",
    "mcc_bin": 0.9169907648911735,
    "mcc_mul": 0.9186655881572074,
    "mean_mcc": 0.9178281765241905,
    "val_loss": 0.199109978175589,
    "cm_bin": [
        [
            21981,
            262
        ],
        [
            368,
            4252
        ]
    ],
    "cm_mul": [
        [
            21996,
            4,
            220,
            3,
            13,
            0,
            2,
            1,
            0,
            3,
            1,
            0,
            0
        ],
        [
            0,
            1171,
            0,
            0,
            0,
            0,
            0,
            0,
            0,
            0,
            0,
            0,
            0
        ],
        [
            43,
            0,
            944,
            0,
            1,
            0,
            0,
            0,
            0,
            0,
            0,
            0,
            0
        ],
        [
            13,
            0,
            12,
            725,
            0,
            0,
            0,
            0,
            0,
            11,
            0,
            0,
            0
        ],
        [
            19,
            0,
            0,
            0,
            455,
            0,
            0,
            0,
            0,
            0,
            0,
            0,
            0
        ],
        [
            1,
            0,
            0,
            0,
            0,
            308,
            0,
            0,
            0,
            0,
            0,
            0,
            0
        ],
        [
            1,
            0,
            0,
            0,
            0,
            0,
            313,
            0,
            0,
            0,
            0,
            0,
            0
        ],
        [
            273,
            0,
            1,
            0,
            0,
            0,
            0,
            1,
            0,
            0,
            0,
            0,
            0
        ],
        [
            0,
            1,
            0,
            0,
            0,
            0,
            0,
            0,
            229,
            0,
            0,
            0,
            0
        ],
        [
            12,
            0,
            0,
            0,
            0,
            0,
            12,
            0,
            0,
            51,
            0,
            0,
            0
        ],
        [
            16,
            1,
            1,
            0,
            0,
            0,
            1,
            0,
            0,
            0,
            0,
            0,
            0
        ],
        [
            3,
            0,
            0,
            0,
            0,
            0,
            0,
            0,
            0,
            0,
            0,
            0,
            0
        ],
        [
            1,
            0,
            0,
            0,
            0,
            0,
            0,
            0,
            0,
            0,
            0,
            0,
            0
        ]
    ],
    "feature_importance": {
        "Down/Up Ratio": 0.06008146639511165,
        "Dst Port": 0.6327223353699925,
        "FIN Flag Cnt": 0.002036659877799966,
        "Flow Pkts/s": 0.1568228105906308,
        "Fwd Pkt Len Max": 1.0,
        "Init Bwd Win Byts": 0.24949083503055,
        "Init Fwd Win Byts": 0.8194161575016972,
        "Protocol": 0.4847250509164962
    },
    "params": {
        "nb_filters": 32,
        "kernel_size": 3,
        "lstm_units_1": 128,
        "lstm_units_2": 256,
        "dropout": 0.1,
        "lr": 0.0008204643365323959,
        "batch_size": 4096
    },
    "metrics_binary": {
        "task": "Trial Experiment_outliers_Timestamp_20.0 - Binary Task",
        "accuracy": 0.976547667795853,
        "f1": 0.9310269323407051,
        "mcc": 0.9169907648911735,
        "auc": 0.9822547265709161
    },
    "metrics_multiclass": {
        "task": "Trial Experiment_outliers_Timestamp_20.0 - Multiclass Task",
        "accuracy": 0.9750586308305104,
        "f1": 0.6539141774892995,
        "mcc": 0.9186655881572074,
        "auc": NaN
    }
}