{
    "model": "experiments/cnn_lstm_trial_Experiment_outliers_Timestamp_10.0.pt",
    "model_type": "CNN-LSTM",
    "label": "Experiment_outliers_Timestamp_10.0",
    "mcc_bin": 0.8478424561270155,
    "mcc_mul": 0.8505452953491752,
    "mean_mcc": 0.8491938757380953,
    "val_loss": 0.3121553233691624,
    "cm_bin": [
        [
            22175,
            156
        ],
        [
            960,
            3626
        ]
    ],
    "cm_mul": [
        [
            22208,
            1,
            59,
            2,
            54,
            1,
            1,
            0,
            0,
            5,
            0,
            0,
            0
        ],
        [
            0,
            1159,
            0,
            0,
            0,
            0,
            0,
            0,
            0,
            0,
            0,
            0,
            0
        ],
        [
            569,
            0,
            350,
            3,
            19,
            0,
            0,
            0,
            0,
            0,
            0,
            0,
            0
        ],
        [
            7,
            0,
            1,
            772,
            0,
            0,
            0,
            0,
            0,
            2,
            0,
            0,
            0
        ],
        [
            104,
            0,
            6,
            1,
            355,
            0,
            0,
            0,
            0,
            0,
            0,
            0,
            0
        ],
        [
            8,
            0,
            0,
            0,
            0,
            306,
            0,
            0,
            2,
            0,
            0,
            0,
            0
        ],
        [
            12,
            0,
            0,
            0,
            0,
            0,
            314,
            0,
            0,
            0,
            0,
            0,
            0
        ],
        [
            269,
            0,
            0,
            0,
            1,
            0,
            0,
            0,
            0,
            0,
            0,
            0,
            0
        ],
        [
            0,
            0,
            0,
            0,
            0,
            0,
            0,
            0,
            235,
            0,
            0,
            0,
            0
        ],
        [
            20,
            0,
            0,
            0,
            3,
            0,
            3,
            0,
            0,
            41,
            0,
            0,
            0
        ],
        [
            16,
            1,
            1,
            0,
            1,
            0,
            0,
            0,
            0,
            0,
            0,
            0,
            0
        ],
        [
            3,
            0,
            0,
            0,
            0,
            0,
            0,
            0,
            0,
            0,
            0,
            0,
            0
        ],
        [
            2,
            0,
            0,
            0,
            0,
            0,
            0,
            0,
            0,
            0,
            0,
            0,
            0
        ]
    ],
    "feature_importance": {
        "Down/Up Ratio": 0.0913825757575755,
        "Dst Port": 0.8044507575757571,
        "FIN Flag Cnt": 0.0033143939393942595,
        "Flow Pkts/s": 0.17518939393939367,
        "Fwd Pkt Len Max": 0.780776515151515,
        "Init Bwd Win Byts": 0.25473484848484884,
        "Init Fwd Win Byts": 1.0,
        "Protocol": 0.2703598484848485
    },
    "params": {
        "nb_filters": 32,
        "kernel_size": 3,
        "lstm_units_1": 128,
        "lstm_units_2": 256,
        "dropout": 0.1,
        "lr": 0.0008204643365323959,
        "batch_size": 4096
    },
    "metrics_binary": {
        "task": "Trial Experiment_outliers_Timestamp_10.0 - Binary Task",
        "accuracy": 0.9585392131366794,
        "f1": 0.8666347992351816,
        "mcc": 0.8478424561270155,
        "auc": 0.972138795554331
    },
    "metrics_multiclass": {
        "task": "Trial Experiment_outliers_Timestamp_10.0 - Multiclass Task",
        "accuracy": 0.9562729873314262,
        "f1": 0.6104263463897935,
        "mcc": 0.8505452953491752,
        "auc": NaN
    }
}