{
    "model": "experiments/cnn_lstm_trial_Experiment_labels_FIN Flag Cnt_50.0.pt",
    "model_type": "CNN-LSTM",
    "label": "Experiment_labels_FIN Flag Cnt_50.0",
    "mcc_bin": 0.7229378457654754,
    "mcc_mul": 0.6948218589850496,
    "mean_mcc": 0.7088798523752624,
    "val_loss": 0.70094055469547,
    "cm_bin": [
        [
            21983,
            260
        ],
        [
            1711,
            2909
        ]
    ],
    "cm_mul": [
        [
            22155,
            1,
            26,
            0,
            0,
            57,
            2,
            0,
            2,
            0,
            0,
            0,
            0
        ],
        [
            1,
            1169,
            1,
            0,
            0,
            0,
            0,
            0,
            0,
            0,
            0,
            0,
            0
        ],
        [
            948,
            0,
            40,
            0,
            0,
            0,
            0,
            0,
            0,
            0,
            0,
            0,
            0
        ],
        [
            40,
            29,
            43,
            647,
            0,
            2,
            0,
            0,
            0,
            0,
            0,
            0,
            0
        ],
        [
            461,
            0,
            13,
            0,
            0,
            0,
            0,
            0,
            0,
            0,
            0,
            0,
            0
        ],
        [
            26,
            45,
            1,
            0,
            0,
            226,
            0,
            0,
            11,
            0,
            0,
            0,
            0
        ],
        [
            104,
            4,
            0,
            0,
            0,
            82,
            124,
            0,
            0,
            0,
            0,
            0,
            0
        ],
        [
            274,
            0,
            1,
            0,
            0,
            0,
            0,
            0,
            0,
            0,
            0,
            0,
            0
        ],
        [
            0,
            0,
            0,
            0,
            0,
            0,
            0,
            0,
            230,
            0,
            0,
            0,
            0
        ],
        [
            27,
            3,
            26,
            0,
            0,
            6,
            13,
            0,
            0,
            0,
            0,
            0,
            0
        ],
        [
            18,
            0,
            1,
            0,
            0,
            0,
            0,
            0,
            0,
            0,
            0,
            0,
            0
        ],
        [
            3,
            0,
            0,
            0,
            0,
            0,
            0,
            0,
            0,
            0,
            0,
            0,
            0
        ],
        [
            1,
            0,
            0,
            0,
            0,
            0,
            0,
            0,
            0,
            0,
            0,
            0,
            0
        ]
    ],
    "feature_importance": {
        "Down/Up Ratio": 0.020296215030169217,
        "Dst Port": 0.47668678003291276,
        "FIN Flag Cnt": 0.0,
        "Flow Pkts/s": 0.11080636313768523,
        "Fwd Pkt Len Max": 0.598464070213933,
        "Init Bwd Win Byts": 0.16730663741086085,
        "Init Fwd Win Byts": 1.0,
        "Protocol": 0.07185957213384427
    },
    "params": {
        "nb_filters": 32,
        "kernel_size": 3,
        "lstm_units_1": 128,
        "lstm_units_2": 256,
        "dropout": 0.1,
        "lr": 0.0008204643365323959,
        "batch_size": 4096
    },
    "metrics_binary": {
        "task": "Trial Experiment_labels_FIN Flag Cnt_50.0 - Binary Task",
        "accuracy": 0.9266277035327402,
        "f1": 0.7469508280908974,
        "mcc": 0.7229378457654754,
        "auc": 0.9381055190669452
    },
    "metrics_multiclass": {
        "task": "Trial Experiment_labels_FIN Flag Cnt_50.0 - Multiclass Task",
        "accuracy": 0.9154227003685367,
        "f1": 0.3918661569720371,
        "mcc": 0.6948218589850496,
        "auc": 0.9110744868706326
    }
}