{
    "model": "experiments/cnn_lstm_trial_Experiment_missing_Protocol_5.0.pt",
    "model_type": "CNN-LSTM",
    "label": "Experiment_missing_Protocol_5.0",
    "mcc_bin": 0.7329608726749567,
    "mcc_mul": 0.669095223890098,
    "mean_mcc": 0.7010280482825273,
    "val_loss": 0.8153528483318431,
    "cm_bin": [
        [
            22207,
            124
        ],
        [
            1773,
            2813
        ]
    ],
    "cm_mul": [
        [
            22241,
            0,
            13,
            0,
            0,
            76,
            0,
            0,
            1,
            0,
            0,
            0,
            0
        ],
        [
            1,
            1158,
            0,
            0,
            0,
            0,
            0,
            0,
            0,
            0,
            0,
            0,
            0
        ],
        [
            940,
            0,
            1,
            0,
            0,
            0,
            0,
            0,
            0,
            0,
            0,
            0,
            0
        ],
        [
            26,
            100,
            82,
            574,
            0,
            0,
            0,
            0,
            0,
            0,
            0,
            0,
            0
        ],
        [
            458,
            0,
            8,
            0,
            0,
            0,
            0,
            0,
            0,
            0,
            0,
            0,
            0
        ],
        [
            42,
            0,
            0,
            0,
            0,
            273,
            0,
            0,
            1,
            0,
            0,
            0,
            0
        ],
        [
            18,
            0,
            2,
            0,
            0,
            306,
            0,
            0,
            0,
            0,
            0,
            0,
            0
        ],
        [
            266,
            0,
            1,
            0,
            0,
            3,
            0,
            0,
            0,
            0,
            0,
            0,
            0
        ],
        [
            0,
            0,
            0,
            0,
            0,
            0,
            0,
            0,
            235,
            0,
            0,
            0,
            0
        ],
        [
            29,
            3,
            34,
            0,
            0,
            1,
            0,
            0,
            0,
            0,
            0,
            0,
            0
        ],
        [
            19,
            0,
            0,
            0,
            0,
            0,
            0,
            0,
            0,
            0,
            0,
            0,
            0
        ],
        [
            3,
            0,
            0,
            0,
            0,
            0,
            0,
            0,
            0,
            0,
            0,
            0,
            0
        ],
        [
            2,
            0,
            0,
            0,
            0,
            0,
            0,
            0,
            0,
            0,
            0,
            0,
            0
        ]
    ],
    "feature_importance": {
        "Down/Up Ratio": 0.09178522257916484,
        "Dst Port": 0.42817806333180436,
        "FIN Flag Cnt": 0.0004589261128960642,
        "Flow Pkts/s": 0.19871500688389157,
        "Fwd Pkt Len Max": 0.4635153740247821,
        "Init Bwd Win Byts": 0.10050481872418594,
        "Init Fwd Win Byts": 1.0,
        "Protocol": 0.01835704451583297
    },
    "params": {
        "nb_filters": 32,
        "kernel_size": 3,
        "lstm_units_1": 128,
        "lstm_units_2": 256,
        "dropout": 0.1,
        "lr": 0.0008204643365323959,
        "batch_size": 4096
    },
    "metrics_binary": {
        "task": "Trial Experiment_missing_Protocol_5.0 - Binary Task",
        "accuracy": 0.9295240925808969,
        "f1": 0.7478399574637777,
        "mcc": 0.7329608726749567,
        "auc": 0.938642748890279
    },
    "metrics_multiclass": {
        "task": "Trial Experiment_missing_Protocol_5.0 - Multiclass Task",
        "accuracy": 0.9095367240034179,
        "f1": 0.3323387318464058,
        "mcc": 0.669095223890098,
        "auc": NaN
    }
}