{
    "model": "experiments/cnn_lstm_trial_Experiment_missing_Timestamp_50.0.pt",
    "model_type": "CNN-LSTM",
    "label": "Experiment_missing_Timestamp_50.0",
    "mcc_bin": 0.7179803451608127,
    "mcc_mul": 0.6819308926594014,
    "mean_mcc": 0.699955618910107,
    "val_loss": 0.735042992713196,
    "cm_bin": [
        [
            22191,
            140
        ],
        [
            1853,
            2733
        ]
    ],
    "cm_mul": [
        [
            22274,
            1,
            17,
            0,
            0,
            37,
            0,
            0,
            2,
            0,
            0,
            0,
            0
        ],
        [
            2,
            1156,
            0,
            0,
            0,
            1,
            0,
            0,
            0,
            0,
            0,
            0,
            0
        ],
        [
            941,
            0,
            0,
            0,
            0,
            0,
            0,
            0,
            0,
            0,
            0,
            0,
            0
        ],
        [
            9,
            89,
            20,
            662,
            0,
            0,
            2,
            0,
            0,
            0,
            0,
            0,
            0
        ],
        [
            441,
            2,
            23,
            0,
            0,
            0,
            0,
            0,
            0,
            0,
            0,
            0,
            0
        ],
        [
            54,
            0,
            0,
            0,
            0,
            258,
            0,
            0,
            4,
            0,
            0,
            0,
            0
        ],
        [
            302,
            0,
            24,
            0,
            0,
            0,
            0,
            0,
            0,
            0,
            0,
            0,
            0
        ],
        [
            270,
            0,
            0,
            0,
            0,
            0,
            0,
            0,
            0,
            0,
            0,
            0,
            0
        ],
        [
            0,
            0,
            0,
            0,
            0,
            2,
            0,
            0,
            233,
            0,
            0,
            0,
            0
        ],
        [
            44,
            2,
            21,
            0,
            0,
            0,
            0,
            0,
            0,
            0,
            0,
            0,
            0
        ],
        [
            19,
            0,
            0,
            0,
            0,
            0,
            0,
            0,
            0,
            0,
            0,
            0,
            0
        ],
        [
            3,
            0,
            0,
            0,
            0,
            0,
            0,
            0,
            0,
            0,
            0,
            0,
            0
        ],
        [
            2,
            0,
            0,
            0,
            0,
            0,
            0,
            0,
            0,
            0,
            0,
            0,
            0
        ]
    ],
    "feature_importance": {
        "Down/Up Ratio": 0.02203721841332011,
        "Dst Port": 0.40156709108717054,
        "FIN Flag Cnt": 0.0,
        "Flow Pkts/s": 0.07247796278158661,
        "Fwd Pkt Len Max": 0.657198824681685,
        "Init Bwd Win Byts": 0.13124387855044073,
        "Init Fwd Win Byts": 1.0,
        "Protocol": 0.04162585700293815
    },
    "params": {
        "nb_filters": 32,
        "kernel_size": 3,
        "lstm_units_1": 128,
        "lstm_units_2": 256,
        "dropout": 0.1,
        "lr": 0.0008204643365323959,
        "batch_size": 4096
    },
    "metrics_binary": {
        "task": "Trial Experiment_missing_Timestamp_50.0 - Binary Task",
        "accuracy": 0.9259575732808263,
        "f1": 0.7328060061670465,
        "mcc": 0.7179803451608127,
        "auc": 0.946793308182526
    },
    "metrics_multiclass": {
        "task": "Trial Experiment_missing_Timestamp_50.0 - Multiclass Task",
        "accuracy": 0.9132889995170338,
        "f1": 0.35801747296955,
        "mcc": 0.6819308926594014,
        "auc": NaN
    }
}