{
    "model": "experiments/cnn_lstm_trial_Experiment_missing_Timestamp_1.0.pt",
    "model_type": "CNN-LSTM",
    "label": "Experiment_missing_Timestamp_1.0",
    "mcc_bin": 0.7437997395753709,
    "mcc_mul": 0.6863408076991517,
    "mean_mcc": 0.7150702736372614,
    "val_loss": 0.6520065935328603,
    "cm_bin": [
        [
            22214,
            111
        ],
        [
            1718,
            2874
        ]
    ],
    "cm_mul": [
        [
            22242,
            3,
            0,
            5,
            19,
            4,
            51,
            0,
            1,
            0,
            0,
            0,
            0
        ],
        [
            2,
            880,
            0,
            0,
            41,
            10,
            3,
            0,
            0,
            204,
            0,
            0,
            0
        ],
        [
            958,
            0,
            0,
            1,
            1,
            0,
            0,
            0,
            0,
            0,
            0,
            0,
            0
        ],
        [
            28,
            0,
            0,
            742,
            0,
            0,
            1,
            0,
            0,
            0,
            0,
            0,
            0
        ],
        [
            446,
            0,
            0,
            15,
            49,
            0,
            0,
            0,
            0,
            0,
            0,
            0,
            0
        ],
        [
            150,
            1,
            0,
            0,
            0,
            142,
            0,
            0,
            4,
            0,
            0,
            0,
            0
        ],
        [
            5,
            0,
            0,
            0,
            0,
            0,
            311,
            0,
            0,
            0,
            0,
            0,
            0
        ],
        [
            282,
            0,
            0,
            0,
            0,
            1,
            0,
            0,
            0,
            0,
            0,
            0,
            0
        ],
        [
            1,
            2,
            0,
            0,
            1,
            2,
            0,
            0,
            231,
            0,
            0,
            0,
            0
        ],
        [
            23,
            9,
            0,
            3,
            11,
            0,
            8,
            0,
            0,
            1,
            0,
            0,
            0
        ],
        [
            21,
            0,
            0,
            0,
            0,
            0,
            0,
            0,
            0,
            0,
            0,
            0,
            0
        ],
        [
            1,
            0,
            0,
            0,
            0,
            0,
            0,
            0,
            0,
            0,
            0,
            0,
            0
        ],
        [
            1,
            0,
            0,
            0,
            0,
            0,
            0,
            0,
            0,
            0,
            0,
            0,
            0
        ]
    ],
    "feature_importance": {
        "Down/Up Ratio": 0.03158559696778228,
        "Dst Port": 0.8445988629185107,
        "FIN Flag Cnt": 0.0012634238787119707,
        "Flow Pkts/s": 0.11560328490208491,
        "Fwd Pkt Len Max": 0.5963360707517387,
        "Init Bwd Win Byts": 0.21415034744156766,
        "Init Fwd Win Byts": 1.0,
        "Protocol": 0.17498420720151733
    },
    "params": {
        "nb_filters": 32,
        "kernel_size": 3,
        "lstm_units_1": 128,
        "lstm_units_2": 256,
        "dropout": 0.1,
        "lr": 0.0008204643365323959,
        "batch_size": 4096
    },
    "metrics_binary": {
        "task": "Trial Experiment_missing_Timestamp_1.0 - Binary Task",
        "accuracy": 0.9320503770851135,
        "f1": 0.7586115876996172,
        "mcc": 0.7437997395753709,
        "auc": 0.9563363032646484
    },
    "metrics_multiclass": {
        "task": "Trial Experiment_missing_Timestamp_1.0 - Multiclass Task",
        "accuracy": 0.9138462681576699,
        "f1": 0.4193147723162324,
        "mcc": 0.6863408076991517,
        "auc": NaN
    }
}