{
    "model": "experiments/cnn_lstm_trial_Experiment_outliers_Timestamp_20.0.pt",
    "model_type": "CNN-LSTM",
    "label": "Experiment_outliers_Timestamp_20.0",
    "mcc_bin": 0.9200323365354272,
    "mcc_mul": 0.9205971129477608,
    "mean_mcc": 0.9203147247415939,
    "val_loss": 0.190720050994839,
    "cm_bin": [
        [
            22077,
            254
        ],
        [
            350,
            4236
        ]
    ],
    "cm_mul": [
        [
            22075,
            3,
            224,
            1,
            13,
            3,
            5,
            0,
            0,
            6,
            0,
            1,
            0
        ],
        [
            0,
            1159,
            0,
            0,
            0,
            0,
            0,
            0,
            0,
            0,
            0,
            0,
            0
        ],
        [
            39,
            0,
            902,
            0,
            0,
            0,
            0,
            0,
            0,
            0,
            0,
            0,
            0
        ],
        [
            1,
            7,
            9,
            751,
            0,
            0,
            0,
            0,
            0,
            14,
            0,
            0,
            0
        ],
        [
            11,
            0,
            2,
            0,
            453,
            0,
            0,
            0,
            0,
            0,
            0,
            0,
            0
        ],
        [
            0,
            0,
            0,
            0,
            0,
            316,
            0,
            0,
            0,
            0,
            0,
            0,
            0
        ],
        [
            2,
            0,
            0,
            0,
            0,
            0,
            324,
            0,
            0,
            0,
            0,
            0,
            0
        ],
        [
            266,
            0,
            3,
            0,
            0,
            1,
            0,
            0,
            0,
            0,
            0,
            0,
            0
        ],
        [
            0,
            0,
            0,
            0,
            0,
            2,
            0,
            0,
            233,
            0,
            0,
            0,
            0
        ],
        [
            13,
            2,
            0,
            0,
            0,
            0,
            1,
            0,
            0,
            51,
            0,
            0,
            0
        ],
        [
            18,
            0,
            1,
            0,
            0,
            0,
            0,
            0,
            0,
            0,
            0,
            0,
            0
        ],
        [
            2,
            0,
            0,
            0,
            0,
            0,
            0,
            0,
            0,
            0,
            0,
            1,
            0
        ],
        [
            2,
            0,
            0,
            0,
            0,
            0,
            0,
            0,
            0,
            0,
            0,
            0,
            0
        ]
    ],
    "feature_importance": {
        "Down/Up Ratio": 0.0710059171597639,
        "Dst Port": 0.8216398985629755,
        "FIN Flag Cnt": 0.006339814032121259,
        "Flow Pkts/s": 0.20710059171597625,
        "Fwd Pkt Len Max": 0.9437869822485203,
        "Init Bwd Win Byts": 0.21978021978022005,
        "Init Fwd Win Byts": 1.0,
        "Protocol": 0.5912933220625534
    },
    "params": {
        "nb_filters": 32,
        "kernel_size": 3,
        "lstm_units_1": 128,
        "lstm_units_2": 256,
        "dropout": 0.1,
        "lr": 0.0008204643365323959,
        "batch_size": 4096
    },
    "metrics_binary": {
        "task": "Trial Experiment_outliers_Timestamp_20.0 - Binary Task",
        "accuracy": 0.9775606494037226,
        "f1": 0.9334508594094315,
        "mcc": 0.9200323365354272,
        "auc": 0.9818366407816208
    },
    "metrics_multiclass": {
        "task": "Trial Experiment_outliers_Timestamp_20.0 - Multiclass Task",
        "accuracy": 0.9757773897536872,
        "f1": 0.6855535398703366,
        "mcc": 0.9205971129477608,
        "auc": NaN
    }
}