{
    "model": "experiments/cnn_lstm_trial_Experiment_labels_FIN Flag Cnt_10.0.pt",
    "model_type": "CNN-LSTM",
    "label": "Experiment_labels_FIN Flag Cnt_10.0",
    "mcc_bin": 0.7310784176930288,
    "mcc_mul": 0.689875505998207,
    "mean_mcc": 0.7104769618456179,
    "val_loss": 0.8138672690838575,
    "cm_bin": [
        [
            22203,
            128
        ],
        [
            1781,
            2805
        ]
    ],
    "cm_mul": [
        [
            22202,
            1,
            3,
            0,
            0,
            99,
            23,
            0,
            3,
            0,
            0,
            0,
            0
        ],
        [
            1,
            1157,
            1,
            0,
            0,
            0,
            0,
            0,
            0,
            0,
            0,
            0,
            0
        ],
        [
            939,
            0,
            2,
            0,
            0,
            0,
            0,
            0,
            0,
            0,
            0,
            0,
            0
        ],
        [
            35,
            0,
            330,
            416,
            0,
            0,
            0,
            0,
            0,
            1,
            0,
            0,
            0
        ],
        [
            462,
            0,
            4,
            0,
            0,
            0,
            0,
            0,
            0,
            0,
            0,
            0,
            0
        ],
        [
            21,
            0,
            0,
            0,
            0,
            292,
            0,
            0,
            3,
            0,
            0,
            0,
            0
        ],
        [
            7,
            0,
            1,
            0,
            0,
            0,
            318,
            0,
            0,
            0,
            0,
            0,
            0
        ],
        [
            269,
            0,
            0,
            0,
            0,
            1,
            0,
            0,
            0,
            0,
            0,
            0,
            0
        ],
        [
            0,
            0,
            0,
            0,
            0,
            1,
            0,
            0,
            234,
            0,
            0,
            0,
            0
        ],
        [
            30,
            0,
            5,
            0,
            0,
            0,
            30,
            0,
            0,
            2,
            0,
            0,
            0
        ],
        [
            19,
            0,
            0,
            0,
            0,
            0,
            0,
            0,
            0,
            0,
            0,
            0,
            0
        ],
        [
            3,
            0,
            0,
            0,
            0,
            0,
            0,
            0,
            0,
            0,
            0,
            0,
            0
        ],
        [
            2,
            0,
            0,
            0,
            0,
            0,
            0,
            0,
            0,
            0,
            0,
            0,
            0
        ]
    ],
    "feature_importance": {
        "Down/Up Ratio": 0.15715245130960379,
        "Dst Port": 0.44190732034922836,
        "FIN Flag Cnt": 0.0,
        "Flow Pkts/s": 0.060443250503693306,
        "Fwd Pkt Len Max": 0.4593687038280723,
        "Init Bwd Win Byts": 0.12693082605775713,
        "Init Fwd Win Byts": 1.0,
        "Protocol": 0.12894560107454597
    },
    "params": {
        "nb_filters": 32,
        "kernel_size": 3,
        "lstm_units_1": 128,
        "lstm_units_2": 256,
        "dropout": 0.1,
        "lr": 0.0008204643365323959,
        "batch_size": 4096
    },
    "metrics_binary": {
        "task": "Trial Experiment_labels_FIN Flag Cnt_10.0 - Binary Task",
        "accuracy": 0.929078277668388,
        "f1": 0.7461098550339141,
        "mcc": 0.7310784176930288,
        "auc": 0.950884462748479
    },
    "metrics_multiclass": {
        "task": "Trial Experiment_labels_FIN Flag Cnt_10.0 - Multiclass Task",
        "accuracy": 0.9147750492253965,
        "f1": 0.417961719469112,
        "mcc": 0.689875505998207,
        "auc": NaN
    }
}