{
    "model": "experiments/cnn_lstm_trial_Experiment_outliers_Timestamp_50.0.pt",
    "model_type": "CNN-LSTM",
    "label": "Experiment_outliers_Timestamp_50.0",
    "mcc_bin": 0.933005288014562,
    "mcc_mul": 0.9348864172647006,
    "mean_mcc": 0.9339458526396313,
    "val_loss": 0.16260376732264245,
    "cm_bin": [
        [
            22072,
            171
        ],
        [
            336,
            4284
        ]
    ],
    "cm_mul": [
        [
            22084,
            0,
            146,
            0,
            4,
            1,
            2,
            0,
            0,
            6,
            0,
            0,
            0
        ],
        [
            0,
            1171,
            0,
            0,
            0,
            0,
            0,
            0,
            0,
            0,
            0,
            0,
            0
        ],
        [
            28,
            0,
            960,
            0,
            0,
            0,
            0,
            0,
            0,
            0,
            0,
            0,
            0
        ],
        [
            2,
            1,
            11,
            741,
            0,
            0,
            0,
            0,
            0,
            6,
            0,
            0,
            0
        ],
        [
            19,
            0,
            2,
            1,
            452,
            0,
            0,
            0,
            0,
            0,
            0,
            0,
            0
        ],
        [
            0,
            0,
            0,
            0,
            0,
            309,
            0,
            0,
            0,
            0,
            0,
            0,
            0
        ],
        [
            1,
            0,
            0,
            0,
            0,
            0,
            313,
            0,
            0,
            0,
            0,
            0,
            0
        ],
        [
            274,
            0,
            1,
            0,
            0,
            0,
            0,
            0,
            0,
            0,
            0,
            0,
            0
        ],
        [
            0,
            0,
            0,
            0,
            0,
            2,
            0,
            0,
            228,
            0,
            0,
            0,
            0
        ],
        [
            5,
            0,
            0,
            0,
            0,
            0,
            0,
            0,
            0,
            70,
            0,
            0,
            0
        ],
        [
            13,
            1,
            1,
            1,
            0,
            0,
            0,
            0,
            0,
            3,
            0,
            0,
            0
        ],
        [
            3,
            0,
            0,
            0,
            0,
            0,
            0,
            0,
            0,
            0,
            0,
            0,
            0
        ],
        [
            1,
            0,
            0,
            0,
            0,
            0,
            0,
            0,
            0,
            0,
            0,
            0,
            0
        ]
    ],
    "feature_importance": {
        "Down/Up Ratio": 0.06571535861810036,
        "Dst Port": 0.6042057829515585,
        "FIN Flag Cnt": 0.0030041306796854076,
        "Flow Pkts/s": 0.1896357491550887,
        "Fwd Pkt Len Max": 1.0,
        "Init Bwd Win Byts": 0.23695080736012042,
        "Init Fwd Win Byts": 0.9083740142696208,
        "Protocol": 0.4284641381900114
    },
    "params": {
        "nb_filters": 32,
        "kernel_size": 3,
        "lstm_units_1": 128,
        "lstm_units_2": 256,
        "dropout": 0.1,
        "lr": 0.0008204643365323959,
        "batch_size": 4096
    },
    "metrics_binary": {
        "task": "Trial Experiment_outliers_Timestamp_50.0 - Binary Task",
        "accuracy": 0.9811264564642818,
        "f1": 0.9441322314049587,
        "mcc": 0.933005288014562,
        "auc": 0.9883129922872763
    },
    "metrics_multiclass": {
        "task": "Trial Experiment_outliers_Timestamp_50.0 - Multiclass Task",
        "accuracy": 0.9800841305885418,
        "f1": 0.6705134311066016,
        "mcc": 0.9348864172647006,
        "auc": NaN
    }
}