{
    "model": "experiments/cnn_lstm_trial_Experiment_outliers_Timestamp_10.0.pt",
    "model_type": "CNN-LSTM",
    "label": "Experiment_outliers_Timestamp_10.0",
    "mcc_bin": 0.8884522040700698,
    "mcc_mul": 0.8930459387846987,
    "mean_mcc": 0.8907490714273842,
    "val_loss": 0.25118484667369295,
    "cm_bin": [
        [
            21805,
            438
        ],
        [
            417,
            4203
        ]
    ],
    "cm_mul": [
        [
            21843,
            8,
            321,
            6,
            22,
            3,
            23,
            1,
            3,
            7,
            6,
            0,
            0
        ],
        [
            0,
            1171,
            0,
            0,
            0,
            0,
            0,
            0,
            0,
            0,
            0,
            0,
            0
        ],
        [
            106,
            0,
            875,
            5,
            2,
            0,
            0,
            0,
            0,
            0,
            0,
            0,
            0
        ],
        [
            1,
            0,
            7,
            752,
            0,
            0,
            0,
            0,
            0,
            1,
            0,
            0,
            0
        ],
        [
            38,
            0,
            10,
            0,
            426,
            0,
            0,
            0,
            0,
            0,
            0,
            0,
            0
        ],
        [
            3,
            0,
            0,
            0,
            0,
            305,
            0,
            0,
            1,
            0,
            0,
            0,
            0
        ],
        [
            1,
            0,
            0,
            0,
            0,
            0,
            313,
            0,
            0,
            0,
            0,
            0,
            0
        ],
        [
            267,
            0,
            7,
            0,
            1,
            0,
            0,
            0,
            0,
            0,
            0,
            0,
            0
        ],
        [
            0,
            0,
            0,
            0,
            0,
            0,
            0,
            0,
            230,
            0,
            0,
            0,
            0
        ],
        [
            4,
            0,
            1,
            6,
            3,
            0,
            1,
            0,
            0,
            60,
            0,
            0,
            0
        ],
        [
            10,
            2,
            3,
            0,
            3,
            0,
            1,
            0,
            0,
            0,
            0,
            0,
            0
        ],
        [
            3,
            0,
            0,
            0,
            0,
            0,
            0,
            0,
            0,
            0,
            0,
            0,
            0
        ],
        [
            1,
            0,
            0,
            0,
            0,
            0,
            0,
            0,
            0,
            0,
            0,
            0,
            0
        ]
    ],
    "feature_importance": {
        "Down/Up Ratio": 0.06734207389749639,
        "Dst Port": 0.676400476758045,
        "FIN Flag Cnt": 0.0,
        "Flow Pkts/s": 0.14272943980929687,
        "Fwd Pkt Len Max": 0.8262812872467223,
        "Init Bwd Win Byts": 0.21811680572109649,
        "Init Fwd Win Byts": 0.7994636471990462,
        "Protocol": 1.0
    },
    "params": {
        "nb_filters": 32,
        "kernel_size": 3,
        "lstm_units_1": 128,
        "lstm_units_2": 256,
        "dropout": 0.1,
        "lr": 0.0008204643365323959,
        "batch_size": 4096
    },
    "metrics_binary": {
        "task": "Trial Experiment_outliers_Timestamp_10.0 - Binary Task",
        "accuracy": 0.9681718348658005,
        "f1": 0.9076773566569485,
        "mcc": 0.8884522040700698,
        "auc": 0.9766451257684453
    },
    "metrics_multiclass": {
        "task": "Trial Experiment_outliers_Timestamp_10.0 - Multiclass Task",
        "accuracy": 0.9669433793693929,
        "f1": 0.6496633505843881,
        "mcc": 0.8930459387846987,
        "auc": NaN
    }
}