{
    "model": "experiments/cnn_lstm_trial_Experiment_outliers_Down_Up Ratio_75.0.pt",
    "model_type": "CNN-LSTM",
    "label": "Experiment_outliers_Down_Up Ratio_75.0",
    "mcc_bin": 0.7311747443966715,
    "mcc_mul": 0.7186637960024719,
    "mean_mcc": 0.7249192701995717,
    "val_loss": 0.6652148440480232,
    "cm_bin": [
        [
            22267,
            64
        ],
        [
            1850,
            2736
        ]
    ],
    "cm_mul": [
        [
            22295,
            1,
            0,
            2,
            0,
            19,
            13,
            0,
            0,
            1,
            0,
            0,
            0
        ],
        [
            0,
            1158,
            0,
            1,
            0,
            0,
            0,
            0,
            0,
            0,
            0,
            0,
            0
        ],
        [
            941,
            0,
            0,
            0,
            0,
            0,
            0,
            0,
            0,
            0,
            0,
            0,
            0
        ],
        [
            159,
            1,
            0,
            618,
            0,
            0,
            4,
            0,
            0,
            0,
            0,
            0,
            0
        ],
        [
            466,
            0,
            0,
            0,
            0,
            0,
            0,
            0,
            0,
            0,
            0,
            0,
            0
        ],
        [
            88,
            0,
            0,
            0,
            0,
            228,
            0,
            0,
            0,
            0,
            0,
            0,
            0
        ],
        [
            43,
            1,
            0,
            0,
            0,
            3,
            278,
            0,
            1,
            0,
            0,
            0,
            0
        ],
        [
            269,
            0,
            0,
            1,
            0,
            0,
            0,
            0,
            0,
            0,
            0,
            0,
            0
        ],
        [
            0,
            0,
            0,
            0,
            0,
            0,
            0,
            0,
            235,
            0,
            0,
            0,
            0
        ],
        [
            43,
            1,
            0,
            7,
            0,
            0,
            15,
            0,
            0,
            1,
            0,
            0,
            0
        ],
        [
            18,
            0,
            0,
            1,
            0,
            0,
            0,
            0,
            0,
            0,
            0,
            0,
            0
        ],
        [
            3,
            0,
            0,
            0,
            0,
            0,
            0,
            0,
            0,
            0,
            0,
            0,
            0
        ],
        [
            2,
            0,
            0,
            0,
            0,
            0,
            0,
            0,
            0,
            0,
            0,
            0,
            0
        ]
    ],
    "feature_importance": {
        "Down/Up Ratio": 0.0015898251192377174,
        "Dst Port": 0.6184419713831489,
        "FIN Flag Cnt": 0.0026497085320612785,
        "Flow Pkts/s": 0.2957074721780602,
        "Fwd Pkt Len Max": 0.458929517753047,
        "Init Bwd Win Byts": 0.06094329623741416,
        "Init Fwd Win Byts": 1.0,
        "Protocol": 0.15421303656597782
    },
    "params": {
        "nb_filters": 32,
        "kernel_size": 3,
        "lstm_units_1": 128,
        "lstm_units_2": 256,
        "dropout": 0.1,
        "lr": 0.0008204643365323959,
        "batch_size": 4096
    },
    "metrics_binary": {
        "task": "Trial Experiment_outliers_Down_Up Ratio_75.0 - Binary Task",
        "accuracy": 0.9288925214548427,
        "f1": 0.7408610885458976,
        "mcc": 0.7311747443966715,
        "auc": 0.9553737865707328
    },
    "metrics_multiclass": {
        "task": "Trial Experiment_outliers_Down_Up Ratio_75.0 - Multiclass Task",
        "accuracy": 0.9218337853401196,
        "f1": 0.4258159429592788,
        "mcc": 0.7186637960024719,
        "auc": NaN
    }
}