{
    "model": "experiments/cnn_lstm_trial_Experiment_noise_Timestamp_20.0.pt",
    "model_type": "CNN-LSTM",
    "label": "Experiment_noise_Timestamp_20.0",
    "mcc_bin": 0.8172765078726214,
    "mcc_mul": 0.8131079628517937,
    "mean_mcc": 0.8151922353622075,
    "val_loss": 0.4213106134640319,
    "cm_bin": [
        [
            22159,
            172
        ],
        [
            1157,
            3429
        ]
    ],
    "cm_mul": [
        [
            22204,
            0,
            74,
            5,
            16,
            10,
            17,
            0,
            0,
            5,
            0,
            0,
            0
        ],
        [
            1,
            1157,
            1,
            0,
            0,
            0,
            0,
            0,
            0,
            0,
            0,
            0,
            0
        ],
        [
            555,
            0,
            386,
            0,
            0,
            0,
            0,
            0,
            0,
            0,
            0,
            0,
            0
        ],
        [
            5,
            0,
            1,
            776,
            0,
            0,
            0,
            0,
            0,
            0,
            0,
            0,
            0
        ],
        [
            374,
            0,
            22,
            0,
            70,
            0,
            0,
            0,
            0,
            0,
            0,
            0,
            0
        ],
        [
            20,
            0,
            0,
            0,
            0,
            296,
            0,
            0,
            0,
            0,
            0,
            0,
            0
        ],
        [
            8,
            0,
            0,
            0,
            0,
            9,
            309,
            0,
            0,
            0,
            0,
            0,
            0
        ],
        [
            268,
            0,
            1,
            0,
            0,
            1,
            0,
            0,
            0,
            0,
            0,
            0,
            0
        ],
        [
            0,
            0,
            0,
            0,
            0,
            1,
            0,
            0,
            234,
            0,
            0,
            0,
            0
        ],
        [
            22,
            0,
            2,
            0,
            2,
            0,
            5,
            0,
            0,
            36,
            0,
            0,
            0
        ],
        [
            19,
            0,
            0,
            0,
            0,
            0,
            0,
            0,
            0,
            0,
            0,
            0,
            0
        ],
        [
            3,
            0,
            0,
            0,
            0,
            0,
            0,
            0,
            0,
            0,
            0,
            0,
            0
        ],
        [
            2,
            0,
            0,
            0,
            0,
            0,
            0,
            0,
            0,
            0,
            0,
            0,
            0
        ]
    ],
    "feature_importance": {
        "Down/Up Ratio": 0.05560064935064937,
        "Dst Port": 0.4622564935064931,
        "FIN Flag Cnt": 0.0,
        "Flow Pkts/s": 0.14326298701298687,
        "Fwd Pkt Len Max": 0.5113636363636362,
        "Init Bwd Win Byts": 0.23254870129870064,
        "Init Fwd Win Byts": 1.0,
        "Protocol": 0.16923701298701313
    },
    "params": {
        "nb_filters": 32,
        "kernel_size": 3,
        "lstm_units_1": 128,
        "lstm_units_2": 256,
        "dropout": 0.1,
        "lr": 0.0008204643365323959,
        "batch_size": 4096
    },
    "metrics_binary": {
        "task": "Trial Experiment_noise_Timestamp_20.0 - Binary Task",
        "accuracy": 0.9506259984396478,
        "f1": 0.8376694759985343,
        "mcc": 0.8172765078726214,
        "auc": 0.9714868863446358
    },
    "metrics_multiclass": {
        "task": "Trial Experiment_noise_Timestamp_20.0 - Multiclass Task",
        "accuracy": 0.9461678493145596,
        "f1": 0.561167564441078,
        "mcc": 0.8131079628517937,
        "auc": NaN
    }
}