{
    "model": "experiments/cnn_lstm_trial_Experiment_noise_Down_Up Ratio_1.0.pt",
    "model_type": "CNN-LSTM",
    "label": "Experiment_noise_Down_Up Ratio_1.0",
    "mcc_bin": 0.7165707494093431,
    "mcc_mul": 0.5985955415602746,
    "mean_mcc": 0.6575831454848089,
    "val_loss": 0.8188789296629173,
    "cm_bin": [
        [
            22070,
            261
        ],
        [
            1739,
            2847
        ]
    ],
    "cm_mul": [
        [
            22106,
            9,
            15,
            0,
            0,
            169,
            32,
            0,
            0,
            0,
            0,
            0,
            0
        ],
        [
            1,
            1158,
            0,
            0,
            0,
            0,
            0,
            0,
            0,
            0,
            0,
            0,
            0
        ],
        [
            924,
            0,
            17,
            0,
            0,
            0,
            0,
            0,
            0,
            0,
            0,
            0,
            0
        ],
        [
            41,
            19,
            691,
            23,
            0,
            0,
            8,
            0,
            0,
            0,
            0,
            0,
            0
        ],
        [
            459,
            0,
            7,
            0,
            0,
            0,
            0,
            0,
            0,
            0,
            0,
            0,
            0
        ],
        [
            11,
            0,
            0,
            0,
            0,
            264,
            0,
            0,
            41,
            0,
            0,
            0,
            0
        ],
        [
            83,
            41,
            0,
            0,
            0,
            8,
            194,
            0,
            0,
            0,
            0,
            0,
            0
        ],
        [
            242,
            2,
            1,
            0,
            0,
            24,
            1,
            0,
            0,
            0,
            0,
            0,
            0
        ],
        [
            0,
            0,
            0,
            0,
            0,
            0,
            0,
            0,
            235,
            0,
            0,
            0,
            0
        ],
        [
            31,
            23,
            3,
            0,
            0,
            0,
            10,
            0,
            0,
            0,
            0,
            0,
            0
        ],
        [
            19,
            0,
            0,
            0,
            0,
            0,
            0,
            0,
            0,
            0,
            0,
            0,
            0
        ],
        [
            3,
            0,
            0,
            0,
            0,
            0,
            0,
            0,
            0,
            0,
            0,
            0,
            0
        ],
        [
            2,
            0,
            0,
            0,
            0,
            0,
            0,
            0,
            0,
            0,
            0,
            0,
            0
        ]
    ],
    "feature_importance": {
        "Down/Up Ratio": 0.00045871559633051546,
        "Dst Port": 0.5403669724770634,
        "FIN Flag Cnt": 0.0,
        "Flow Pkts/s": 0.18761467889908212,
        "Fwd Pkt Len Max": 0.48027522935779743,
        "Init Bwd Win Byts": 0.18761467889908212,
        "Init Fwd Win Byts": 1.0,
        "Protocol": 0.24862385321100913
    },
    "params": {
        "nb_filters": 32,
        "kernel_size": 3,
        "lstm_units_1": 128,
        "lstm_units_2": 256,
        "dropout": 0.1,
        "lr": 0.0008204643365323959,
        "batch_size": 4096
    },
    "metrics_binary": {
        "task": "Trial Experiment_noise_Down_Up Ratio_1.0 - Binary Task",
        "accuracy": 0.9256975145818628,
        "f1": 0.7400571874187679,
        "mcc": 0.7165707494093431,
        "auc": 0.9416176742017471
    },
    "metrics_multiclass": {
        "task": "Trial Experiment_noise_Down_Up Ratio_1.0 - Multiclass Task",
        "accuracy": 0.8915183712895196,
        "f1": 0.32840329971527804,
        "mcc": 0.5985955415602746,
        "auc": NaN
    }
}