{
    "model": "experiments/cnn_lstm_trial_Experiment_outliers_Down_Up Ratio_70.0.pt",
    "model_type": "CNN-LSTM",
    "label": "Experiment_outliers_Down_Up Ratio_70.0",
    "mcc_bin": 0.731328423726876,
    "mcc_mul": 0.7293198945717394,
    "mean_mcc": 0.7303241591493077,
    "val_loss": 0.6372130372162376,
    "cm_bin": [
        [
            22071,
            172
        ],
        [
            1745,
            2875
        ]
    ],
    "cm_mul": [
        [
            22092,
            0,
            0,
            0,
            21,
            89,
            34,
            0,
            2,
            5,
            0,
            0,
            0
        ],
        [
            1,
            1170,
            0,
            0,
            0,
            0,
            0,
            0,
            0,
            0,
            0,
            0,
            0
        ],
        [
            988,
            0,
            0,
            0,
            0,
            0,
            0,
            0,
            0,
            0,
            0,
            0,
            0
        ],
        [
            187,
            0,
            0,
            560,
            7,
            0,
            0,
            0,
            0,
            7,
            0,
            0,
            0
        ],
        [
            363,
            0,
            0,
            0,
            110,
            1,
            0,
            0,
            0,
            0,
            0,
            0,
            0
        ],
        [
            1,
            0,
            0,
            0,
            0,
            308,
            0,
            0,
            0,
            0,
            0,
            0,
            0
        ],
        [
            2,
            0,
            0,
            0,
            0,
            1,
            311,
            0,
            0,
            0,
            0,
            0,
            0
        ],
        [
            273,
            0,
            0,
            0,
            0,
            2,
            0,
            0,
            0,
            0,
            0,
            0,
            0
        ],
        [
            0,
            0,
            0,
            0,
            0,
            0,
            0,
            0,
            230,
            0,
            0,
            0,
            0
        ],
        [
            23,
            0,
            0,
            0,
            7,
            0,
            12,
            0,
            0,
            33,
            0,
            0,
            0
        ],
        [
            19,
            0,
            0,
            0,
            0,
            0,
            0,
            0,
            0,
            0,
            0,
            0,
            0
        ],
        [
            3,
            0,
            0,
            0,
            0,
            0,
            0,
            0,
            0,
            0,
            0,
            0,
            0
        ],
        [
            1,
            0,
            0,
            0,
            0,
            0,
            0,
            0,
            0,
            0,
            0,
            0,
            0
        ]
    ],
    "feature_importance": {
        "Down/Up Ratio": 0.0,
        "Dst Port": 0.6803652968036523,
        "FIN Flag Cnt": 0.0016604400166036289,
        "Flow Pkts/s": 0.15940224159402264,
        "Fwd Pkt Len Max": 0.3329182233291817,
        "Init Bwd Win Byts": 0.07264425072644187,
        "Init Fwd Win Byts": 1.0,
        "Protocol": 0.0892486508924856
    },
    "params": {
        "nb_filters": 32,
        "kernel_size": 3,
        "lstm_units_1": 128,
        "lstm_units_2": 256,
        "dropout": 0.1,
        "lr": 0.0008204643365323959,
        "batch_size": 4096
    },
    "metrics_binary": {
        "task": "Trial Experiment_outliers_Down_Up Ratio_70.0 - Binary Task",
        "accuracy": 0.9286379034359528,
        "f1": 0.7499673927220556,
        "mcc": 0.731328423726876,
        "auc": 0.958029307532522
    },
    "metrics_multiclass": {
        "task": "Trial Experiment_outliers_Down_Up Ratio_70.0 - Multiclass Task",
        "accuracy": 0.923724081450322,
        "f1": 0.4999634669345773,
        "mcc": 0.7293198945717394,
        "auc": NaN
    }
}