{
    "model": "experiments/cnn_lstm_trial_Experiment_outliers_Down_Up Ratio_10.0.pt",
    "model_type": "CNN-LSTM",
    "label": "Experiment_outliers_Down_Up Ratio_10.0",
    "mcc_bin": 0.7434034533939682,
    "mcc_mul": 0.734253728335988,
    "mean_mcc": 0.7388285908649781,
    "val_loss": 0.6030357441465769,
    "cm_bin": [
        [
            22094,
            237
        ],
        [
            1589,
            2997
        ]
    ],
    "cm_mul": [
        [
            22203,
            0,
            0,
            0,
            8,
            98,
            21,
            0,
            1,
            0,
            0,
            0,
            0
        ],
        [
            1,
            1158,
            0,
            0,
            0,
            0,
            0,
            0,
            0,
            0,
            0,
            0,
            0
        ],
        [
            941,
            0,
            0,
            0,
            0,
            0,
            0,
            0,
            0,
            0,
            0,
            0,
            0
        ],
        [
            53,
            0,
            0,
            716,
            9,
            0,
            1,
            0,
            0,
            3,
            0,
            0,
            0
        ],
        [
            447,
            0,
            0,
            0,
            18,
            0,
            0,
            0,
            0,
            1,
            0,
            0,
            0
        ],
        [
            14,
            0,
            0,
            0,
            0,
            302,
            0,
            0,
            0,
            0,
            0,
            0,
            0
        ],
        [
            7,
            2,
            0,
            0,
            1,
            44,
            271,
            0,
            0,
            1,
            0,
            0,
            0
        ],
        [
            270,
            0,
            0,
            0,
            0,
            0,
            0,
            0,
            0,
            0,
            0,
            0,
            0
        ],
        [
            0,
            0,
            0,
            0,
            0,
            0,
            0,
            0,
            235,
            0,
            0,
            0,
            0
        ],
        [
            41,
            0,
            0,
            0,
            13,
            0,
            1,
            0,
            0,
            12,
            0,
            0,
            0
        ],
        [
            19,
            0,
            0,
            0,
            0,
            0,
            0,
            0,
            0,
            0,
            0,
            0,
            0
        ],
        [
            3,
            0,
            0,
            0,
            0,
            0,
            0,
            0,
            0,
            0,
            0,
            0,
            0
        ],
        [
            2,
            0,
            0,
            0,
            0,
            0,
            0,
            0,
            0,
            0,
            0,
            0,
            0
        ]
    ],
    "feature_importance": {
        "Down/Up Ratio": 0.005489864864863961,
        "Dst Port": 0.44847972972972916,
        "FIN Flag Cnt": 0.000844594594593776,
        "Flow Pkts/s": 0.10810810810810807,
        "Fwd Pkt Len Max": 0.4894425675675671,
        "Init Bwd Win Byts": 0.1693412162162155,
        "Init Fwd Win Byts": 1.0,
        "Protocol": 0.15329391891891864
    },
    "params": {
        "nb_filters": 32,
        "kernel_size": 3,
        "lstm_units_1": 128,
        "lstm_units_2": 256,
        "dropout": 0.1,
        "lr": 0.0008204643365323959,
        "batch_size": 4096
    },
    "metrics_binary": {
        "task": "Trial Experiment_outliers_Down_Up Ratio_10.0 - Binary Task",
        "accuracy": 0.9321618308132407,
        "f1": 0.7664961636828644,
        "mcc": 0.7434034533939682,
        "auc": 0.9593588723581844
    },
    "metrics_multiclass": {
        "task": "Trial Experiment_outliers_Down_Up Ratio_10.0 - Multiclass Task",
        "accuracy": 0.9256232120964446,
        "f1": 0.4565771153041389,
        "mcc": 0.734253728335988,
        "auc": NaN
    }
}