{
    "model": "experiments/cnn_lstm_trial_Experiment_outliers_Timestamp_10.0.pt",
    "model_type": "CNN-LSTM",
    "label": "Experiment_outliers_Timestamp_10.0",
    "mcc_bin": 0.8574231077063039,
    "mcc_mul": 0.8624197459482594,
    "mean_mcc": 0.8599214268272817,
    "val_loss": 0.27223338772143635,
    "cm_bin": [
        [
            22135,
            196
        ],
        [
            853,
            3733
        ]
    ],
    "cm_mul": [
        [
            22130,
            0,
            107,
            3,
            74,
            1,
            3,
            0,
            0,
            10,
            1,
            2,
            0
        ],
        [
            4,
            1155,
            0,
            0,
            0,
            0,
            0,
            0,
            0,
            0,
            0,
            0,
            0
        ],
        [
            505,
            0,
            433,
            3,
            0,
            0,
            0,
            0,
            0,
            0,
            0,
            0,
            0
        ],
        [
            4,
            0,
            13,
            764,
            0,
            0,
            0,
            0,
            0,
            1,
            0,
            0,
            0
        ],
        [
            37,
            0,
            1,
            2,
            426,
            0,
            0,
            0,
            0,
            0,
            0,
            0,
            0
        ],
        [
            4,
            0,
            0,
            0,
            0,
            311,
            0,
            0,
            0,
            0,
            1,
            0,
            0
        ],
        [
            4,
            0,
            0,
            0,
            0,
            0,
            322,
            0,
            0,
            0,
            0,
            0,
            0
        ],
        [
            268,
            0,
            1,
            0,
            1,
            0,
            0,
            0,
            0,
            0,
            0,
            0,
            0
        ],
        [
            0,
            0,
            0,
            0,
            0,
            0,
            0,
            0,
            235,
            0,
            0,
            0,
            0
        ],
        [
            13,
            1,
            0,
            0,
            3,
            0,
            1,
            0,
            0,
            49,
            0,
            0,
            0
        ],
        [
            17,
            0,
            0,
            0,
            1,
            0,
            0,
            0,
            0,
            0,
            1,
            0,
            0
        ],
        [
            3,
            0,
            0,
            0,
            0,
            0,
            0,
            0,
            0,
            0,
            0,
            0,
            0
        ],
        [
            2,
            0,
            0,
            0,
            0,
            0,
            0,
            0,
            0,
            0,
            0,
            0,
            0
        ]
    ],
    "feature_importance": {
        "Down/Up Ratio": 0.08605495075168494,
        "Dst Port": 0.9818558838776567,
        "FIN Flag Cnt": 0.003110419906687482,
        "Flow Pkts/s": 0.2581648522550548,
        "Fwd Pkt Len Max": 1.0,
        "Init Bwd Win Byts": 0.2928978745463971,
        "Init Fwd Win Byts": 0.8543286677034729,
        "Protocol": 0.46759979263867296
    },
    "params": {
        "nb_filters": 32,
        "kernel_size": 3,
        "lstm_units_1": 128,
        "lstm_units_2": 256,
        "dropout": 0.1,
        "lr": 0.0008204643365323959,
        "batch_size": 4096
    },
    "metrics_binary": {
        "task": "Trial Experiment_outliers_Timestamp_10.0 - Binary Task",
        "accuracy": 0.961028346398187,
        "f1": 0.8768056371109806,
        "mcc": 0.8574231077063039,
        "auc": 0.9759144876583593
    },
    "metrics_multiclass": {
        "task": "Trial Experiment_outliers_Timestamp_10.0 - Multiclass Task",
        "accuracy": 0.9594679942044061,
        "f1": 0.6349798707845901,
        "mcc": 0.8624197459482594,
        "auc": NaN
    }
}