{
    "model": "experiments/cnn_lstm_trial_Experiment_outliers_Timestamp_20.0.pt",
    "model_type": "CNN-LSTM",
    "label": "Experiment_outliers_Timestamp_20.0",
    "mcc_bin": 0.914947714699535,
    "mcc_mul": 0.9161921324638156,
    "mean_mcc": 0.9155699235816752,
    "val_loss": 0.19397829712501594,
    "cm_bin": [
        [
            22088,
            243
        ],
        [
            397,
            4189
        ]
    ],
    "cm_mul": [
        [
            22123,
            1,
            143,
            1,
            39,
            2,
            9,
            1,
            0,
            10,
            2,
            0,
            0
        ],
        [
            0,
            1159,
            0,
            0,
            0,
            0,
            0,
            0,
            0,
            0,
            0,
            0,
            0
        ],
        [
            93,
            0,
            848,
            0,
            0,
            0,
            0,
            0,
            0,
            0,
            0,
            0,
            0
        ],
        [
            26,
            0,
            20,
            717,
            2,
            0,
            0,
            0,
            1,
            16,
            0,
            0,
            0
        ],
        [
            6,
            0,
            0,
            0,
            460,
            0,
            0,
            0,
            0,
            0,
            0,
            0,
            0
        ],
        [
            1,
            0,
            0,
            0,
            0,
            315,
            0,
            0,
            0,
            0,
            0,
            0,
            0
        ],
        [
            1,
            0,
            0,
            0,
            1,
            0,
            324,
            0,
            0,
            0,
            0,
            0,
            0
        ],
        [
            268,
            0,
            2,
            0,
            0,
            0,
            0,
            0,
            0,
            0,
            0,
            0,
            0
        ],
        [
            0,
            0,
            0,
            0,
            0,
            3,
            0,
            0,
            232,
            0,
            0,
            0,
            0
        ],
        [
            8,
            0,
            0,
            0,
            0,
            0,
            2,
            0,
            0,
            57,
            0,
            0,
            0
        ],
        [
            11,
            0,
            1,
            0,
            7,
            0,
            0,
            0,
            0,
            0,
            0,
            0,
            0
        ],
        [
            3,
            0,
            0,
            0,
            0,
            0,
            0,
            0,
            0,
            0,
            0,
            0,
            0
        ],
        [
            2,
            0,
            0,
            0,
            0,
            0,
            0,
            0,
            0,
            0,
            0,
            0,
            0
        ]
    ],
    "feature_importance": {
        "Down/Up Ratio": 0.05080831408776001,
        "Dst Port": 0.8414164742109311,
        "FIN Flag Cnt": 0.0,
        "Flow Pkts/s": 0.23325635103926023,
        "Fwd Pkt Len Max": 1.0,
        "Init Bwd Win Byts": 0.40800615858352585,
        "Init Fwd Win Byts": 0.8429561200923792,
        "Protocol": 0.5777521170130864
    },
    "params": {
        "nb_filters": 32,
        "kernel_size": 3,
        "lstm_units_1": 128,
        "lstm_units_2": 256,
        "dropout": 0.1,
        "lr": 0.0008204643365323959,
        "batch_size": 4096
    },
    "metrics_binary": {
        "task": "Trial Experiment_outliers_Timestamp_20.0 - Binary Task",
        "accuracy": 0.976223204666196,
        "f1": 0.9290308272344201,
        "mcc": 0.914947714699535,
        "auc": 0.98490958877967
    },
    "metrics_multiclass": {
        "task": "Trial Experiment_outliers_Timestamp_20.0 - Multiclass Task",
        "accuracy": 0.9746628524724152,
        "f1": 0.6519274458053103,
        "mcc": 0.9161921324638156,
        "auc": NaN
    }
}