{
    "model": "experiments/cnn_lstm_trial_Experiment_missing_FIN Flag Cnt_10.0.pt",
    "model_type": "CNN-LSTM",
    "label": "Experiment_missing_FIN Flag Cnt_10.0",
    "mcc_bin": 0.7171384430751196,
    "mcc_mul": 0.6362602216546795,
    "mean_mcc": 0.6766993323648995,
    "val_loss": 0.793481819331646,
    "cm_bin": [
        [
            22097,
            234
        ],
        [
            1762,
            2824
        ]
    ],
    "cm_mul": [
        [
            22195,
            76,
            7,
            2,
            0,
            49,
            0,
            0,
            2,
            0,
            0,
            0,
            0
        ],
        [
            1,
            1158,
            0,
            0,
            0,
            0,
            0,
            0,
            0,
            0,
            0,
            0,
            0
        ],
        [
            939,
            0,
            2,
            0,
            0,
            0,
            0,
            0,
            0,
            0,
            0,
            0,
            0
        ],
        [
            51,
            80,
            15,
            636,
            0,
            0,
            0,
            0,
            0,
            0,
            0,
            0,
            0
        ],
        [
            466,
            0,
            0,
            0,
            0,
            0,
            0,
            0,
            0,
            0,
            0,
            0,
            0
        ],
        [
            24,
            192,
            0,
            0,
            0,
            46,
            0,
            0,
            54,
            0,
            0,
            0,
            0
        ],
        [
            149,
            177,
            0,
            0,
            0,
            0,
            0,
            0,
            0,
            0,
            0,
            0,
            0
        ],
        [
            266,
            0,
            0,
            0,
            0,
            3,
            0,
            0,
            1,
            0,
            0,
            0,
            0
        ],
        [
            0,
            0,
            0,
            0,
            0,
            0,
            0,
            0,
            235,
            0,
            0,
            0,
            0
        ],
        [
            35,
            24,
            1,
            7,
            0,
            0,
            0,
            0,
            0,
            0,
            0,
            0,
            0
        ],
        [
            19,
            0,
            0,
            0,
            0,
            0,
            0,
            0,
            0,
            0,
            0,
            0,
            0
        ],
        [
            3,
            0,
            0,
            0,
            0,
            0,
            0,
            0,
            0,
            0,
            0,
            0,
            0
        ],
        [
            2,
            0,
            0,
            0,
            0,
            0,
            0,
            0,
            0,
            0,
            0,
            0,
            0
        ]
    ],
    "feature_importance": {
        "Down/Up Ratio": 0.16863721219663888,
        "Dst Port": 0.74051026757934,
        "FIN Flag Cnt": 0.0,
        "Flow Pkts/s": 0.06347230864965756,
        "Fwd Pkt Len Max": 0.6596141879278158,
        "Init Bwd Win Byts": 0.17797137523335443,
        "Init Fwd Win Byts": 1.0,
        "Protocol": 0.19539514623522108
    },
    "params": {
        "nb_filters": 32,
        "kernel_size": 3,
        "lstm_units_1": 128,
        "lstm_units_2": 256,
        "dropout": 0.1,
        "lr": 0.0008204643365323959,
        "batch_size": 4096
    },
    "metrics_binary": {
        "task": "Trial Experiment_missing_FIN Flag Cnt_10.0 - Binary Task",
        "accuracy": 0.925846119552699,
        "f1": 0.738880167451596,
        "mcc": 0.7171384430751196,
        "auc": 0.9383776575025911
    },
    "metrics_multiclass": {
        "task": "Trial Experiment_missing_FIN Flag Cnt_10.0 - Multiclass Task",
        "accuracy": 0.9017349630345135,
        "f1": 0.29020714747558224,
        "mcc": 0.6362602216546795,
        "auc": NaN
    }
}