{
    "model": "experiments/cnn_lstm_trial_Experiment_missing_Protocol_30.0.pt",
    "model_type": "CNN-LSTM",
    "label": "Experiment_missing_Protocol_30.0",
    "mcc_bin": 0.7219814186946033,
    "mcc_mul": 0.6780051433589389,
    "mean_mcc": 0.699993281026771,
    "val_loss": 0.8754240646958351,
    "cm_bin": [
        [
            22187,
            144
        ],
        [
            1823,
            2763
        ]
    ],
    "cm_mul": [
        [
            22261,
            8,
            3,
            0,
            0,
            57,
            0,
            0,
            2,
            0,
            0,
            0,
            0
        ],
        [
            2,
            1157,
            0,
            0,
            0,
            0,
            0,
            0,
            0,
            0,
            0,
            0,
            0
        ],
        [
            941,
            0,
            0,
            0,
            0,
            0,
            0,
            0,
            0,
            0,
            0,
            0,
            0
        ],
        [
            71,
            37,
            19,
            655,
            0,
            0,
            0,
            0,
            0,
            0,
            0,
            0,
            0
        ],
        [
            466,
            0,
            0,
            0,
            0,
            0,
            0,
            0,
            0,
            0,
            0,
            0,
            0
        ],
        [
            41,
            28,
            0,
            0,
            0,
            246,
            0,
            0,
            1,
            0,
            0,
            0,
            0
        ],
        [
            197,
            74,
            0,
            0,
            0,
            54,
            1,
            0,
            0,
            0,
            0,
            0,
            0
        ],
        [
            264,
            0,
            0,
            0,
            0,
            6,
            0,
            0,
            0,
            0,
            0,
            0,
            0
        ],
        [
            0,
            0,
            0,
            0,
            0,
            0,
            0,
            0,
            235,
            0,
            0,
            0,
            0
        ],
        [
            47,
            0,
            20,
            0,
            0,
            0,
            0,
            0,
            0,
            0,
            0,
            0,
            0
        ],
        [
            18,
            0,
            1,
            0,
            0,
            0,
            0,
            0,
            0,
            0,
            0,
            0,
            0
        ],
        [
            3,
            0,
            0,
            0,
            0,
            0,
            0,
            0,
            0,
            0,
            0,
            0,
            0
        ],
        [
            2,
            0,
            0,
            0,
            0,
            0,
            0,
            0,
            0,
            0,
            0,
            0,
            0
        ]
    ],
    "feature_importance": {
        "Down/Up Ratio": 0.3407407407407402,
        "Dst Port": 0.5022222222222222,
        "FIN Flag Cnt": 0.0029629629629623036,
        "Flow Pkts/s": 0.354814814814815,
        "Fwd Pkt Len Max": 0.8385185185185179,
        "Init Bwd Win Byts": 0.1866666666666672,
        "Init Fwd Win Byts": 1.0,
        "Protocol": 0.01777777777777825
    },
    "params": {
        "nb_filters": 32,
        "kernel_size": 3,
        "lstm_units_1": 128,
        "lstm_units_2": 256,
        "dropout": 0.1,
        "lr": 0.0008204643365323959,
        "batch_size": 4096
    },
    "metrics_binary": {
        "task": "Trial Experiment_missing_Protocol_30.0 - Binary Task",
        "accuracy": 0.926923505591262,
        "f1": 0.737488322434272,
        "mcc": 0.7219814186946033,
        "auc": 0.9256340833078687
    },
    "metrics_multiclass": {
        "task": "Trial Experiment_missing_Protocol_30.0 - Multiclass Task",
        "accuracy": 0.9122487647211799,
        "f1": 0.34846163716083833,
        "mcc": 0.6780051433589389,
        "auc": NaN
    }
}