{
    "model": "experiments/cnn_lstm_trial_Experiment_outliers_Protocol_1.0.pt",
    "model_type": "CNN-LSTM",
    "label": "Experiment_outliers_Protocol_1.0",
    "mcc_bin": 0.7527977728338132,
    "mcc_mul": 0.7374797368757853,
    "mean_mcc": 0.7451387548547992,
    "val_loss": 0.6584709092442479,
    "cm_bin": [
        [
            22212,
            119
        ],
        [
            1648,
            2938
        ]
    ],
    "cm_mul": [
        [
            22227,
            0,
            0,
            6,
            0,
            78,
            14,
            0,
            0,
            6,
            0,
            0,
            0
        ],
        [
            1,
            1158,
            0,
            0,
            0,
            0,
            0,
            0,
            0,
            0,
            0,
            0,
            0
        ],
        [
            941,
            0,
            0,
            0,
            0,
            0,
            0,
            0,
            0,
            0,
            0,
            0,
            0
        ],
        [
            29,
            0,
            0,
            738,
            0,
            0,
            0,
            0,
            0,
            15,
            0,
            0,
            0
        ],
        [
            449,
            0,
            0,
            16,
            0,
            0,
            0,
            0,
            0,
            1,
            0,
            0,
            0
        ],
        [
            0,
            0,
            0,
            0,
            0,
            279,
            0,
            0,
            37,
            0,
            0,
            0,
            0
        ],
        [
            22,
            0,
            0,
            0,
            0,
            8,
            266,
            0,
            1,
            29,
            0,
            0,
            0
        ],
        [
            270,
            0,
            0,
            0,
            0,
            0,
            0,
            0,
            0,
            0,
            0,
            0,
            0
        ],
        [
            0,
            0,
            0,
            0,
            0,
            0,
            0,
            0,
            235,
            0,
            0,
            0,
            0
        ],
        [
            28,
            0,
            0,
            5,
            1,
            0,
            0,
            0,
            0,
            33,
            0,
            0,
            0
        ],
        [
            19,
            0,
            0,
            0,
            0,
            0,
            0,
            0,
            0,
            0,
            0,
            0,
            0
        ],
        [
            3,
            0,
            0,
            0,
            0,
            0,
            0,
            0,
            0,
            0,
            0,
            0,
            0
        ],
        [
            2,
            0,
            0,
            0,
            0,
            0,
            0,
            0,
            0,
            0,
            0,
            0,
            0
        ]
    ],
    "feature_importance": {
        "Down/Up Ratio": 0.03655107778819073,
        "Dst Port": 0.4892221180880974,
        "FIN Flag Cnt": 0.0009372071227746239,
        "Flow Pkts/s": 0.17525773195876226,
        "Fwd Pkt Len Max": 0.23898781630740448,
        "Init Bwd Win Byts": 0.1532333645735712,
        "Init Fwd Win Byts": 1.0,
        "Protocol": 0.06513589503280276
    },
    "params": {
        "nb_filters": 32,
        "kernel_size": 3,
        "lstm_units_1": 128,
        "lstm_units_2": 256,
        "dropout": 0.1,
        "lr": 0.0008204643365323959,
        "batch_size": 4096
    },
    "metrics_binary": {
        "task": "Trial Experiment_outliers_Protocol_1.0 - Binary Task",
        "accuracy": 0.9343537541330758,
        "f1": 0.7688080596624363,
        "mcc": 0.7527977728338132,
        "auc": 0.954457620853033
    },
    "metrics_multiclass": {
        "task": "Trial Experiment_outliers_Protocol_1.0 - Multiclass Task",
        "accuracy": 0.9264033881933351,
        "f1": 0.4594539005582278,
        "mcc": 0.7374797368757853,
        "auc": NaN
    }
}