{
    "model": "experiments/cnn_lstm_trial_Experiment_noise_Down_Up Ratio_50.0.pt",
    "model_type": "CNN-LSTM",
    "label": "Experiment_noise_Down_Up Ratio_50.0",
    "mcc_bin": 0.7168073364106052,
    "mcc_mul": 0.5593502905346258,
    "mean_mcc": 0.6380788134726155,
    "val_loss": 0.8367894382349083,
    "cm_bin": [
        [
            22026,
            305
        ],
        [
            1695,
            2891
        ]
    ],
    "cm_mul": [
        [
            22125,
            5,
            42,
            0,
            0,
            82,
            63,
            0,
            14,
            0,
            0,
            0,
            0
        ],
        [
            1,
            1158,
            0,
            0,
            0,
            0,
            0,
            0,
            0,
            0,
            0,
            0,
            0
        ],
        [
            939,
            0,
            2,
            0,
            0,
            0,
            0,
            0,
            0,
            0,
            0,
            0,
            0
        ],
        [
            41,
            4,
            736,
            1,
            0,
            0,
            0,
            0,
            0,
            0,
            0,
            0,
            0
        ],
        [
            444,
            0,
            22,
            0,
            0,
            0,
            0,
            0,
            0,
            0,
            0,
            0,
            0
        ],
        [
            2,
            22,
            0,
            0,
            0,
            58,
            0,
            0,
            234,
            0,
            0,
            0,
            0
        ],
        [
            22,
            26,
            1,
            0,
            0,
            136,
            141,
            0,
            0,
            0,
            0,
            0,
            0
        ],
        [
            247,
            0,
            9,
            0,
            0,
            7,
            7,
            0,
            0,
            0,
            0,
            0,
            0
        ],
        [
            0,
            0,
            0,
            0,
            0,
            0,
            0,
            0,
            235,
            0,
            0,
            0,
            0
        ],
        [
            30,
            11,
            24,
            0,
            0,
            0,
            2,
            0,
            0,
            0,
            0,
            0,
            0
        ],
        [
            19,
            0,
            0,
            0,
            0,
            0,
            0,
            0,
            0,
            0,
            0,
            0,
            0
        ],
        [
            3,
            0,
            0,
            0,
            0,
            0,
            0,
            0,
            0,
            0,
            0,
            0,
            0
        ],
        [
            2,
            0,
            0,
            0,
            0,
            0,
            0,
            0,
            0,
            0,
            0,
            0,
            0
        ]
    ],
    "feature_importance": {
        "Down/Up Ratio": 0.0,
        "Dst Port": 0.6513452914798205,
        "FIN Flag Cnt": 0.00392376681614388,
        "Flow Pkts/s": 0.2724215246636776,
        "Fwd Pkt Len Max": 0.475896860986547,
        "Init Bwd Win Byts": 0.12780269058295965,
        "Init Fwd Win Byts": 1.0,
        "Protocol": 0.2640134529147993
    },
    "params": {
        "nb_filters": 32,
        "kernel_size": 3,
        "lstm_units_1": 128,
        "lstm_units_2": 256,
        "dropout": 0.1,
        "lr": 0.0008204643365323959,
        "batch_size": 4096
    },
    "metrics_binary": {
        "task": "Trial Experiment_noise_Down_Up Ratio_50.0 - Binary Task",
        "accuracy": 0.9256975145818628,
        "f1": 0.7429966589565664,
        "mcc": 0.7168073364106052,
        "auc": 0.9473538835077828
    },
    "metrics_multiclass": {
        "task": "Trial Experiment_noise_Down_Up Ratio_50.0 - Multiclass Task",
        "accuracy": 0.8812274770591076,
        "f1": 0.25422965918042784,
        "mcc": 0.5593502905346258,
        "auc": NaN
    }
}