{
    "model": "experiments/cnn_lstm_trial_Experiment_missing_FIN Flag Cnt_5.0.pt",
    "model_type": "CNN-LSTM",
    "label": "Experiment_missing_FIN Flag Cnt_5.0",
    "mcc_bin": 0.7412343812952216,
    "mcc_mul": 0.7246622163061684,
    "mean_mcc": 0.732948298800695,
    "val_loss": 0.7651755743260894,
    "cm_bin": [
        [
            22168,
            163
        ],
        [
            1678,
            2908
        ]
    ],
    "cm_mul": [
        [
            22249,
            0,
            8,
            0,
            0,
            50,
            23,
            0,
            1,
            0,
            0,
            0,
            0
        ],
        [
            1,
            1158,
            0,
            0,
            0,
            0,
            0,
            0,
            0,
            0,
            0,
            0,
            0
        ],
        [
            941,
            0,
            0,
            0,
            0,
            0,
            0,
            0,
            0,
            0,
            0,
            0,
            0
        ],
        [
            45,
            21,
            49,
            660,
            0,
            0,
            6,
            0,
            0,
            1,
            0,
            0,
            0
        ],
        [
            446,
            0,
            8,
            0,
            0,
            2,
            10,
            0,
            0,
            0,
            0,
            0,
            0
        ],
        [
            15,
            0,
            0,
            0,
            0,
            301,
            0,
            0,
            0,
            0,
            0,
            0,
            0
        ],
        [
            10,
            1,
            0,
            0,
            0,
            64,
            251,
            0,
            0,
            0,
            0,
            0,
            0
        ],
        [
            268,
            0,
            0,
            0,
            0,
            2,
            0,
            0,
            0,
            0,
            0,
            0,
            0
        ],
        [
            0,
            0,
            0,
            0,
            0,
            1,
            0,
            0,
            234,
            0,
            0,
            0,
            0
        ],
        [
            34,
            3,
            3,
            0,
            0,
            0,
            27,
            0,
            0,
            0,
            0,
            0,
            0
        ],
        [
            19,
            0,
            0,
            0,
            0,
            0,
            0,
            0,
            0,
            0,
            0,
            0,
            0
        ],
        [
            3,
            0,
            0,
            0,
            0,
            0,
            0,
            0,
            0,
            0,
            0,
            0,
            0
        ],
        [
            2,
            0,
            0,
            0,
            0,
            0,
            0,
            0,
            0,
            0,
            0,
            0,
            0
        ]
    ],
    "feature_importance": {
        "Down/Up Ratio": 0.17979197622585386,
        "Dst Port": 0.4621099554234764,
        "FIN Flag Cnt": 0.001981178801386383,
        "Flow Pkts/s": 0.13422486379395668,
        "Fwd Pkt Len Max": 0.40267459138187156,
        "Init Bwd Win Byts": 0.1837543338286281,
        "Init Fwd Win Byts": 1.0,
        "Protocol": 0.11540366518078235
    },
    "params": {
        "nb_filters": 32,
        "kernel_size": 3,
        "lstm_units_1": 128,
        "lstm_units_2": 256,
        "dropout": 0.1,
        "lr": 0.0008204643365323959,
        "batch_size": 4096
    },
    "metrics_binary": {
        "task": "Trial Experiment_missing_FIN Flag Cnt_5.0 - Binary Task",
        "accuracy": 0.9316045621726047,
        "f1": 0.7595664098210787,
        "mcc": 0.7412343812952216,
        "auc": 0.9503679651646405
    },
    "metrics_multiclass": {
        "task": "Trial Experiment_missing_FIN Flag Cnt_5.0 - Multiclass Task",
        "accuracy": 0.9233198350484824,
        "f1": 0.41988013681984526,
        "mcc": 0.7246622163061684,
        "auc": NaN
    }
}