{
    "model": "experiments/cnn_lstm_trial_Experiment_outliers_Timestamp_75.0.pt",
    "model_type": "CNN-LSTM",
    "label": "Experiment_outliers_Timestamp_75.0",
    "mcc_bin": 0.9016034944839783,
    "mcc_mul": 0.9088955029574313,
    "mean_mcc": 0.9052494987207047,
    "val_loss": 0.207180632012231,
    "cm_bin": [
        [
            22008,
            323
        ],
        [
            420,
            4166
        ]
    ],
    "cm_mul": [
        [
            22053,
            15,
            177,
            1,
            16,
            3,
            6,
            51,
            0,
            9,
            0,
            0,
            0
        ],
        [
            0,
            1159,
            0,
            0,
            0,
            0,
            0,
            0,
            0,
            0,
            0,
            0,
            0
        ],
        [
            158,
            0,
            783,
            0,
            0,
            0,
            0,
            0,
            0,
            0,
            0,
            0,
            0
        ],
        [
            11,
            0,
            0,
            746,
            0,
            0,
            0,
            0,
            0,
            25,
            0,
            0,
            0
        ],
        [
            9,
            0,
            0,
            0,
            456,
            0,
            1,
            0,
            0,
            0,
            0,
            0,
            0
        ],
        [
            0,
            0,
            0,
            0,
            0,
            312,
            0,
            0,
            4,
            0,
            0,
            0,
            0
        ],
        [
            2,
            0,
            0,
            0,
            0,
            1,
            323,
            0,
            0,
            0,
            0,
            0,
            0
        ],
        [
            214,
            0,
            2,
            0,
            1,
            0,
            0,
            53,
            0,
            0,
            0,
            0,
            0
        ],
        [
            0,
            0,
            0,
            0,
            0,
            0,
            0,
            0,
            235,
            0,
            0,
            0,
            0
        ],
        [
            7,
            0,
            0,
            6,
            1,
            0,
            0,
            0,
            0,
            53,
            0,
            0,
            0
        ],
        [
            12,
            6,
            0,
            0,
            1,
            0,
            0,
            0,
            0,
            0,
            0,
            0,
            0
        ],
        [
            3,
            0,
            0,
            0,
            0,
            0,
            0,
            0,
            0,
            0,
            0,
            0,
            0
        ],
        [
            2,
            0,
            0,
            0,
            0,
            0,
            0,
            0,
            0,
            0,
            0,
            0,
            0
        ]
    ],
    "feature_importance": {
        "Down/Up Ratio": 0.03312841530054648,
        "Dst Port": 0.5505464480874317,
        "FIN Flag Cnt": 0.001707650273223919,
        "Flow Pkts/s": 0.23189890710382532,
        "Fwd Pkt Len Max": 0.8606557377049184,
        "Init Bwd Win Byts": 0.40539617486338736,
        "Init Fwd Win Byts": 1.0,
        "Protocol": 0.33128415300546377
    },
    "params": {
        "nb_filters": 32,
        "kernel_size": 3,
        "lstm_units_1": 128,
        "lstm_units_2": 256,
        "dropout": 0.1,
        "lr": 0.0008204643365323959,
        "batch_size": 4096
    },
    "metrics_binary": {
        "task": "Trial Experiment_outliers_Timestamp_75.0 - Binary Task",
        "accuracy": 0.972396626667162,
        "f1": 0.9181267217630854,
        "mcc": 0.9016034944839783,
        "auc": 0.9824519959317242
    },
    "metrics_multiclass": {
        "task": "Trial Experiment_outliers_Timestamp_75.0 - Multiclass Task",
        "accuracy": 0.972359475424453,
        "f1": 0.667304605222635,
        "mcc": 0.9088955029574313,
        "auc": NaN
    }
}