{
    "model": "experiments/cnn_lstm_trial_Experiment_outliers_FIN Flag Cnt_30.0.pt",
    "model_type": "CNN-LSTM",
    "label": "Experiment_outliers_FIN Flag Cnt_30.0",
    "mcc_bin": 0.7659554079485995,
    "mcc_mul": 0.761577642015526,
    "mean_mcc": 0.7637665249820628,
    "val_loss": 0.6242598952459437,
    "cm_bin": [
        [
            22129,
            202
        ],
        [
            1475,
            3111
        ]
    ],
    "cm_mul": [
        [
            22148,
            0,
            0,
            0,
            69,
            66,
            38,
            0,
            4,
            6,
            0,
            0,
            0
        ],
        [
            0,
            1159,
            0,
            0,
            0,
            0,
            0,
            0,
            0,
            0,
            0,
            0,
            0
        ],
        [
            941,
            0,
            0,
            0,
            0,
            0,
            0,
            0,
            0,
            0,
            0,
            0,
            0
        ],
        [
            24,
            0,
            0,
            719,
            39,
            0,
            0,
            0,
            0,
            0,
            0,
            0,
            0
        ],
        [
            232,
            0,
            0,
            0,
            234,
            0,
            0,
            0,
            0,
            0,
            0,
            0,
            0
        ],
        [
            6,
            0,
            0,
            0,
            0,
            241,
            0,
            0,
            69,
            0,
            0,
            0,
            0
        ],
        [
            2,
            0,
            0,
            0,
            0,
            2,
            322,
            0,
            0,
            0,
            0,
            0,
            0
        ],
        [
            269,
            0,
            0,
            0,
            0,
            1,
            0,
            0,
            0,
            0,
            0,
            0,
            0
        ],
        [
            0,
            0,
            0,
            0,
            0,
            0,
            0,
            0,
            235,
            0,
            0,
            0,
            0
        ],
        [
            20,
            1,
            0,
            0,
            8,
            0,
            1,
            0,
            0,
            37,
            0,
            0,
            0
        ],
        [
            19,
            0,
            0,
            0,
            0,
            0,
            0,
            0,
            0,
            0,
            0,
            0,
            0
        ],
        [
            3,
            0,
            0,
            0,
            0,
            0,
            0,
            0,
            0,
            0,
            0,
            0,
            0
        ],
        [
            2,
            0,
            0,
            0,
            0,
            0,
            0,
            0,
            0,
            0,
            0,
            0,
            0
        ]
    ],
    "feature_importance": {
        "Down/Up Ratio": 0.028469750889680043,
        "Dst Port": 0.6040925266903923,
        "FIN Flag Cnt": 0.002224199288256066,
        "Flow Pkts/s": 0.12144128113878999,
        "Fwd Pkt Len Max": 0.38567615658363036,
        "Init Bwd Win Byts": 0.32428825622775814,
        "Init Fwd Win Byts": 1.0,
        "Protocol": 0.1810498220640563
    },
    "params": {
        "nb_filters": 32,
        "kernel_size": 3,
        "lstm_units_1": 128,
        "lstm_units_2": 256,
        "dropout": 0.1,
        "lr": 0.0008204643365323959,
        "batch_size": 4096
    },
    "metrics_binary": {
        "task": "Trial Experiment_outliers_FIN Flag Cnt_30.0 - Binary Task",
        "accuracy": 0.9376973659768919,
        "f1": 0.7876946448917584,
        "mcc": 0.7659554079485995,
        "auc": 0.9545737277170856
    },
    "metrics_multiclass": {
        "task": "Trial Experiment_outliers_FIN Flag Cnt_30.0 - Multiclass Task",
        "accuracy": 0.932310435784077,
        "f1": 0.5184470417681568,
        "mcc": 0.761577642015526,
        "auc": NaN
    }
}