{
    "model": "experiments/cnn_lstm_trial_Experiment_noise_Timestamp_10.0.pt",
    "model_type": "CNN-LSTM",
    "label": "Experiment_noise_Timestamp_10.0",
    "mcc_bin": 0.791647923025442,
    "mcc_mul": 0.7973956197232294,
    "mean_mcc": 0.7945217713743357,
    "val_loss": 0.4176901432552508,
    "cm_bin": [
        [
            22211,
            120
        ],
        [
            1386,
            3200
        ]
    ],
    "cm_mul": [
        [
            22220,
            0,
            25,
            2,
            78,
            1,
            1,
            1,
            0,
            3,
            0,
            0,
            0
        ],
        [
            1,
            1158,
            0,
            0,
            0,
            0,
            0,
            0,
            0,
            0,
            0,
            0,
            0
        ],
        [
            756,
            0,
            185,
            0,
            0,
            0,
            0,
            0,
            0,
            0,
            0,
            0,
            0
        ],
        [
            7,
            0,
            1,
            774,
            0,
            0,
            0,
            0,
            0,
            0,
            0,
            0,
            0
        ],
        [
            245,
            0,
            0,
            0,
            221,
            0,
            0,
            0,
            0,
            0,
            0,
            0,
            0
        ],
        [
            85,
            0,
            0,
            0,
            0,
            228,
            0,
            3,
            0,
            0,
            0,
            0,
            0
        ],
        [
            11,
            0,
            0,
            0,
            6,
            0,
            303,
            0,
            0,
            6,
            0,
            0,
            0
        ],
        [
            268,
            0,
            1,
            0,
            0,
            0,
            0,
            1,
            0,
            0,
            0,
            0,
            0
        ],
        [
            0,
            0,
            0,
            0,
            0,
            1,
            0,
            0,
            234,
            0,
            0,
            0,
            0
        ],
        [
            26,
            0,
            1,
            0,
            10,
            0,
            0,
            0,
            0,
            30,
            0,
            0,
            0
        ],
        [
            18,
            0,
            1,
            0,
            0,
            0,
            0,
            0,
            0,
            0,
            0,
            0,
            0
        ],
        [
            3,
            0,
            0,
            0,
            0,
            0,
            0,
            0,
            0,
            0,
            0,
            0,
            0
        ],
        [
            2,
            0,
            0,
            0,
            0,
            0,
            0,
            0,
            0,
            0,
            0,
            0,
            0
        ]
    ],
    "feature_importance": {
        "Down/Up Ratio": 0.1111111111111111,
        "Dst Port": 0.6579124579124573,
        "FIN Flag Cnt": 0.0,
        "Flow Pkts/s": 0.08754208754208724,
        "Fwd Pkt Len Max": 1.0,
        "Init Bwd Win Byts": 0.3730639730639738,
        "Init Fwd Win Byts": 0.9367003367003377,
        "Protocol": 0.2350168350168357
    },
    "params": {
        "nb_filters": 32,
        "kernel_size": 3,
        "lstm_units_1": 128,
        "lstm_units_2": 256,
        "dropout": 0.1,
        "lr": 0.0008204643365323959,
        "batch_size": 4096
    },
    "metrics_binary": {
        "task": "Trial Experiment_noise_Timestamp_10.0 - Binary Task",
        "accuracy": 0.9440502284801426,
        "f1": 0.8095117632178093,
        "mcc": 0.791647923025442,
        "auc": 0.9722142569601089
    },
    "metrics_multiclass": {
        "task": "Trial Experiment_noise_Timestamp_10.0 - Multiclass Task",
        "accuracy": 0.9419326076457257,
        "f1": 0.5549491960234729,
        "mcc": 0.7973956197232294,
        "auc": NaN
    }
}