{
    "model": "experiments/cnn_lstm_trial_Experiment_outliers_Down_Up Ratio_50.0.pt",
    "model_type": "CNN-LSTM",
    "label": "Experiment_outliers_Down_Up Ratio_50.0",
    "mcc_bin": 0.7545364277054606,
    "mcc_mul": 0.7567396209970881,
    "mean_mcc": 0.7556380243512744,
    "val_loss": 0.5192099104502371,
    "cm_bin": [
        [
            22087,
            244
        ],
        [
            1509,
            3077
        ]
    ],
    "cm_mul": [
        [
            22127,
            0,
            0,
            2,
            65,
            110,
            26,
            0,
            0,
            1,
            0,
            0,
            0
        ],
        [
            2,
            1157,
            0,
            0,
            0,
            0,
            0,
            0,
            0,
            0,
            0,
            0,
            0
        ],
        [
            941,
            0,
            0,
            0,
            0,
            0,
            0,
            0,
            0,
            0,
            0,
            0,
            0
        ],
        [
            86,
            1,
            0,
            692,
            0,
            0,
            0,
            0,
            0,
            3,
            0,
            0,
            0
        ],
        [
            257,
            0,
            0,
            0,
            209,
            0,
            0,
            0,
            0,
            0,
            0,
            0,
            0
        ],
        [
            0,
            0,
            0,
            0,
            0,
            291,
            0,
            0,
            25,
            0,
            0,
            0,
            0
        ],
        [
            1,
            0,
            0,
            0,
            0,
            0,
            324,
            0,
            0,
            1,
            0,
            0,
            0
        ],
        [
            262,
            0,
            0,
            0,
            0,
            8,
            0,
            0,
            0,
            0,
            0,
            0,
            0
        ],
        [
            0,
            0,
            0,
            0,
            0,
            0,
            0,
            0,
            235,
            0,
            0,
            0,
            0
        ],
        [
            25,
            0,
            0,
            0,
            13,
            0,
            1,
            0,
            0,
            28,
            0,
            0,
            0
        ],
        [
            19,
            0,
            0,
            0,
            0,
            0,
            0,
            0,
            0,
            0,
            0,
            0,
            0
        ],
        [
            3,
            0,
            0,
            0,
            0,
            0,
            0,
            0,
            0,
            0,
            0,
            0,
            0
        ],
        [
            2,
            0,
            0,
            0,
            0,
            0,
            0,
            0,
            0,
            0,
            0,
            0,
            0
        ]
    ],
    "feature_importance": {
        "Down/Up Ratio": 0.0,
        "Dst Port": 0.8673066064370409,
        "FIN Flag Cnt": 0.0,
        "Flow Pkts/s": 0.27498588368153626,
        "Fwd Pkt Len Max": 0.683794466403162,
        "Init Bwd Win Byts": 0.20101637492941893,
        "Init Fwd Win Byts": 1.0,
        "Protocol": 0.2049689440993798
    },
    "params": {
        "nb_filters": 32,
        "kernel_size": 3,
        "lstm_units_1": 128,
        "lstm_units_2": 256,
        "dropout": 0.1,
        "lr": 0.0008204643365323959,
        "batch_size": 4096
    },
    "metrics_binary": {
        "task": "Trial Experiment_outliers_Down_Up Ratio_50.0 - Binary Task",
        "accuracy": 0.9348738715310028,
        "f1": 0.7782977108890856,
        "mcc": 0.7545364277054606,
        "auc": 0.9668187957410317
    },
    "metrics_multiclass": {
        "task": "Trial Experiment_outliers_Down_Up Ratio_50.0 - Multiclass Task",
        "accuracy": 0.9311215960173868,
        "f1": 0.5170599021958895,
        "mcc": 0.7567396209970881,
        "auc": NaN
    }
}