{
    "model": "experiments/cnn_lstm_trial_Experiment_noise_Down_Up Ratio_5.0.pt",
    "model_type": "CNN-LSTM",
    "label": "Experiment_noise_Down_Up Ratio_5.0",
    "mcc_bin": 0.7076428756472595,
    "mcc_mul": 0.664043761038648,
    "mean_mcc": 0.6858433183429538,
    "val_loss": 0.7872736757355077,
    "cm_bin": [
        [
            21996,
            335
        ],
        [
            1725,
            2861
        ]
    ],
    "cm_mul": [
        [
            22055,
            1,
            49,
            0,
            0,
            201,
            21,
            0,
            4,
            0,
            0,
            0,
            0
        ],
        [
            1,
            1158,
            0,
            0,
            0,
            0,
            0,
            0,
            0,
            0,
            0,
            0,
            0
        ],
        [
            933,
            0,
            8,
            0,
            0,
            0,
            0,
            0,
            0,
            0,
            0,
            0,
            0
        ],
        [
            42,
            60,
            88,
            588,
            0,
            0,
            4,
            0,
            0,
            0,
            0,
            0,
            0
        ],
        [
            465,
            0,
            1,
            0,
            0,
            0,
            0,
            0,
            0,
            0,
            0,
            0,
            0
        ],
        [
            3,
            1,
            7,
            0,
            0,
            265,
            0,
            0,
            40,
            0,
            0,
            0,
            0
        ],
        [
            25,
            64,
            110,
            0,
            0,
            3,
            124,
            0,
            0,
            0,
            0,
            0,
            0
        ],
        [
            257,
            0,
            6,
            0,
            0,
            7,
            0,
            0,
            0,
            0,
            0,
            0,
            0
        ],
        [
            0,
            0,
            0,
            0,
            0,
            0,
            0,
            0,
            235,
            0,
            0,
            0,
            0
        ],
        [
            29,
            4,
            33,
            0,
            0,
            0,
            1,
            0,
            0,
            0,
            0,
            0,
            0
        ],
        [
            19,
            0,
            0,
            0,
            0,
            0,
            0,
            0,
            0,
            0,
            0,
            0,
            0
        ],
        [
            3,
            0,
            0,
            0,
            0,
            0,
            0,
            0,
            0,
            0,
            0,
            0,
            0
        ],
        [
            2,
            0,
            0,
            0,
            0,
            0,
            0,
            0,
            0,
            0,
            0,
            0,
            0
        ]
    ],
    "feature_importance": {
        "Down/Up Ratio": 0.0,
        "Dst Port": 0.6357142857142852,
        "FIN Flag Cnt": 0.002040816326530158,
        "Flow Pkts/s": 0.1535714285714283,
        "Fwd Pkt Len Max": 0.6693877551020397,
        "Init Bwd Win Byts": 0.10612244897959108,
        "Init Fwd Win Byts": 1.0,
        "Protocol": 0.22142857142857017
    },
    "params": {
        "nb_filters": 32,
        "kernel_size": 3,
        "lstm_units_1": 128,
        "lstm_units_2": 256,
        "dropout": 0.1,
        "lr": 0.0008204643365323959,
        "batch_size": 4096
    },
    "metrics_binary": {
        "task": "Trial Experiment_noise_Down_Up Ratio_5.0 - Binary Task",
        "accuracy": 0.9234684400193186,
        "f1": 0.7352865587252634,
        "mcc": 0.7076428756472595,
        "auc": 0.9403859434930385
    },
    "metrics_multiclass": {
        "task": "Trial Experiment_noise_Down_Up Ratio_5.0 - Multiclass Task",
        "accuracy": 0.9077163131106736,
        "f1": 0.3752164823715456,
        "mcc": 0.664043761038648,
        "auc": NaN
    }
}