{
    "model": "experiments/cnn_lstm_trial_Experiment_noise_Protocol_1.0.pt",
    "model_type": "CNN-LSTM",
    "label": "Experiment_noise_Protocol_1.0",
    "mcc_bin": 0.728191644671039,
    "mcc_mul": 0.6964941655125201,
    "mean_mcc": 0.7123429050917796,
    "val_loss": 0.7842247619160584,
    "cm_bin": [
        [
            22169,
            162
        ],
        [
            1764,
            2822
        ]
    ],
    "cm_mul": [
        [
            22151,
            1,
            6,
            0,
            0,
            134,
            39,
            0,
            0,
            0,
            0,
            0,
            0
        ],
        [
            1,
            1158,
            0,
            0,
            0,
            0,
            0,
            0,
            0,
            0,
            0,
            0,
            0
        ],
        [
            940,
            0,
            1,
            0,
            0,
            0,
            0,
            0,
            0,
            0,
            0,
            0,
            0
        ],
        [
            41,
            9,
            159,
            554,
            0,
            0,
            17,
            0,
            0,
            2,
            0,
            0,
            0
        ],
        [
            461,
            0,
            5,
            0,
            0,
            0,
            0,
            0,
            0,
            0,
            0,
            0,
            0
        ],
        [
            7,
            0,
            0,
            0,
            0,
            309,
            0,
            0,
            0,
            0,
            0,
            0,
            0
        ],
        [
            15,
            1,
            0,
            0,
            0,
            59,
            251,
            0,
            0,
            0,
            0,
            0,
            0
        ],
        [
            256,
            0,
            1,
            0,
            0,
            13,
            0,
            0,
            0,
            0,
            0,
            0,
            0
        ],
        [
            0,
            0,
            0,
            0,
            0,
            0,
            0,
            0,
            235,
            0,
            0,
            0,
            0
        ],
        [
            31,
            1,
            3,
            0,
            0,
            1,
            30,
            0,
            0,
            1,
            0,
            0,
            0
        ],
        [
            19,
            0,
            0,
            0,
            0,
            0,
            0,
            0,
            0,
            0,
            0,
            0,
            0
        ],
        [
            2,
            0,
            1,
            0,
            0,
            0,
            0,
            0,
            0,
            0,
            0,
            0,
            0
        ],
        [
            2,
            0,
            0,
            0,
            0,
            0,
            0,
            0,
            0,
            0,
            0,
            0,
            0
        ]
    ],
    "feature_importance": {
        "Down/Up Ratio": 0.058970099667773945,
        "Dst Port": 0.4152823920265784,
        "FIN Flag Cnt": 0.0004152823920267956,
        "Flow Pkts/s": 0.07558139534883708,
        "Fwd Pkt Len Max": 0.4082225913621266,
        "Init Bwd Win Byts": 0.05647840531561441,
        "Init Fwd Win Byts": 1.0,
        "Protocol": 0.041112956810631665
    },
    "params": {
        "nb_filters": 32,
        "kernel_size": 3,
        "lstm_units_1": 128,
        "lstm_units_2": 256,
        "dropout": 0.1,
        "lr": 0.0008204643365323959,
        "batch_size": 4096
    },
    "metrics_binary": {
        "task": "Trial Experiment_noise_Protocol_1.0 - Binary Task",
        "accuracy": 0.9284467065423339,
        "f1": 0.7455746367239102,
        "mcc": 0.728191644671039,
        "auc": 0.9462938401912955
    },
    "metrics_multiclass": {
        "task": "Trial Experiment_noise_Protocol_1.0 - Multiclass Task",
        "accuracy": 0.9161496452056321,
        "f1": 0.40860080412740235,
        "mcc": 0.6964941655125201,
        "auc": NaN
    }
}