{
    "model": "experiments/cnn_lstm_trial_Experiment_outliers_Timestamp_5.0.pt",
    "model_type": "CNN-LSTM",
    "label": "Experiment_outliers_Timestamp_5.0",
    "mcc_bin": 0.7715001407753503,
    "mcc_mul": 0.7522267637414578,
    "mean_mcc": 0.761863452258404,
    "val_loss": 0.4893262346408197,
    "cm_bin": [
        [
            22126,
            205
        ],
        [
            1435,
            3151
        ]
    ],
    "cm_mul": [
        [
            22135,
            0,
            3,
            1,
            52,
            72,
            2,
            0,
            64,
            2,
            0,
            0,
            0
        ],
        [
            0,
            1159,
            0,
            0,
            0,
            0,
            0,
            0,
            0,
            0,
            0,
            0,
            0
        ],
        [
            929,
            0,
            2,
            10,
            0,
            0,
            0,
            0,
            0,
            0,
            0,
            0,
            0
        ],
        [
            5,
            0,
            0,
            768,
            0,
            0,
            0,
            0,
            0,
            9,
            0,
            0,
            0
        ],
        [
            253,
            0,
            0,
            0,
            213,
            0,
            0,
            0,
            0,
            0,
            0,
            0,
            0
        ],
        [
            2,
            0,
            0,
            0,
            0,
            187,
            0,
            0,
            127,
            0,
            0,
            0,
            0
        ],
        [
            7,
            0,
            0,
            0,
            3,
            0,
            293,
            0,
            0,
            23,
            0,
            0,
            0
        ],
        [
            270,
            0,
            0,
            0,
            0,
            0,
            0,
            0,
            0,
            0,
            0,
            0,
            0
        ],
        [
            0,
            0,
            0,
            0,
            0,
            0,
            0,
            0,
            235,
            0,
            0,
            0,
            0
        ],
        [
            17,
            1,
            0,
            0,
            14,
            0,
            0,
            0,
            0,
            35,
            0,
            0,
            0
        ],
        [
            19,
            0,
            0,
            0,
            0,
            0,
            0,
            0,
            0,
            0,
            0,
            0,
            0
        ],
        [
            2,
            0,
            0,
            1,
            0,
            0,
            0,
            0,
            0,
            0,
            0,
            0,
            0
        ],
        [
            2,
            0,
            0,
            0,
            0,
            0,
            0,
            0,
            0,
            0,
            0,
            0,
            0
        ]
    ],
    "feature_importance": {
        "Down/Up Ratio": 0.00987925356750848,
        "Dst Port": 0.660812294182217,
        "FIN Flag Cnt": 0.004939626783755061,
        "Flow Pkts/s": 0.06750823271130714,
        "Fwd Pkt Len Max": 0.5093304061470919,
        "Init Bwd Win Byts": 0.28485181119648717,
        "Init Fwd Win Byts": 1.0,
        "Protocol": 0.16575192096597124
    },
    "params": {
        "nb_filters": 32,
        "kernel_size": 3,
        "lstm_units_1": 128,
        "lstm_units_2": 256,
        "dropout": 0.1,
        "lr": 0.0008204643365323959,
        "batch_size": 4096
    },
    "metrics_binary": {
        "task": "Trial Experiment_outliers_Timestamp_5.0 - Binary Task",
        "accuracy": 0.9390719619571275,
        "f1": 0.7935028959959708,
        "mcc": 0.7715001407753503,
        "auc": 0.9653067798108633
    },
    "metrics_multiclass": {
        "task": "Trial Experiment_outliers_Timestamp_5.0 - Multiclass Task",
        "accuracy": 0.9297841512798604,
        "f1": 0.4876516764168963,
        "mcc": 0.7522267637414578,
        "auc": NaN
    }
}