{
    "model": "experiments/cnn_lstm_trial_Experiment_outliers_Down_Up Ratio_20.0.pt",
    "model_type": "CNN-LSTM",
    "label": "Experiment_outliers_Down_Up Ratio_20.0",
    "mcc_bin": 0.7545041013710289,
    "mcc_mul": 0.7518216957682184,
    "mean_mcc": 0.7531628985696237,
    "val_loss": 0.5702375048505408,
    "cm_bin": [
        [
            22136,
            195
        ],
        [
            1558,
            3028
        ]
    ],
    "cm_mul": [
        [
            22171,
            0,
            0,
            0,
            45,
            68,
            43,
            0,
            1,
            3,
            0,
            0,
            0
        ],
        [
            1,
            1158,
            0,
            0,
            0,
            0,
            0,
            0,
            0,
            0,
            0,
            0,
            0
        ],
        [
            941,
            0,
            0,
            0,
            0,
            0,
            0,
            0,
            0,
            0,
            0,
            0,
            0
        ],
        [
            67,
            0,
            0,
            697,
            12,
            0,
            0,
            0,
            0,
            6,
            0,
            0,
            0
        ],
        [
            311,
            0,
            0,
            0,
            155,
            0,
            0,
            0,
            0,
            0,
            0,
            0,
            0
        ],
        [
            49,
            0,
            0,
            0,
            1,
            266,
            0,
            0,
            0,
            0,
            0,
            0,
            0
        ],
        [
            2,
            0,
            0,
            0,
            0,
            0,
            324,
            0,
            0,
            0,
            0,
            0,
            0
        ],
        [
            268,
            0,
            0,
            0,
            2,
            0,
            0,
            0,
            0,
            0,
            0,
            0,
            0
        ],
        [
            0,
            0,
            0,
            0,
            0,
            0,
            0,
            0,
            235,
            0,
            0,
            0,
            0
        ],
        [
            22,
            0,
            0,
            0,
            16,
            0,
            2,
            0,
            0,
            27,
            0,
            0,
            0
        ],
        [
            19,
            0,
            0,
            0,
            0,
            0,
            0,
            0,
            0,
            0,
            0,
            0,
            0
        ],
        [
            3,
            0,
            0,
            0,
            0,
            0,
            0,
            0,
            0,
            0,
            0,
            0,
            0
        ],
        [
            2,
            0,
            0,
            0,
            0,
            0,
            0,
            0,
            0,
            0,
            0,
            0,
            0
        ]
    ],
    "feature_importance": {
        "Down/Up Ratio": 0.0020781379883635163,
        "Dst Port": 0.6978387364921037,
        "FIN Flag Cnt": 0.0008312551953454066,
        "Flow Pkts/s": 0.0752285951787208,
        "Fwd Pkt Len Max": 0.32543640897755655,
        "Init Bwd Win Byts": 0.20739817123857088,
        "Init Fwd Win Byts": 1.0,
        "Protocol": 0.14962593516209494
    },
    "params": {
        "nb_filters": 32,
        "kernel_size": 3,
        "lstm_units_1": 128,
        "lstm_units_2": 256,
        "dropout": 0.1,
        "lr": 0.0008204643365323959,
        "batch_size": 4096
    },
    "metrics_binary": {
        "task": "Trial Experiment_outliers_Down_Up Ratio_20.0 - Binary Task",
        "accuracy": 0.9348738715310028,
        "f1": 0.7755154309130491,
        "mcc": 0.7545041013710289,
        "auc": 0.9615987324905468
    },
    "metrics_multiclass": {
        "task": "Trial Experiment_outliers_Down_Up Ratio_20.0 - Multiclass Task",
        "accuracy": 0.9300070587361148,
        "f1": 0.5092229577362247,
        "mcc": 0.7518216957682184,
        "auc": NaN
    }
}