{
    "model": "experiments/cnn_lstm_trial_Experiment_outliers_FIN Flag Cnt_20.0.pt",
    "model_type": "CNN-LSTM",
    "label": "Experiment_outliers_FIN Flag Cnt_20.0",
    "mcc_bin": 0.7662928601643454,
    "mcc_mul": 0.7680721216029042,
    "mean_mcc": 0.7671824908836248,
    "val_loss": 0.6243871564843825,
    "cm_bin": [
        [
            22153,
            178
        ],
        [
            1497,
            3089
        ]
    ],
    "cm_mul": [
        [
            22173,
            0,
            0,
            0,
            47,
            67,
            33,
            0,
            1,
            10,
            0,
            0,
            0
        ],
        [
            0,
            1145,
            0,
            0,
            0,
            0,
            0,
            0,
            0,
            14,
            0,
            0,
            0
        ],
        [
            941,
            0,
            0,
            0,
            0,
            0,
            0,
            0,
            0,
            0,
            0,
            0,
            0
        ],
        [
            28,
            0,
            0,
            704,
            46,
            0,
            0,
            0,
            0,
            4,
            0,
            0,
            0
        ],
        [
            250,
            0,
            0,
            0,
            216,
            0,
            0,
            0,
            0,
            0,
            0,
            0,
            0
        ],
        [
            1,
            0,
            0,
            0,
            0,
            313,
            0,
            0,
            2,
            0,
            0,
            0,
            0
        ],
        [
            5,
            0,
            0,
            0,
            0,
            3,
            318,
            0,
            0,
            0,
            0,
            0,
            0
        ],
        [
            270,
            0,
            0,
            0,
            0,
            0,
            0,
            0,
            0,
            0,
            0,
            0,
            0
        ],
        [
            0,
            0,
            0,
            0,
            0,
            0,
            0,
            0,
            235,
            0,
            0,
            0,
            0
        ],
        [
            14,
            1,
            0,
            0,
            14,
            0,
            0,
            0,
            0,
            38,
            0,
            0,
            0
        ],
        [
            19,
            0,
            0,
            0,
            0,
            0,
            0,
            0,
            0,
            0,
            0,
            0,
            0
        ],
        [
            3,
            0,
            0,
            0,
            0,
            0,
            0,
            0,
            0,
            0,
            0,
            0,
            0
        ],
        [
            2,
            0,
            0,
            0,
            0,
            0,
            0,
            0,
            0,
            0,
            0,
            0,
            0
        ]
    ],
    "feature_importance": {
        "Down/Up Ratio": 0.0222888984140593,
        "Dst Port": 0.667381054436348,
        "FIN Flag Cnt": 0.0025717959708530455,
        "Flow Pkts/s": 0.11573081868838449,
        "Fwd Pkt Len Max": 0.43634804972138935,
        "Init Bwd Win Byts": 0.3154736390912988,
        "Init Fwd Win Byts": 1.0,
        "Protocol": 0.13244749249892865
    },
    "params": {
        "nb_filters": 32,
        "kernel_size": 3,
        "lstm_units_1": 128,
        "lstm_units_2": 256,
        "dropout": 0.1,
        "lr": 0.0008204643365323959,
        "batch_size": 4096
    },
    "metrics_binary": {
        "task": "Trial Experiment_outliers_FIN Flag Cnt_20.0 - Binary Task",
        "accuracy": 0.9377716684623101,
        "f1": 0.786705717560168,
        "mcc": 0.7662928601643454,
        "auc": 0.9533840192857793
    },
    "metrics_multiclass": {
        "task": "Trial Experiment_outliers_FIN Flag Cnt_20.0 - Multiclass Task",
        "accuracy": 0.9340565441914032,
        "f1": 0.5270684280138267,
        "mcc": 0.7680721216029042,
        "auc": NaN
    }
}