{
    "model": "experiments/cnn_lstm_trial_Experiment_labels_Protocol_5.0.pt",
    "model_type": "CNN-LSTM",
    "label": "Experiment_labels_Protocol_5.0",
    "mcc_bin": 0.7356227324939865,
    "mcc_mul": 0.7078554791283189,
    "mean_mcc": 0.7217391058111526,
    "val_loss": 0.8214840548379081,
    "cm_bin": [
        [
            22238,
            93
        ],
        [
            1789,
            2797
        ]
    ],
    "cm_mul": [
        [
            22283,
            0,
            13,
            0,
            0,
            7,
            23,
            0,
            1,
            4,
            0,
            0,
            0
        ],
        [
            1,
            1158,
            0,
            0,
            0,
            0,
            0,
            0,
            0,
            0,
            0,
            0,
            0
        ],
        [
            940,
            0,
            1,
            0,
            0,
            0,
            0,
            0,
            0,
            0,
            0,
            0,
            0
        ],
        [
            13,
            8,
            29,
            732,
            0,
            0,
            0,
            0,
            0,
            0,
            0,
            0,
            0
        ],
        [
            454,
            0,
            11,
            0,
            0,
            0,
            1,
            0,
            0,
            0,
            0,
            0,
            0
        ],
        [
            148,
            0,
            0,
            0,
            0,
            168,
            0,
            0,
            0,
            0,
            0,
            0,
            0
        ],
        [
            22,
            0,
            0,
            0,
            0,
            141,
            163,
            0,
            0,
            0,
            0,
            0,
            0
        ],
        [
            267,
            0,
            3,
            0,
            0,
            0,
            0,
            0,
            0,
            0,
            0,
            0,
            0
        ],
        [
            0,
            0,
            0,
            0,
            0,
            3,
            0,
            0,
            232,
            0,
            0,
            0,
            0
        ],
        [
            32,
            4,
            8,
            0,
            0,
            0,
            14,
            0,
            0,
            9,
            0,
            0,
            0
        ],
        [
            19,
            0,
            0,
            0,
            0,
            0,
            0,
            0,
            0,
            0,
            0,
            0,
            0
        ],
        [
            1,
            0,
            2,
            0,
            0,
            0,
            0,
            0,
            0,
            0,
            0,
            0,
            0
        ],
        [
            2,
            0,
            0,
            0,
            0,
            0,
            0,
            0,
            0,
            0,
            0,
            0,
            0
        ]
    ],
    "feature_importance": {
        "Down/Up Ratio": 0.0755336617405586,
        "Dst Port": 0.3752052545155996,
        "FIN Flag Cnt": 0.0,
        "Flow Pkts/s": 0.1732348111658456,
        "Fwd Pkt Len Max": 0.3908045977011493,
        "Init Bwd Win Byts": 0.06691297208538535,
        "Init Fwd Win Byts": 1.0,
        "Protocol": 0.010673234811165304
    },
    "params": {
        "nb_filters": 32,
        "kernel_size": 3,
        "lstm_units_1": 128,
        "lstm_units_2": 256,
        "dropout": 0.1,
        "lr": 0.0008204643365323959,
        "batch_size": 4096
    },
    "metrics_binary": {
        "task": "Trial Experiment_labels_Protocol_5.0 - Binary Task",
        "accuracy": 0.9300813612215328,
        "f1": 0.7482611021936865,
        "mcc": 0.7356227324939865,
        "auc": 0.9418675034029403
    },
    "metrics_multiclass": {
        "task": "Trial Experiment_labels_Protocol_5.0 - Multiclass Task",
        "accuracy": 0.919344652078612,
        "f1": 0.4065923571648542,
        "mcc": 0.7078554791283189,
        "auc": NaN
    }
}