{
    "model": "experiments/cnn_lstm_trial_Experiment_labels_FIN Flag Cnt_30.0.pt",
    "model_type": "CNN-LSTM",
    "label": "Experiment_labels_FIN Flag Cnt_30.0",
    "mcc_bin": 0.7309644763437853,
    "mcc_mul": 0.6793631400880282,
    "mean_mcc": 0.7051638082159067,
    "val_loss": 0.7790309584566525,
    "cm_bin": [
        [
            22207,
            124
        ],
        [
            1786,
            2800
        ]
    ],
    "cm_mul": [
        [
            22261,
            11,
            1,
            0,
            0,
            57,
            0,
            0,
            1,
            0,
            0,
            0,
            0
        ],
        [
            1,
            1158,
            0,
            0,
            0,
            0,
            0,
            0,
            0,
            0,
            0,
            0,
            0
        ],
        [
            936,
            0,
            5,
            0,
            0,
            0,
            0,
            0,
            0,
            0,
            0,
            0,
            0
        ],
        [
            64,
            71,
            2,
            643,
            0,
            0,
            2,
            0,
            0,
            0,
            0,
            0,
            0
        ],
        [
            465,
            0,
            1,
            0,
            0,
            0,
            0,
            0,
            0,
            0,
            0,
            0,
            0
        ],
        [
            20,
            45,
            0,
            0,
            0,
            251,
            0,
            0,
            0,
            0,
            0,
            0,
            0
        ],
        [
            184,
            43,
            0,
            0,
            0,
            91,
            8,
            0,
            0,
            0,
            0,
            0,
            0
        ],
        [
            270,
            0,
            0,
            0,
            0,
            0,
            0,
            0,
            0,
            0,
            0,
            0,
            0
        ],
        [
            0,
            0,
            0,
            0,
            0,
            0,
            0,
            0,
            235,
            0,
            0,
            0,
            0
        ],
        [
            45,
            21,
            1,
            0,
            0,
            0,
            0,
            0,
            0,
            0,
            0,
            0,
            0
        ],
        [
            19,
            0,
            0,
            0,
            0,
            0,
            0,
            0,
            0,
            0,
            0,
            0,
            0
        ],
        [
            3,
            0,
            0,
            0,
            0,
            0,
            0,
            0,
            0,
            0,
            0,
            0,
            0
        ],
        [
            2,
            0,
            0,
            0,
            0,
            0,
            0,
            0,
            0,
            0,
            0,
            0,
            0
        ]
    ],
    "feature_importance": {
        "Down/Up Ratio": 0.06761565836298869,
        "Dst Port": 0.5615658362989339,
        "FIN Flag Cnt": 0.0021352313167249735,
        "Flow Pkts/s": 0.18861209964412723,
        "Fwd Pkt Len Max": 0.6512455516014232,
        "Init Bwd Win Byts": 0.14021352313167182,
        "Init Fwd Win Byts": 1.0,
        "Protocol": 0.07544483985765046
    },
    "params": {
        "nb_filters": 32,
        "kernel_size": 3,
        "lstm_units_1": 128,
        "lstm_units_2": 256,
        "dropout": 0.1,
        "lr": 0.0008204643365323959,
        "batch_size": 4096
    },
    "metrics_binary": {
        "task": "Trial Experiment_labels_FIN Flag Cnt_30.0 - Binary Task",
        "accuracy": 0.9290411264256789,
        "f1": 0.7456724367509987,
        "mcc": 0.7309644763437853,
        "auc": 0.9441335084517067
    },
    "metrics_multiclass": {
        "task": "Trial Experiment_labels_FIN Flag Cnt_30.0 - Multiclass Task",
        "accuracy": 0.9124716721774343,
        "f1": 0.34918441495786917,
        "mcc": 0.6793631400880282,
        "auc": NaN
    }
}