{
    "model": "experiments/cnn_lstm_trial_Experiment_outliers_Down_Up Ratio_75.0.pt",
    "model_type": "CNN-LSTM",
    "label": "Experiment_outliers_Down_Up Ratio_75.0",
    "mcc_bin": 0.7690129001239124,
    "mcc_mul": 0.7668124165444555,
    "mean_mcc": 0.767912658334184,
    "val_loss": 0.5391218063554594,
    "cm_bin": [
        [
            22161,
            170
        ],
        [
            1487,
            3099
        ]
    ],
    "cm_mul": [
        [
            22182,
            0,
            0,
            0,
            70,
            57,
            21,
            0,
            1,
            0,
            0,
            0,
            0
        ],
        [
            1,
            1158,
            0,
            0,
            0,
            0,
            0,
            0,
            0,
            0,
            0,
            0,
            0
        ],
        [
            941,
            0,
            0,
            0,
            0,
            0,
            0,
            0,
            0,
            0,
            0,
            0,
            0
        ],
        [
            38,
            0,
            0,
            693,
            44,
            0,
            6,
            0,
            0,
            1,
            0,
            0,
            0
        ],
        [
            237,
            0,
            0,
            0,
            229,
            0,
            0,
            0,
            0,
            0,
            0,
            0,
            0
        ],
        [
            4,
            0,
            0,
            0,
            0,
            311,
            0,
            0,
            1,
            0,
            0,
            0,
            0
        ],
        [
            4,
            0,
            0,
            0,
            0,
            1,
            321,
            0,
            0,
            0,
            0,
            0,
            0
        ],
        [
            270,
            0,
            0,
            0,
            0,
            0,
            0,
            0,
            0,
            0,
            0,
            0,
            0
        ],
        [
            0,
            0,
            0,
            0,
            0,
            0,
            0,
            0,
            235,
            0,
            0,
            0,
            0
        ],
        [
            27,
            0,
            0,
            0,
            14,
            1,
            20,
            0,
            0,
            5,
            0,
            0,
            0
        ],
        [
            19,
            0,
            0,
            0,
            0,
            0,
            0,
            0,
            0,
            0,
            0,
            0,
            0
        ],
        [
            3,
            0,
            0,
            0,
            0,
            0,
            0,
            0,
            0,
            0,
            0,
            0,
            0
        ],
        [
            2,
            0,
            0,
            0,
            0,
            0,
            0,
            0,
            0,
            0,
            0,
            0,
            0
        ]
    ],
    "feature_importance": {
        "Down/Up Ratio": 0.0008179959100208788,
        "Dst Port": 0.7014314928425357,
        "FIN Flag Cnt": 0.0,
        "Flow Pkts/s": 0.22658486707566486,
        "Fwd Pkt Len Max": 0.4907975460122706,
        "Init Bwd Win Byts": 0.20695296523517479,
        "Init Fwd Win Byts": 1.0,
        "Protocol": 0.1611451942740288
    },
    "params": {
        "nb_filters": 32,
        "kernel_size": 3,
        "lstm_units_1": 128,
        "lstm_units_2": 256,
        "dropout": 0.1,
        "lr": 0.0008204643365323959,
        "batch_size": 4096
    },
    "metrics_binary": {
        "task": "Trial Experiment_outliers_Down_Up Ratio_75.0 - Binary Task",
        "accuracy": 0.9384403908310733,
        "f1": 0.7890515595162317,
        "mcc": 0.7690129001239124,
        "auc": 0.962022802546385
    },
    "metrics_multiclass": {
        "task": "Trial Experiment_outliers_Down_Up Ratio_75.0 - Multiclass Task",
        "accuracy": 0.9337593342497307,
        "f1": 0.49411200040949066,
        "mcc": 0.7668124165444555,
        "auc": NaN
    }
}