{
    "model": "models/cnn_lstm_trial_4.pt",
    "model_type": "CNN-LSTM",
    "label": "4",
    "mcc_bin": 0.19174826711820755,
    "mcc_mul": 0.2622022915875616,
    "mean_mcc": 0.22697527935288458,
    "val_loss": 1.2729559094419975,
    "cm_bin": [
        [
            11121,
            12
        ],
        [
            2212,
            118
        ]
    ],
    "cm_mul": [
        [
            10454,
            1,
            0,
            0,
            678,
            0,
            0,
            0,
            0,
            0,
            0,
            0
        ],
        [
            160,
            8,
            0,
            0,
            397,
            0,
            0,
            0,
            0,
            0,
            0,
            0
        ],
        [
            364,
            5,
            0,
            0,
            116,
            0,
            0,
            0,
            0,
            0,
            0,
            0
        ],
        [
            225,
            0,
            0,
            0,
            165,
            0,
            0,
            0,
            0,
            0,
            0,
            0
        ],
        [
            94,
            0,
            0,
            0,
            144,
            0,
            0,
            0,
            0,
            0,
            0,
            0
        ],
        [
            28,
            0,
            0,
            0,
            148,
            0,
            0,
            0,
            0,
            0,
            0,
            0
        ],
        [
            108,
            0,
            0,
            0,
            66,
            0,
            0,
            0,
            0,
            0,
            0,
            0
        ],
        [
            125,
            0,
            0,
            0,
            20,
            0,
            0,
            0,
            0,
            0,
            0,
            0
        ],
        [
            38,
            0,
            0,
            0,
            76,
            0,
            0,
            0,
            0,
            0,
            0,
            0
        ],
        [
            20,
            0,
            0,
            0,
            9,
            0,
            0,
            0,
            0,
            0,
            0,
            0
        ],
        [
            12,
            0,
            0,
            0,
            0,
            0,
            0,
            0,
            0,
            0,
            0,
            0
        ],
        [
            2,
            0,
            0,
            0,
            0,
            0,
            0,
            0,
            0,
            0,
            0,
            0
        ]
    ],
    "feature_importance": {
        "Dst Port": 0.2500000000000036,
        "Protocol": 0.0,
        "Timestamp": 0.0,
        "Flow Duration": 0.0,
        "Tot Fwd Pkts": 0.0,
        "Tot Bwd Pkts": 0.0,
        "TotLen Fwd Pkts": 0.1250000000000018,
        "Fwd Pkt Len Max": 0.0,
        "Fwd Pkt Len Min": 0.21153846153845351,
        "Bwd Pkt Len Max": 0.0,
        "Bwd Pkt Len Min": 0.1250000000000018,
        "Bwd Pkt Len Mean": 0.0,
        "Flow Byts/s": 0.0,
        "Flow Pkts/s": 0.0,
        "Flow IAT Mean": 0.07692307692307139,
        "Flow IAT Std": 0.06730769230769107,
        "Bwd IAT Tot": 0.0,
        "Bwd IAT Mean": 0.0,
        "Bwd IAT Std": 0.0865384615384661,
        "Fwd PSH Flags": 0.0,
        "Fwd URG Flags": 0.0,
        "Fwd Pkts/s": 0.028846153846155367,
        "Bwd Pkts/s": 0.2596153846153839,
        "Pkt Len Var": 0.0,
        "FIN Flag Cnt": 0.6442307692307696,
        "RST Flag Cnt": 0.0,
        "PSH Flag Cnt": 0.14423076923076245,
        "ACK Flag Cnt": 0.10576923076922676,
        "URG Flag Cnt": 0.1250000000000018,
        "Down/Up Ratio": 0.5961538461538393,
        "Init Fwd Win Byts": 0.11538461538462147,
        "Init Bwd Win Byts": 1.0,
        "Fwd Seg Size Min": 0.06730769230769107,
        "Active Mean": 0.0,
        "Active Std": 0.0
    },
    "params": {
        "nb_filters": 64,
        "kernel_size": 7,
        "lstm_units_1": 128,
        "lstm_units_2": 128,
        "dropout": 0.4,
        "lr": 0.0017643967683381545,
        "batch_size": 64
    },
    "metrics_binary": {
        "task": "Trial 4 - Binary Task",
        "accuracy": 0.8348065067221273,
        "f1": 0.0959349593495935,
        "mcc": 0.19174826711820755,
        "auc": 0.9289444365415583
    },
    "metrics_multiclass": {
        "task": "Trial 4 - Multiclass Task",
        "accuracy": 0.7877887543638119,
        "f1": 0.09051263996866711,
        "mcc": 0.2622022915875616,
        "auc": 0.7962669660880112
    }
}