{
    "model": "models/cnn_lstm_trial_0.pt",
    "model_type": "CNN-LSTM",
    "label": "0",
    "mcc_bin": 0.8693506529584638,
    "mcc_mul": 0.7803491518743536,
    "mean_mcc": 0.8248499024164087,
    "val_loss": 0.36214713752269745,
    "cm_bin": [
        [
            1312,
            31
        ],
        [
            29,
            247
        ]
    ],
    "cm_mul": [
        [
            1314,
            16,
            5,
            5,
            0,
            0,
            3,
            0,
            0,
            0,
            0
        ],
        [
            0,
            77,
            0,
            0,
            0,
            0,
            0,
            0,
            0,
            0,
            0
        ],
        [
            11,
            0,
            53,
            0,
            0,
            0,
            0,
            0,
            0,
            0,
            0
        ],
        [
            3,
            2,
            0,
            46,
            0,
            1,
            0,
            0,
            0,
            0,
            0
        ],
        [
            10,
            0,
            15,
            0,
            0,
            0,
            0,
            0,
            0,
            0,
            0
        ],
        [
            0,
            4,
            0,
            1,
            0,
            7,
            4,
            0,
            0,
            0,
            0
        ],
        [
            0,
            2,
            0,
            0,
            0,
            0,
            14,
            0,
            0,
            0,
            0
        ],
        [
            11,
            1,
            0,
            0,
            0,
            0,
            2,
            0,
            0,
            0,
            0
        ],
        [
            0,
            1,
            0,
            0,
            0,
            0,
            8,
            0,
            0,
            0,
            0
        ],
        [
            0,
            1,
            0,
            1,
            0,
            0,
            0,
            0,
            0,
            0,
            0
        ],
        [
            1,
            0,
            0,
            0,
            0,
            0,
            0,
            0,
            0,
            0,
            0
        ]
    ],
    "feature_importance": {
        "Dst Port": 0.44137931034482797,
        "Protocol": 0.29655172413793046,
        "Timestamp": 0.5931034482758623,
        "Flow Duration": 0.0,
        "Tot Fwd Pkts": 0.0,
        "Tot Bwd Pkts": 0.17241379310344837,
        "TotLen Fwd Pkts": 1.0,
        "Fwd Pkt Len Max": 0.1586206896551723,
        "Fwd Pkt Len Min": 0.3172413793103446,
        "Bwd Pkt Len Max": 0.23448275862068943,
        "Bwd Pkt Len Min": 0.29655172413793046,
        "Bwd Pkt Len Mean": 0.04137931034482696,
        "Flow Byts/s": 0.05517241379310303,
        "Flow Pkts/s": 0.42068965517241386,
        "Flow IAT Mean": 0.07586206896551713,
        "Flow IAT Std": 0.22068965517241335,
        "Bwd IAT Tot": 0.0206896551724141,
        "Bwd IAT Mean": 0.1586206896551723,
        "Bwd IAT Std": 0.048275862068964996,
        "Fwd PSH Flags": 0.0,
        "Fwd URG Flags": 0.006896551724138033,
        "Fwd Pkts/s": 0.062068965517241066,
        "Bwd Pkts/s": 0.21379310344827532,
        "Pkt Len Var": 0.0,
        "FIN Flag Cnt": 0.0,
        "RST Flag Cnt": 0.07586206896551713,
        "PSH Flag Cnt": 0.03448275862069017,
        "ACK Flag Cnt": 0.013793103448276067,
        "URG Flag Cnt": 0.027586206896552133,
        "Down/Up Ratio": 0.551724137931034,
        "Init Fwd Win Byts": 0.006896551724138033,
        "Init Bwd Win Byts": 0.4620689655172408,
        "Fwd Seg Size Min": 0.013793103448276067,
        "Active Mean": 0.0,
        "Active Std": 0.006896551724138033
    },
    "params": {
        "nb_filters": 64,
        "kernel_size": 3,
        "lstm_units_1": 64,
        "lstm_units_2": 256,
        "dropout": 0.35,
        "lr": 0.00026587543983272726,
        "batch_size": 1024
    },
    "metrics_binary": {
        "task": "Trial 0 - Binary Task",
        "accuracy": 0.9629400864731316,
        "f1": 0.8916967509025271,
        "mcc": 0.8693506529584638,
        "auc": 0.968009107880907
    },
    "metrics_multiclass": {
        "task": "Trial 0 - Multiclass Task",
        "accuracy": 0.9332921556516368,
        "f1": 0.423243926983482,
        "mcc": 0.7803491518743536,
        "auc": 0.9620102953343903
    }
}