{
    "model": "models/cnn_lstm_trial_2.pt",
    "model_type": "CNN-LSTM",
    "label": "2",
    "mcc_bin": 0.9447570760066747,
    "mcc_mul": 0.915902286030203,
    "mean_mcc": 0.9303296810184388,
    "val_loss": 0.20560936629772186,
    "cm_bin": [
        [
            1337,
            6
        ],
        [
            19,
            257
        ]
    ],
    "cm_mul": [
        [
            1340,
            0,
            1,
            0,
            2,
            0,
            0,
            0,
            0,
            0,
            0
        ],
        [
            0,
            77,
            0,
            0,
            0,
            0,
            0,
            0,
            0,
            0,
            0
        ],
        [
            1,
            0,
            59,
            0,
            4,
            0,
            0,
            0,
            0,
            0,
            0
        ],
        [
            3,
            0,
            0,
            46,
            0,
            3,
            0,
            0,
            0,
            0,
            0
        ],
        [
            0,
            0,
            0,
            0,
            25,
            0,
            0,
            0,
            0,
            0,
            0
        ],
        [
            1,
            0,
            0,
            0,
            0,
            15,
            0,
            0,
            0,
            0,
            0
        ],
        [
            0,
            0,
            0,
            0,
            0,
            0,
            16,
            0,
            0,
            0,
            0
        ],
        [
            14,
            0,
            0,
            0,
            0,
            0,
            0,
            0,
            0,
            0,
            0
        ],
        [
            0,
            0,
            0,
            0,
            0,
            0,
            9,
            0,
            0,
            0,
            0
        ],
        [
            0,
            0,
            0,
            1,
            0,
            1,
            0,
            0,
            0,
            0,
            0
        ],
        [
            0,
            1,
            0,
            0,
            0,
            0,
            0,
            0,
            0,
            0,
            0
        ]
    ],
    "feature_importance": {
        "Dst Port": 0.38738738738738654,
        "Protocol": 0.14414414414414461,
        "Timestamp": 0.36936936936936826,
        "Flow Duration": 0.00900900900900914,
        "Tot Fwd Pkts": 0.00900900900900914,
        "Tot Bwd Pkts": 0.08108108108108064,
        "TotLen Fwd Pkts": 0.18018018018017956,
        "Fwd Pkt Len Max": 0.10810810810810806,
        "Fwd Pkt Len Min": 0.16216216216216128,
        "Bwd Pkt Len Max": 0.14414414414414461,
        "Bwd Pkt Len Min": 0.15315315315315214,
        "Bwd Pkt Len Mean": 0.01801801801801828,
        "Flow Byts/s": 0.045045045045044085,
        "Flow Pkts/s": 0.054054054054053224,
        "Flow IAT Mean": 0.12612612612612634,
        "Flow IAT Std": 0.03603603603603656,
        "Bwd IAT Tot": 0.03603603603603656,
        "Bwd IAT Mean": 0.09909909909909892,
        "Bwd IAT Std": 0.10810810810810806,
        "Fwd PSH Flags": 0.0,
        "Fwd URG Flags": 0.045045045045044085,
        "Fwd Pkts/s": 0.0720720720720715,
        "Bwd Pkts/s": 0.20720720720720698,
        "Pkt Len Var": 0.0,
        "FIN Flag Cnt": 0.13513513513513548,
        "RST Flag Cnt": 0.2792792792792785,
        "PSH Flag Cnt": 0.48648648648648546,
        "ACK Flag Cnt": 0.00900900900900914,
        "URG Flag Cnt": 0.00900900900900914,
        "Down/Up Ratio": 1.0,
        "Init Fwd Win Byts": 0.3513513513513516,
        "Init Bwd Win Byts": 0.8918918918918919,
        "Fwd Seg Size Min": 0.0,
        "Active Mean": 0.0,
        "Active Std": 0.0
    },
    "params": {
        "nb_filters": 32,
        "kernel_size": 5,
        "lstm_units_1": 64,
        "lstm_units_2": 64,
        "dropout": 0.2,
        "lr": 0.001096821720752952,
        "batch_size": 1024
    },
    "metrics_binary": {
        "task": "Trial 2 - Binary Task",
        "accuracy": 0.9845583693638048,
        "f1": 0.9536178107606679,
        "mcc": 0.9447570760066747,
        "auc": 0.9855935770015216
    },
    "metrics_multiclass": {
        "task": "Trial 2 - Multiclass Task",
        "accuracy": 0.9746757257566399,
        "f1": 0.5815272643221047,
        "mcc": 0.915902286030203,
        "auc": 0.9751902749361396
    }
}