{
    "model": "models/cnn_lstm_trial_7.pt",
    "model_type": "CNN-LSTM",
    "label": "7",
    "mcc_bin": 0.7735886899641846,
    "mcc_mul": 0.6431487575559047,
    "mean_mcc": 0.7083687237600447,
    "val_loss": 0.6124189595381418,
    "cm_bin": [
        [
            10339,
            794
        ],
        [
            199,
            2131
        ]
    ],
    "cm_mul": [
        [
            10997,
            5,
            93,
            0,
            0,
            0,
            1,
            0,
            37,
            0,
            0,
            0
        ],
        [
            0,
            565,
            0,
            0,
            0,
            0,
            0,
            0,
            0,
            0,
            0,
            0
        ],
        [
            91,
            32,
            362,
            0,
            0,
            0,
            0,
            0,
            0,
            0,
            0,
            0
        ],
        [
            1,
            387,
            2,
            0,
            0,
            0,
            0,
            0,
            0,
            0,
            0,
            0
        ],
        [
            168,
            0,
            70,
            0,
            0,
            0,
            0,
            0,
            0,
            0,
            0,
            0
        ],
        [
            41,
            88,
            37,
            0,
            0,
            0,
            0,
            0,
            10,
            0,
            0,
            0
        ],
        [
            30,
            12,
            21,
            0,
            0,
            0,
            6,
            0,
            105,
            0,
            0,
            0
        ],
        [
            130,
            2,
            3,
            0,
            0,
            0,
            0,
            0,
            10,
            0,
            0,
            0
        ],
        [
            0,
            1,
            0,
            0,
            0,
            0,
            0,
            0,
            113,
            0,
            0,
            0
        ],
        [
            2,
            18,
            9,
            0,
            0,
            0,
            0,
            0,
            0,
            0,
            0,
            0
        ],
        [
            11,
            1,
            0,
            0,
            0,
            0,
            0,
            0,
            0,
            0,
            0,
            0
        ],
        [
            0,
            2,
            0,
            0,
            0,
            0,
            0,
            0,
            0,
            0,
            0,
            0
        ]
    ],
    "feature_importance": {
        "Dst Port": 0.33876377575467126,
        "Protocol": 0.0,
        "Timestamp": 0.06229036895064646,
        "Flow Duration": 0.0014374700527073141,
        "Tot Fwd Pkts": 0.0,
        "Tot Bwd Pkts": 0.0009583133684710653,
        "TotLen Fwd Pkts": 0.2898897939626255,
        "Fwd Pkt Len Max": 0.0,
        "Fwd Pkt Len Min": 0.045519885002395656,
        "Bwd Pkt Len Max": 0.07331097268806873,
        "Bwd Pkt Len Min": 0.11068519405845675,
        "Bwd Pkt Len Mean": 0.004312410158121226,
        "Flow Byts/s": 0.02395783421178666,
        "Flow Pkts/s": 0.18639195016770457,
        "Flow IAT Mean": 0.05845711547676077,
        "Flow IAT Std": 0.026353617632965756,
        "Bwd IAT Tot": 0.0,
        "Bwd IAT Mean": 0.0,
        "Bwd IAT Std": 0.07426928605654051,
        "Fwd PSH Flags": 0.0014374700527073141,
        "Fwd URG Flags": 0.016291327264015273,
        "Fwd Pkts/s": 0.01197891710589333,
        "Bwd Pkts/s": 0.12314326784858633,
        "Pkt Len Var": 0.0,
        "FIN Flag Cnt": 0.13895543842836608,
        "RST Flag Cnt": 0.08337326305701921,
        "PSH Flag Cnt": 0.0,
        "ACK Flag Cnt": 0.0,
        "URG Flag Cnt": 0.0857690464781983,
        "Down/Up Ratio": 0.26305701964542416,
        "Init Fwd Win Byts": 0.20124580737901251,
        "Init Bwd Win Byts": 1.0,
        "Fwd Seg Size Min": 0.016291327264015273,
        "Active Mean": 0.0009583133684710653,
        "Active Std": 0.16195495927168166
    },
    "params": {
        "nb_filters": 128,
        "kernel_size": 3,
        "lstm_units_1": 128,
        "lstm_units_2": 128,
        "dropout": 0.15000000000000002,
        "lr": 0.0001736723715159316,
        "batch_size": 512
    },
    "metrics_binary": {
        "task": "Trial 7 - Binary Task",
        "accuracy": 0.9262422936938275,
        "f1": 0.8110371075166508,
        "mcc": 0.7735886899641846,
        "auc": 0.965895537722018
    },
    "metrics_multiclass": {
        "task": "Trial 7 - Multiclass Task",
        "accuracy": 0.8945257372056749,
        "f1": 0.24690340080198822,
        "mcc": 0.6431487575559047,
        "auc": 0.9232166719409118
    }
}