{
    "model": "models/cnn_lstm_trial_9.pt",
    "model_type": "CNN-LSTM",
    "label": "9",
    "mcc_bin": 0.787557557956036,
    "mcc_mul": 0.5029693890439538,
    "mean_mcc": 0.6452634734999949,
    "val_loss": 0.661538870206901,
    "cm_bin": [
        [
            10929,
            204
        ],
        [
            578,
            1752
        ]
    ],
    "cm_mul": [
        [
            11099,
            34,
            0,
            0,
            0,
            0,
            0,
            0,
            0,
            0,
            0,
            0
        ],
        [
            0,
            565,
            0,
            0,
            0,
            0,
            0,
            0,
            0,
            0,
            0,
            0
        ],
        [
            468,
            17,
            0,
            0,
            0,
            0,
            0,
            0,
            0,
            0,
            0,
            0
        ],
        [
            2,
            388,
            0,
            0,
            0,
            0,
            0,
            0,
            0,
            0,
            0,
            0
        ],
        [
            236,
            2,
            0,
            0,
            0,
            0,
            0,
            0,
            0,
            0,
            0,
            0
        ],
        [
            41,
            135,
            0,
            0,
            0,
            0,
            0,
            0,
            0,
            0,
            0,
            0
        ],
        [
            46,
            128,
            0,
            0,
            0,
            0,
            0,
            0,
            0,
            0,
            0,
            0
        ],
        [
            138,
            7,
            0,
            0,
            0,
            0,
            0,
            0,
            0,
            0,
            0,
            0
        ],
        [
            0,
            114,
            0,
            0,
            0,
            0,
            0,
            0,
            0,
            0,
            0,
            0
        ],
        [
            15,
            14,
            0,
            0,
            0,
            0,
            0,
            0,
            0,
            0,
            0,
            0
        ],
        [
            12,
            0,
            0,
            0,
            0,
            0,
            0,
            0,
            0,
            0,
            0,
            0
        ],
        [
            1,
            1,
            0,
            0,
            0,
            0,
            0,
            0,
            0,
            0,
            0,
            0
        ]
    ],
    "feature_importance": {
        "Dst Port": 0.3694638694638694,
        "Protocol": 0.0,
        "Timestamp": 0.005244755244755533,
        "Flow Duration": 0.0,
        "Tot Fwd Pkts": 0.003496503496503688,
        "Tot Bwd Pkts": 0.0011655011655015198,
        "TotLen Fwd Pkts": 0.2762237762237766,
        "Fwd Pkt Len Max": 0.022727272727273103,
        "Fwd Pkt Len Min": 0.03904428904428915,
        "Bwd Pkt Len Max": 0.04487179487179501,
        "Bwd Pkt Len Min": 0.029137529137529285,
        "Bwd Pkt Len Mean": 0.005244755244755533,
        "Flow Byts/s": 0.012820512820513233,
        "Flow Pkts/s": 0.03205128205128178,
        "Flow IAT Mean": 0.022144522144521908,
        "Flow IAT Std": 0.0332167832167833,
        "Bwd IAT Tot": 0.004662004662004337,
        "Bwd IAT Mean": 0.016899766899767247,
        "Bwd IAT Std": 0.015151515151515402,
        "Fwd PSH Flags": 0.003496503496503688,
        "Fwd URG Flags": 0.0,
        "Fwd Pkts/s": 0.03088578088578113,
        "Bwd Pkts/s": 0.024475524475524948,
        "Pkt Len Var": 0.0,
        "FIN Flag Cnt": 0.15268065268065292,
        "RST Flag Cnt": 0.009324009324009546,
        "PSH Flag Cnt": 0.00874125874125922,
        "ACK Flag Cnt": 0.005244755244755533,
        "URG Flag Cnt": 0.07925407925407896,
        "Down/Up Ratio": 0.2773892773892772,
        "Init Fwd Win Byts": 0.18531468531468503,
        "Init Bwd Win Byts": 1.0,
        "Fwd Seg Size Min": 0.00874125874125922,
        "Active Mean": 0.003496503496503688,
        "Active Std": 0.09790209790209804
    },
    "params": {
        "nb_filters": 64,
        "kernel_size": 5,
        "lstm_units_1": 32,
        "lstm_units_2": 64,
        "dropout": 0.35,
        "lr": 0.0004380867619725788,
        "batch_size": 1024
    },
    "metrics_binary": {
        "task": "Trial 9 - Binary Task",
        "accuracy": 0.941914877813266,
        "f1": 0.8175454969668688,
        "mcc": 0.787557557956036,
        "auc": 0.9629467588335956
    },
    "metrics_multiclass": {
        "task": "Trial 9 - Multiclass Task",
        "accuracy": 0.8663745079105697,
        "f1": 0.127565477184575,
        "mcc": 0.5029693890439538,
        "auc": 0.9036352853092561
    }
}