{
    "model": "models/cnn_lstm_trial_6.pt",
    "model_type": "CNN-LSTM",
    "label": "6",
    "mcc_bin": 0.7899795734481728,
    "mcc_mul": 0.5267163415471859,
    "mean_mcc": 0.6583479574976794,
    "val_loss": 0.5854416830199105,
    "cm_bin": [
        [
            10646,
            487
        ],
        [
            344,
            1986
        ]
    ],
    "cm_mul": [
        [
            10949,
            9,
            19,
            0,
            156,
            0,
            0,
            0,
            0,
            0,
            0,
            0
        ],
        [
            0,
            565,
            0,
            0,
            0,
            0,
            0,
            0,
            0,
            0,
            0,
            0
        ],
        [
            141,
            0,
            7,
            0,
            337,
            0,
            0,
            0,
            0,
            0,
            0,
            0
        ],
        [
            109,
            262,
            19,
            0,
            0,
            0,
            0,
            0,
            0,
            0,
            0,
            0
        ],
        [
            153,
            0,
            1,
            0,
            84,
            0,
            0,
            0,
            0,
            0,
            0,
            0
        ],
        [
            12,
            80,
            67,
            0,
            17,
            0,
            0,
            0,
            0,
            0,
            0,
            0
        ],
        [
            6,
            140,
            25,
            0,
            3,
            0,
            0,
            0,
            0,
            0,
            0,
            0
        ],
        [
            140,
            0,
            0,
            0,
            5,
            0,
            0,
            0,
            0,
            0,
            0,
            0
        ],
        [
            0,
            114,
            0,
            0,
            0,
            0,
            0,
            0,
            0,
            0,
            0,
            0
        ],
        [
            10,
            3,
            12,
            0,
            4,
            0,
            0,
            0,
            0,
            0,
            0,
            0
        ],
        [
            8,
            1,
            2,
            0,
            1,
            0,
            0,
            0,
            0,
            0,
            0,
            0
        ],
        [
            1,
            1,
            0,
            0,
            0,
            0,
            0,
            0,
            0,
            0,
            0,
            0
        ]
    ],
    "feature_importance": {
        "Dst Port": 0.4821092278719392,
        "Protocol": 0.0,
        "Timestamp": 0.10420590081607013,
        "Flow Duration": 0.0,
        "Tot Fwd Pkts": 0.0018832391713739305,
        "Tot Bwd Pkts": 0.0006277463904579768,
        "TotLen Fwd Pkts": 0.006277463904582584,
        "Fwd Pkt Len Max": 0.07972379158819777,
        "Fwd Pkt Len Min": 0.08976773383553009,
        "Bwd Pkt Len Max": 0.055869428750784336,
        "Bwd Pkt Len Min": 0.0414312617702443,
        "Bwd Pkt Len Mean": 0.01569365976145599,
        "Flow Byts/s": 0.0025109855618328457,
        "Flow Pkts/s": 0.17702448210922736,
        "Flow IAT Mean": 0.014438166980539097,
        "Flow IAT Std": 0.0,
        "Bwd IAT Tot": 0.010671688637790298,
        "Bwd IAT Mean": 0.0,
        "Bwd IAT Std": 0.021971123666038574,
        "Fwd PSH Flags": 0.0050219711236656915,
        "Fwd URG Flags": 0.010671688637790298,
        "Fwd Pkts/s": 0.060891399874450025,
        "Bwd Pkts/s": 0.015065913370998012,
        "Pkt Len Var": 0.0,
        "FIN Flag Cnt": 0.1751412429378525,
        "RST Flag Cnt": 0.011927181418706252,
        "PSH Flag Cnt": 0.0,
        "ACK Flag Cnt": 0.009416195856873406,
        "URG Flag Cnt": 0.03389830508474576,
        "Down/Up Ratio": 0.09792843691148755,
        "Init Fwd Win Byts": 0.15191462649089701,
        "Init Bwd Win Byts": 1.0,
        "Fwd Seg Size Min": 0.010671688637790298,
        "Active Mean": 0.0012554927809159536,
        "Active Std": 0.19209039548022536
    },
    "params": {
        "nb_filters": 128,
        "kernel_size": 7,
        "lstm_units_1": 128,
        "lstm_units_2": 128,
        "dropout": 0.30000000000000004,
        "lr": 0.005532496914298506,
        "batch_size": 1024
    },
    "metrics_binary": {
        "task": "Trial 6 - Binary Task",
        "accuracy": 0.9382752729703632,
        "f1": 0.8269831355402874,
        "mcc": 0.7899795734481728,
        "auc": 0.9631813781785505
    },
    "metrics_multiclass": {
        "task": "Trial 6 - Multiclass Task",
        "accuracy": 0.8619921265691154,
        "f1": 0.15304225451278078,
        "mcc": 0.5267163415471859,
        "auc": 0.9411239857261905
    }
}