{
    "model": "models/cnn_lstm_trial_9.pt",
    "model_type": "CNN-LSTM",
    "label": "9",
    "mcc_bin": 0.9109767579721723,
    "mcc_mul": 0.7949864295724856,
    "mean_mcc": 0.8529815937723288,
    "val_loss": 0.3488108962774277,
    "cm_bin": [
        [
            1333,
            10
        ],
        [
            30,
            246
        ]
    ],
    "cm_mul": [
        [
            1336,
            1,
            6,
            0,
            0,
            0,
            0,
            0,
            0,
            0,
            0
        ],
        [
            0,
            77,
            0,
            0,
            0,
            0,
            0,
            0,
            0,
            0,
            0
        ],
        [
            6,
            0,
            58,
            0,
            0,
            0,
            0,
            0,
            0,
            0,
            0
        ],
        [
            3,
            3,
            0,
            46,
            0,
            0,
            0,
            0,
            0,
            0,
            0
        ],
        [
            10,
            0,
            15,
            0,
            0,
            0,
            0,
            0,
            0,
            0,
            0
        ],
        [
            1,
            3,
            0,
            12,
            0,
            0,
            0,
            0,
            0,
            0,
            0
        ],
        [
            0,
            0,
            0,
            12,
            0,
            0,
            4,
            0,
            0,
            0,
            0
        ],
        [
            14,
            0,
            0,
            0,
            0,
            0,
            0,
            0,
            0,
            0,
            0
        ],
        [
            0,
            1,
            0,
            4,
            0,
            0,
            4,
            0,
            0,
            0,
            0
        ],
        [
            0,
            1,
            0,
            1,
            0,
            0,
            0,
            0,
            0,
            0,
            0
        ],
        [
            1,
            0,
            0,
            0,
            0,
            0,
            0,
            0,
            0,
            0,
            0
        ]
    ],
    "feature_importance": {
        "Dst Port": 0.3333333333333333,
        "Protocol": 0.25925925925925813,
        "Timestamp": 0.4629629629629616,
        "Flow Duration": 0.04629629629629532,
        "Tot Fwd Pkts": 0.0,
        "Tot Bwd Pkts": 0.20370370370370341,
        "TotLen Fwd Pkts": 0.1203703703703705,
        "Fwd Pkt Len Max": 0.12962962962962823,
        "Fwd Pkt Len Min": 0.1111111111111111,
        "Bwd Pkt Len Max": 0.18518518518518462,
        "Bwd Pkt Len Min": 0.41666666666666624,
        "Bwd Pkt Len Mean": 0.018518518518517133,
        "Flow Byts/s": 0.06481481481481412,
        "Flow Pkts/s": 0.23148148148148162,
        "Flow IAT Mean": 0.09259259259259231,
        "Flow IAT Std": 0.018518518518517133,
        "Bwd IAT Tot": 0.037037037037035925,
        "Bwd IAT Mean": 0.009259259259259398,
        "Bwd IAT Std": 0.13888888888888765,
        "Fwd PSH Flags": 0.0,
        "Fwd URG Flags": 0.04629629629629532,
        "Fwd Pkts/s": 0.2222222222222222,
        "Bwd Pkts/s": 0.472222222222221,
        "Pkt Len Var": 0.0,
        "FIN Flag Cnt": 0.0,
        "RST Flag Cnt": 0.02777777777777653,
        "PSH Flag Cnt": 0.7499999999999996,
        "ACK Flag Cnt": 0.018518518518517133,
        "URG Flag Cnt": 0.19444444444444403,
        "Down/Up Ratio": 1.0,
        "Init Fwd Win Byts": 0.23148148148148162,
        "Init Bwd Win Byts": 0.41666666666666624,
        "Fwd Seg Size Min": 0.02777777777777653,
        "Active Mean": 0.009259259259259398,
        "Active Std": 0.009259259259259398
    },
    "params": {
        "nb_filters": 64,
        "kernel_size": 5,
        "lstm_units_1": 32,
        "lstm_units_2": 64,
        "dropout": 0.35,
        "lr": 0.0004380867619725788,
        "batch_size": 1024
    },
    "metrics_binary": {
        "task": "Trial 9 - Binary Task",
        "accuracy": 0.9752933909820877,
        "f1": 0.924812030075188,
        "mcc": 0.9109767579721723,
        "auc": 0.9776268790400034
    },
    "metrics_multiclass": {
        "task": "Trial 9 - Multiclass Task",
        "accuracy": 0.9394688079061149,
        "f1": 0.3452946869294364,
        "mcc": 0.7949864295724856,
        "auc": 0.9361516733655523
    }
}