{
    "model": "models/cnn_lstm_trial_5.pt",
    "model_type": "CNN-LSTM",
    "label": "5",
    "mcc_bin": 0.47288796365096625,
    "mcc_mul": 0.22548065931805145,
    "mean_mcc": 0.34918431148450885,
    "val_loss": 1.0107281522027083,
    "cm_bin": [
        [
            11087,
            46
        ],
        [
            1672,
            658
        ]
    ],
    "cm_mul": [
        [
            11102,
            0,
            0,
            24,
            0,
            0,
            0,
            0,
            7,
            0,
            0,
            0
        ],
        [
            401,
            0,
            0,
            164,
            0,
            0,
            0,
            0,
            0,
            0,
            0,
            0
        ],
        [
            485,
            0,
            0,
            0,
            0,
            0,
            0,
            0,
            0,
            0,
            0,
            0
        ],
        [
            389,
            0,
            0,
            1,
            0,
            0,
            0,
            0,
            0,
            0,
            0,
            0
        ],
        [
            238,
            0,
            0,
            0,
            0,
            0,
            0,
            0,
            0,
            0,
            0,
            0
        ],
        [
            139,
            0,
            0,
            37,
            0,
            0,
            0,
            0,
            0,
            0,
            0,
            0
        ],
        [
            110,
            0,
            0,
            38,
            0,
            0,
            0,
            0,
            26,
            0,
            0,
            0
        ],
        [
            145,
            0,
            0,
            0,
            0,
            0,
            0,
            0,
            0,
            0,
            0,
            0
        ],
        [
            1,
            0,
            0,
            0,
            0,
            0,
            0,
            0,
            113,
            0,
            0,
            0
        ],
        [
            29,
            0,
            0,
            0,
            0,
            0,
            0,
            0,
            0,
            0,
            0,
            0
        ],
        [
            12,
            0,
            0,
            0,
            0,
            0,
            0,
            0,
            0,
            0,
            0,
            0
        ],
        [
            2,
            0,
            0,
            0,
            0,
            0,
            0,
            0,
            0,
            0,
            0,
            0
        ]
    ],
    "feature_importance": {
        "Dst Port": 0.3200000000000019,
        "Protocol": 0.3119999999999995,
        "Timestamp": 0.18800000000000053,
        "Flow Duration": 0.0,
        "Tot Fwd Pkts": 0.01999999999999713,
        "Tot Bwd Pkts": 0.003999999999998231,
        "TotLen Fwd Pkts": 0.42399999999999777,
        "Fwd Pkt Len Max": 0.39199999999999996,
        "Fwd Pkt Len Min": 0.0,
        "Bwd Pkt Len Max": 0.5439999999999985,
        "Bwd Pkt Len Min": 0.05999999999999737,
        "Bwd Pkt Len Mean": 0.007999999999996461,
        "Flow Byts/s": 0.02400000000000134,
        "Flow Pkts/s": 0.16399999999999917,
        "Flow IAT Mean": 0.03599999999999603,
        "Flow IAT Std": 0.01999999999999713,
        "Bwd IAT Tot": 0.0,
        "Bwd IAT Mean": 0.0,
        "Bwd IAT Std": 0.23199999999999898,
        "Fwd PSH Flags": 0.0,
        "Fwd URG Flags": 0.07599999999999626,
        "Fwd Pkts/s": 0.40400000000000064,
        "Bwd Pkts/s": 0.25999999999999857,
        "Pkt Len Var": 0.0,
        "FIN Flag Cnt": 0.0,
        "RST Flag Cnt": 0.14399999999999608,
        "PSH Flag Cnt": 0.42800000000000193,
        "ACK Flag Cnt": 0.0,
        "URG Flag Cnt": 0.12799999999999717,
        "Down/Up Ratio": 0.7479999999999979,
        "Init Fwd Win Byts": 0.5839999999999987,
        "Init Bwd Win Byts": 1.0,
        "Fwd Seg Size Min": 0.0,
        "Active Mean": 0.0,
        "Active Std": 0.0
    },
    "params": {
        "nb_filters": 64,
        "kernel_size": 3,
        "lstm_units_1": 64,
        "lstm_units_2": 64,
        "dropout": 0.2,
        "lr": 0.0001124186209579306,
        "batch_size": 1024
    },
    "metrics_binary": {
        "task": "Trial 5 - Binary Task",
        "accuracy": 0.8723909975488375,
        "f1": 0.4337508239947264,
        "mcc": 0.47288796365096625,
        "auc": 0.8969875354136042
    },
    "metrics_multiclass": {
        "task": "Trial 5 - Multiclass Task",
        "accuracy": 0.8330981207754586,
        "f1": 0.14919505322420573,
        "mcc": 0.22548065931805145,
        "auc": 0.8113369057648027
    }
}