{
    "model": "models/cnn_lstm_trial_1.pt",
    "model_type": "CNN-LSTM",
    "label": "1",
    "mcc_bin": 0.9558944082686022,
    "mcc_mul": 0.9510167149737464,
    "mean_mcc": 0.9534555616211743,
    "val_loss": 0.13995853066444397,
    "cm_bin": [
        [
            1339,
            4
        ],
        [
            16,
            260
        ]
    ],
    "cm_mul": [
        [
            1341,
            0,
            1,
            0,
            1,
            0,
            0,
            0,
            0,
            0,
            0
        ],
        [
            0,
            77,
            0,
            0,
            0,
            0,
            0,
            0,
            0,
            0,
            0
        ],
        [
            1,
            0,
            63,
            0,
            0,
            0,
            0,
            0,
            0,
            0,
            0
        ],
        [
            1,
            0,
            0,
            51,
            0,
            0,
            0,
            0,
            0,
            0,
            0
        ],
        [
            0,
            0,
            0,
            0,
            25,
            0,
            0,
            0,
            0,
            0,
            0
        ],
        [
            0,
            0,
            0,
            1,
            0,
            15,
            0,
            0,
            0,
            0,
            0
        ],
        [
            0,
            0,
            0,
            0,
            0,
            0,
            16,
            0,
            0,
            0,
            0
        ],
        [
            14,
            0,
            0,
            0,
            0,
            0,
            0,
            0,
            0,
            0,
            0
        ],
        [
            0,
            0,
            0,
            0,
            0,
            0,
            4,
            0,
            5,
            0,
            0
        ],
        [
            0,
            0,
            0,
            1,
            0,
            0,
            0,
            0,
            0,
            1,
            0
        ],
        [
            0,
            0,
            0,
            0,
            0,
            0,
            0,
            0,
            0,
            0,
            1
        ]
    ],
    "feature_importance": {
        "Dst Port": 0.6907216494845371,
        "Protocol": 0.11340206185566994,
        "Timestamp": 0.6597938144329902,
        "Flow Duration": 0.05154639175257809,
        "Tot Fwd Pkts": 0.010309278350515616,
        "Tot Bwd Pkts": 0.08247422680412493,
        "TotLen Fwd Pkts": 0.08247422680412493,
        "Fwd Pkt Len Max": 0.2164948453608261,
        "Fwd Pkt Len Min": 0.041237113402062466,
        "Bwd Pkt Len Max": 0.2164948453608261,
        "Bwd Pkt Len Min": 0.0618556701030937,
        "Bwd Pkt Len Mean": 0.0,
        "Flow Byts/s": 0.020618556701031233,
        "Flow Pkts/s": 0.2474226804123711,
        "Flow IAT Mean": 0.11340206185566994,
        "Flow IAT Std": 0.2474226804123711,
        "Bwd IAT Tot": 0.05154639175257809,
        "Bwd IAT Mean": 0.17525773195876362,
        "Bwd IAT Std": 0.0618556701030937,
        "Fwd PSH Flags": 0.0,
        "Fwd URG Flags": 0.0618556701030937,
        "Fwd Pkts/s": 0.07216494845360932,
        "Bwd Pkts/s": 0.3195876288659804,
        "Pkt Len Var": 0.010309278350515616,
        "FIN Flag Cnt": 0.1546391752577324,
        "RST Flag Cnt": 0.0,
        "PSH Flag Cnt": 1.0,
        "ACK Flag Cnt": 0.010309278350515616,
        "URG Flag Cnt": 0.11340206185566994,
        "Down/Up Ratio": 0.7731958762886602,
        "Init Fwd Win Byts": 0.2474226804123711,
        "Init Bwd Win Byts": 0.9278350515463926,
        "Fwd Seg Size Min": 0.03092783505154685,
        "Active Mean": 0.0,
        "Active Std": 0.0
    },
    "params": {
        "nb_filters": 32,
        "kernel_size": 3,
        "lstm_units_1": 128,
        "lstm_units_2": 256,
        "dropout": 0.1,
        "lr": 0.0016409286730647919,
        "batch_size": 1024
    },
    "metrics_binary": {
        "task": "Trial 1 - Binary Task",
        "accuracy": 0.9876466954910439,
        "f1": 0.9629629629629629,
        "mcc": 0.9558944082686022,
        "auc": 0.9845764943291571
    },
    "metrics_multiclass": {
        "task": "Trial 1 - Multiclass Task",
        "accuracy": 0.9851760345892526,
        "f1": 0.833373842449981,
        "mcc": 0.9510167149737464,
        "auc": 0.9796644371950347
    }
}