{
    "model": "models/cnn_lstm_trial_6.pt",
    "model_type": "CNN-LSTM",
    "label": "6",
    "mcc_bin": 0.9537254388581718,
    "mcc_mul": 0.9448523124362739,
    "mean_mcc": 0.9492888756472229,
    "val_loss": 0.12911784648895264,
    "cm_bin": [
        [
            1337,
            6
        ],
        [
            15,
            261
        ]
    ],
    "cm_mul": [
        [
            1340,
            0,
            0,
            0,
            1,
            1,
            0,
            1,
            0,
            0,
            0
        ],
        [
            0,
            77,
            0,
            0,
            0,
            0,
            0,
            0,
            0,
            0,
            0
        ],
        [
            1,
            0,
            63,
            0,
            0,
            0,
            0,
            0,
            0,
            0,
            0
        ],
        [
            1,
            0,
            0,
            49,
            0,
            0,
            0,
            0,
            0,
            2,
            0
        ],
        [
            0,
            0,
            0,
            0,
            25,
            0,
            0,
            0,
            0,
            0,
            0
        ],
        [
            0,
            0,
            0,
            1,
            0,
            15,
            0,
            0,
            0,
            0,
            0
        ],
        [
            0,
            0,
            0,
            0,
            0,
            0,
            16,
            0,
            0,
            0,
            0
        ],
        [
            14,
            0,
            0,
            0,
            0,
            0,
            0,
            0,
            0,
            0,
            0
        ],
        [
            0,
            0,
            0,
            0,
            0,
            0,
            4,
            0,
            5,
            0,
            0
        ],
        [
            0,
            0,
            0,
            1,
            0,
            0,
            0,
            0,
            0,
            1,
            0
        ],
        [
            0,
            0,
            0,
            0,
            0,
            0,
            0,
            0,
            0,
            0,
            1
        ]
    ],
    "feature_importance": {
        "Dst Port": 0.369127516778524,
        "Protocol": 0.040268456375839506,
        "Timestamp": 0.14765100671140913,
        "Flow Duration": 0.006711409395973251,
        "Tot Fwd Pkts": 0.013422818791946503,
        "Tot Bwd Pkts": 0.05369127516778601,
        "TotLen Fwd Pkts": 0.10738255033557081,
        "Fwd Pkt Len Max": 0.0805369127516778,
        "Fwd Pkt Len Min": 0.30872483221476477,
        "Bwd Pkt Len Max": 0.09395973154362432,
        "Bwd Pkt Len Min": 0.020134228187919753,
        "Bwd Pkt Len Mean": 0.0,
        "Flow Byts/s": 0.03355704697986626,
        "Flow Pkts/s": 0.020134228187919753,
        "Flow IAT Mean": 0.020134228187919753,
        "Flow IAT Std": 0.013422818791946503,
        "Bwd IAT Tot": 0.013422818791946503,
        "Bwd IAT Mean": 0.013422818791946503,
        "Bwd IAT Std": 0.06711409395973131,
        "Fwd PSH Flags": 0.0,
        "Fwd URG Flags": 0.05369127516778601,
        "Fwd Pkts/s": 0.0,
        "Bwd Pkts/s": 0.16778523489932887,
        "Pkt Len Var": 0.0,
        "FIN Flag Cnt": 0.1610738255033556,
        "RST Flag Cnt": 0.3221476510067112,
        "PSH Flag Cnt": 0.33557046979865773,
        "ACK Flag Cnt": 0.020134228187919753,
        "URG Flag Cnt": 0.15436241610738238,
        "Down/Up Ratio": 1.0,
        "Init Fwd Win Byts": 0.24161073825503343,
        "Init Bwd Win Byts": 0.630872483221476,
        "Fwd Seg Size Min": 0.006711409395973251,
        "Active Mean": 0.006711409395973251,
        "Active Std": 0.0805369127516778
    },
    "params": {
        "nb_filters": 128,
        "kernel_size": 7,
        "lstm_units_1": 128,
        "lstm_units_2": 128,
        "dropout": 0.30000000000000004,
        "lr": 0.005532496914298506,
        "batch_size": 1024
    },
    "metrics_binary": {
        "task": "Trial 6 - Binary Task",
        "accuracy": 0.9870290302655961,
        "f1": 0.9613259668508287,
        "mcc": 0.9537254388581718,
        "auc": 0.9864865594008655
    },
    "metrics_multiclass": {
        "task": "Trial 6 - Multiclass Task",
        "accuracy": 0.9833230389129092,
        "f1": 0.8052372191505655,
        "mcc": 0.9448523124362739,
        "auc": 0.9819220057438565
    }
}