{
    "model": "models/cnn_lstm_trial_0.pt",
    "model_type": "CNN-LSTM",
    "label": "0",
    "mcc_bin": 0.8101177300958182,
    "mcc_mul": 0.5227680818827017,
    "mean_mcc": 0.66644290598926,
    "val_loss": 0.6377191245555878,
    "cm_bin": [
        [
            10809,
            324
        ],
        [
            399,
            1931
        ]
    ],
    "cm_mul": [
        [
            11080,
            31,
            0,
            0,
            0,
            0,
            0,
            0,
            22,
            0,
            0,
            0
        ],
        [
            35,
            530,
            0,
            0,
            0,
            0,
            0,
            0,
            0,
            0,
            0,
            0
        ],
        [
            420,
            65,
            0,
            0,
            0,
            0,
            0,
            0,
            0,
            0,
            0,
            0
        ],
        [
            8,
            382,
            0,
            0,
            0,
            0,
            0,
            0,
            0,
            0,
            0,
            0
        ],
        [
            238,
            0,
            0,
            0,
            0,
            0,
            0,
            0,
            0,
            0,
            0,
            0
        ],
        [
            33,
            143,
            0,
            0,
            0,
            0,
            0,
            0,
            0,
            0,
            0,
            0
        ],
        [
            42,
            62,
            0,
            0,
            0,
            0,
            0,
            0,
            70,
            0,
            0,
            0
        ],
        [
            130,
            13,
            0,
            0,
            0,
            0,
            0,
            0,
            2,
            0,
            0,
            0
        ],
        [
            0,
            1,
            0,
            0,
            0,
            0,
            0,
            0,
            113,
            0,
            0,
            0
        ],
        [
            15,
            14,
            0,
            0,
            0,
            0,
            0,
            0,
            0,
            0,
            0,
            0
        ],
        [
            12,
            0,
            0,
            0,
            0,
            0,
            0,
            0,
            0,
            0,
            0,
            0
        ],
        [
            2,
            0,
            0,
            0,
            0,
            0,
            0,
            0,
            0,
            0,
            0,
            0
        ]
    ],
    "feature_importance": {
        "Dst Port": 0.6399521531100466,
        "Protocol": 0.02272727272727159,
        "Timestamp": 0.031100478468898247,
        "Flow Duration": 0.003588516746409892,
        "Tot Fwd Pkts": 0.009569377990429956,
        "Tot Bwd Pkts": 0.007177033492821572,
        "TotLen Fwd Pkts": 0.45095693779904156,
        "Fwd Pkt Len Max": 0.09808612440191329,
        "Fwd Pkt Len Min": 0.09808612440191329,
        "Bwd Pkt Len Max": 0.02272727272727159,
        "Bwd Pkt Len Min": 0.06459330143540666,
        "Bwd Pkt Len Mean": 0.007177033492821572,
        "Flow Byts/s": 0.0598086124401899,
        "Flow Pkts/s": 0.2308612440191383,
        "Flow IAT Mean": 0.10167464114832497,
        "Flow IAT Std": 0.039473684210524905,
        "Bwd IAT Tot": 0.005980861244018275,
        "Bwd IAT Mean": 0.050239234449759945,
        "Bwd IAT Std": 0.16626794258373165,
        "Fwd PSH Flags": 0.009569377990429956,
        "Fwd URG Flags": 0.06698564593301326,
        "Fwd Pkts/s": 0.03708133971291831,
        "Bwd Pkts/s": 0.16507177033492657,
        "Pkt Len Var": 0.004784688995214978,
        "FIN Flag Cnt": 0.24880382775119492,
        "RST Flag Cnt": 0.01913875598085991,
        "PSH Flag Cnt": 0.18181818181818166,
        "ACK Flag Cnt": 0.011961722488038338,
        "URG Flag Cnt": 0.07057416267942494,
        "Down/Up Ratio": 0.79066985645933,
        "Init Fwd Win Byts": 0.09210526315789323,
        "Init Bwd Win Byts": 1.0,
        "Fwd Seg Size Min": 0.005980861244018275,
        "Active Mean": 0.03588516746411322,
        "Active Std": 0.20574162679425834
    },
    "params": {
        "nb_filters": 64,
        "kernel_size": 3,
        "lstm_units_1": 64,
        "lstm_units_2": 256,
        "dropout": 0.35,
        "lr": 0.00026587543983272726,
        "batch_size": 1024
    },
    "metrics_binary": {
        "task": "Trial 0 - Binary Task",
        "accuracy": 0.9462972591547203,
        "f1": 0.8423118865866958,
        "mcc": 0.8101177300958182,
        "auc": 0.9665497617761679
    },
    "metrics_multiclass": {
        "task": "Trial 0 - Multiclass Task",
        "accuracy": 0.8707568892520241,
        "f1": 0.18735836820586127,
        "mcc": 0.5227680818827017,
        "auc": 0.9202483073235678
    }
}