{
    "model": "models/cnn_lstm_trial_7.pt",
    "model_type": "CNN-LSTM",
    "label": "7",
    "mcc_bin": 0.9491942293650989,
    "mcc_mul": 0.9178705771409188,
    "mean_mcc": 0.9335324032530088,
    "val_loss": 0.15566605515778065,
    "cm_bin": [
        [
            1339,
            4
        ],
        [
            19,
            257
        ]
    ],
    "cm_mul": [
        [
            1341,
            0,
            1,
            0,
            1,
            0,
            0,
            0,
            0,
            0,
            0
        ],
        [
            0,
            77,
            0,
            0,
            0,
            0,
            0,
            0,
            0,
            0,
            0
        ],
        [
            1,
            0,
            61,
            0,
            2,
            0,
            0,
            0,
            0,
            0,
            0
        ],
        [
            3,
            0,
            0,
            45,
            0,
            4,
            0,
            0,
            0,
            0,
            0
        ],
        [
            0,
            0,
            0,
            0,
            25,
            0,
            0,
            0,
            0,
            0,
            0
        ],
        [
            1,
            0,
            0,
            0,
            0,
            15,
            0,
            0,
            0,
            0,
            0
        ],
        [
            0,
            0,
            0,
            0,
            0,
            2,
            14,
            0,
            0,
            0,
            0
        ],
        [
            14,
            0,
            0,
            0,
            0,
            0,
            0,
            0,
            0,
            0,
            0
        ],
        [
            0,
            0,
            0,
            0,
            0,
            1,
            7,
            0,
            1,
            0,
            0
        ],
        [
            0,
            0,
            0,
            1,
            0,
            1,
            0,
            0,
            0,
            0,
            0
        ],
        [
            0,
            0,
            0,
            0,
            0,
            0,
            1,
            0,
            0,
            0,
            0
        ]
    ],
    "feature_importance": {
        "Dst Port": 0.5203252032520328,
        "Protocol": 0.02439024390243938,
        "Timestamp": 0.13008130081300856,
        "Flow Duration": 0.008130081300813127,
        "Tot Fwd Pkts": 0.0,
        "Tot Bwd Pkts": 0.08943089430894294,
        "TotLen Fwd Pkts": 0.17073170731707274,
        "Fwd Pkt Len Max": 0.17886178861788588,
        "Fwd Pkt Len Min": 0.19512195121951212,
        "Bwd Pkt Len Max": 0.24390243902439088,
        "Bwd Pkt Len Min": 0.04878048780487876,
        "Bwd Pkt Len Mean": 0.016260162601626254,
        "Flow Byts/s": 0.06504065040650356,
        "Flow Pkts/s": 0.13008130081300856,
        "Flow IAT Mean": 0.12195121951219544,
        "Flow IAT Std": 0.07317073170731668,
        "Bwd IAT Tot": 0.040650406504065636,
        "Bwd IAT Mean": 0.0813008130081298,
        "Bwd IAT Std": 0.04878048780487876,
        "Fwd PSH Flags": 0.0,
        "Fwd URG Flags": 0.02439024390243938,
        "Fwd Pkts/s": 0.08943089430894294,
        "Bwd Pkts/s": 0.4227642276422768,
        "Pkt Len Var": 0.0,
        "FIN Flag Cnt": 0.008130081300813127,
        "RST Flag Cnt": 0.040650406504065636,
        "PSH Flag Cnt": 0.4146341463414636,
        "ACK Flag Cnt": 0.008130081300813127,
        "URG Flag Cnt": 0.25203252032520257,
        "Down/Up Ratio": 1.0,
        "Init Fwd Win Byts": 0.19512195121951212,
        "Init Bwd Win Byts": 0.4552845528455278,
        "Fwd Seg Size Min": 0.0,
        "Active Mean": 0.0,
        "Active Std": 0.0
    },
    "params": {
        "nb_filters": 128,
        "kernel_size": 3,
        "lstm_units_1": 128,
        "lstm_units_2": 128,
        "dropout": 0.15000000000000002,
        "lr": 0.0001736723715159316,
        "batch_size": 512
    },
    "metrics_binary": {
        "task": "Trial 7 - Binary Task",
        "accuracy": 0.9857936998147004,
        "f1": 0.957169459962756,
        "mcc": 0.9491942293650989,
        "auc": 0.9815549224643076
    },
    "metrics_multiclass": {
        "task": "Trial 7 - Multiclass Task",
        "accuracy": 0.9752933909820877,
        "f1": 0.5934837518825236,
        "mcc": 0.9178705771409188,
        "auc": 0.9699994777436555
    }
}