{
    "model": "models/cnn_lstm_trial_1.pt",
    "model_type": "CNN-LSTM",
    "label": "1",
    "mcc_bin": 0.8190160652478223,
    "mcc_mul": 0.5546493881809818,
    "mean_mcc": 0.6868327267144021,
    "val_loss": 0.5851727191890989,
    "cm_bin": [
        [
            10725,
            408
        ],
        [
            303,
            2027
        ]
    ],
    "cm_mul": [
        [
            11061,
            1,
            52,
            1,
            10,
            0,
            1,
            0,
            7,
            0,
            0,
            0
        ],
        [
            232,
            331,
            2,
            0,
            0,
            0,
            0,
            0,
            0,
            0,
            0,
            0
        ],
        [
            197,
            3,
            271,
            8,
            6,
            0,
            0,
            0,
            0,
            0,
            0,
            0
        ],
        [
            0,
            381,
            0,
            2,
            0,
            0,
            0,
            0,
            7,
            0,
            0,
            0
        ],
        [
            180,
            0,
            26,
            0,
            32,
            0,
            0,
            0,
            0,
            0,
            0,
            0
        ],
        [
            30,
            46,
            14,
            3,
            0,
            0,
            6,
            0,
            77,
            0,
            0,
            0
        ],
        [
            4,
            4,
            8,
            2,
            0,
            0,
            0,
            0,
            156,
            0,
            0,
            0
        ],
        [
            138,
            2,
            1,
            0,
            0,
            0,
            1,
            0,
            3,
            0,
            0,
            0
        ],
        [
            0,
            1,
            0,
            0,
            0,
            0,
            0,
            0,
            113,
            0,
            0,
            0
        ],
        [
            10,
            10,
            7,
            0,
            0,
            0,
            1,
            0,
            1,
            0,
            0,
            0
        ],
        [
            11,
            0,
            0,
            0,
            0,
            0,
            0,
            0,
            1,
            0,
            0,
            0
        ],
        [
            2,
            0,
            0,
            0,
            0,
            0,
            0,
            0,
            0,
            0,
            0,
            0
        ]
    ],
    "feature_importance": {
        "Dst Port": 0.25912596401028315,
        "Protocol": 0.0,
        "Timestamp": 0.03496143958868881,
        "Flow Duration": 0.0,
        "Tot Fwd Pkts": 0.0,
        "Tot Bwd Pkts": 0.002056555269922736,
        "TotLen Fwd Pkts": 0.22724935732647805,
        "Fwd Pkt Len Max": 0.0380462724935733,
        "Fwd Pkt Len Min": 0.07455012853470436,
        "Bwd Pkt Len Max": 0.006683804627249467,
        "Bwd Pkt Len Min": 0.0586118251928022,
        "Bwd Pkt Len Mean": 0.008226221079691712,
        "Flow Byts/s": 0.007712082262210452,
        "Flow Pkts/s": 0.16298200514138814,
        "Flow IAT Mean": 0.05552699228791771,
        "Flow IAT Std": 0.01079691516709494,
        "Bwd IAT Tot": 0.007712082262210452,
        "Bwd IAT Mean": 0.017480719794344405,
        "Bwd IAT Std": 0.08586118251928056,
        "Fwd PSH Flags": 0.0025706940874032276,
        "Fwd URG Flags": 0.01850899742930616,
        "Fwd Pkts/s": 0.015424164524421672,
        "Bwd Pkts/s": 0.08020565552699208,
        "Pkt Len Var": 0.0,
        "FIN Flag Cnt": 0.07814910025706934,
        "RST Flag Cnt": 0.07712082262210758,
        "PSH Flag Cnt": 0.0046272493573267315,
        "ACK Flag Cnt": 0.009254498714652695,
        "URG Flag Cnt": 0.006683804627249467,
        "Down/Up Ratio": 0.03547557840616931,
        "Init Fwd Win Byts": 0.057583547557840446,
        "Init Bwd Win Byts": 1.0,
        "Fwd Seg Size Min": 0.006683804627249467,
        "Active Mean": 0.004113110539845472,
        "Active Std": 0.15372750642673544
    },
    "params": {
        "nb_filters": 32,
        "kernel_size": 3,
        "lstm_units_1": 128,
        "lstm_units_2": 256,
        "dropout": 0.1,
        "lr": 0.0016409286730647919,
        "batch_size": 1024
    },
    "metrics_binary": {
        "task": "Trial 1 - Binary Task",
        "accuracy": 0.9471885909529822,
        "f1": 0.8507869884575027,
        "mcc": 0.8190160652478223,
        "auc": 0.9672066072755128
    },
    "metrics_multiclass": {
        "task": "Trial 1 - Multiclass Task",
        "accuracy": 0.8772190447894228,
        "f1": 0.23214833586238784,
        "mcc": 0.5546493881809818,
        "auc": 0.893942434058309
    }
}