{
    "model": "models/cnn_lstm_trial_4.pt",
    "model_type": "CNN-LSTM",
    "label": "4",
    "mcc_bin": 0.9537254388581718,
    "mcc_mul": 0.9407934653387293,
    "mean_mcc": 0.9472594520984505,
    "val_loss": 0.12160057954203624,
    "cm_bin": [
        [
            1337,
            6
        ],
        [
            15,
            261
        ]
    ],
    "cm_mul": [
        [
            1338,
            0,
            1,
            0,
            2,
            2,
            0,
            0,
            0,
            0,
            0
        ],
        [
            0,
            77,
            0,
            0,
            0,
            0,
            0,
            0,
            0,
            0,
            0
        ],
        [
            1,
            0,
            63,
            0,
            0,
            0,
            0,
            0,
            0,
            0,
            0
        ],
        [
            2,
            0,
            0,
            50,
            0,
            0,
            0,
            0,
            0,
            0,
            0
        ],
        [
            0,
            0,
            0,
            0,
            25,
            0,
            0,
            0,
            0,
            0,
            0
        ],
        [
            0,
            0,
            0,
            1,
            0,
            15,
            0,
            0,
            0,
            0,
            0
        ],
        [
            0,
            0,
            0,
            0,
            0,
            0,
            16,
            0,
            0,
            0,
            0
        ],
        [
            14,
            0,
            0,
            0,
            0,
            0,
            0,
            0,
            0,
            0,
            0
        ],
        [
            0,
            0,
            0,
            0,
            0,
            0,
            4,
            0,
            5,
            0,
            0
        ],
        [
            0,
            0,
            0,
            2,
            0,
            0,
            0,
            0,
            0,
            0,
            0
        ],
        [
            0,
            0,
            0,
            0,
            0,
            0,
            0,
            0,
            0,
            0,
            1
        ]
    ],
    "feature_importance": {
        "Dst Port": 0.30412371134020605,
        "Protocol": 0.020618556701031233,
        "Timestamp": 0.11855670103092773,
        "Flow Duration": 0.005154639175257808,
        "Tot Fwd Pkts": 0.0,
        "Tot Bwd Pkts": 0.046391752577319346,
        "TotLen Fwd Pkts": 0.06701030927835058,
        "Fwd Pkt Len Max": 0.0721649484536084,
        "Fwd Pkt Len Min": 0.025773195876289044,
        "Bwd Pkt Len Max": 0.082474226804124,
        "Bwd Pkt Len Min": 0.020618556701031233,
        "Bwd Pkt Len Mean": 0.0,
        "Flow Byts/s": 0.020618556701031233,
        "Flow Pkts/s": 0.015463917525773425,
        "Flow IAT Mean": 0.05154639175257716,
        "Flow IAT Std": 0.020618556701031233,
        "Bwd IAT Tot": 0.010309278350515616,
        "Bwd IAT Mean": 0.015463917525773425,
        "Bwd IAT Std": 0.020618556701031233,
        "Fwd PSH Flags": 0.0,
        "Fwd URG Flags": 0.03092783505154685,
        "Fwd Pkts/s": 0.020618556701031233,
        "Bwd Pkts/s": 0.020618556701031233,
        "Pkt Len Var": 0.0,
        "FIN Flag Cnt": 0.0,
        "RST Flag Cnt": 0.0,
        "PSH Flag Cnt": 0.2783505154639179,
        "ACK Flag Cnt": 0.020618556701031233,
        "URG Flag Cnt": 0.11340206185566994,
        "Down/Up Ratio": 1.0,
        "Init Fwd Win Byts": 0.21649484536082517,
        "Init Bwd Win Byts": 0.7061855670103095,
        "Fwd Seg Size Min": 0.005154639175257808,
        "Active Mean": 0.010309278350515616,
        "Active Std": 0.18556701030927833
    },
    "params": {
        "nb_filters": 64,
        "kernel_size": 7,
        "lstm_units_1": 128,
        "lstm_units_2": 128,
        "dropout": 0.4,
        "lr": 0.0017643967683381545,
        "batch_size": 64
    },
    "metrics_binary": {
        "task": "Trial 4 - Binary Task",
        "accuracy": 0.9870290302655961,
        "f1": 0.9613259668508287,
        "mcc": 0.9537254388581718,
        "auc": 0.9873390743198764
    },
    "metrics_multiclass": {
        "task": "Trial 4 - Multiclass Task",
        "accuracy": 0.9820877084620135,
        "f1": 0.7638550670815732,
        "mcc": 0.9407934653387293,
        "auc": 0.9813442209065957
    }
}