{
    "model": "models/cnn_lstm_trial_3.pt",
    "model_type": "CNN-LSTM",
    "label": "3",
    "mcc_bin": 0.9222542345250435,
    "mcc_mul": 0.8966118256147959,
    "mean_mcc": 0.9094330300699197,
    "val_loss": 0.20776480436325073,
    "cm_bin": [
        [
            1335,
            8
        ],
        [
            27,
            249
        ]
    ],
    "cm_mul": [
        [
            1336,
            0,
            6,
            0,
            1,
            0,
            0,
            0,
            0,
            0,
            0
        ],
        [
            0,
            77,
            0,
            0,
            0,
            0,
            0,
            0,
            0,
            0,
            0
        ],
        [
            2,
            0,
            62,
            0,
            0,
            0,
            0,
            0,
            0,
            0,
            0
        ],
        [
            3,
            2,
            0,
            47,
            0,
            0,
            0,
            0,
            0,
            0,
            0
        ],
        [
            10,
            0,
            0,
            0,
            15,
            0,
            0,
            0,
            0,
            0,
            0
        ],
        [
            0,
            0,
            0,
            1,
            0,
            15,
            0,
            0,
            0,
            0,
            0
        ],
        [
            0,
            0,
            0,
            0,
            0,
            0,
            16,
            0,
            0,
            0,
            0
        ],
        [
            14,
            0,
            0,
            0,
            0,
            0,
            0,
            0,
            0,
            0,
            0
        ],
        [
            0,
            0,
            0,
            0,
            0,
            0,
            8,
            0,
            1,
            0,
            0
        ],
        [
            0,
            0,
            0,
            2,
            0,
            0,
            0,
            0,
            0,
            0,
            0
        ],
        [
            0,
            0,
            0,
            0,
            0,
            0,
            1,
            0,
            0,
            0,
            0
        ]
    ],
    "feature_importance": {
        "Dst Port": 0.5000000000000009,
        "Protocol": 0.028846153846154295,
        "Timestamp": 0.4903846153846161,
        "Flow Duration": 0.0,
        "Tot Fwd Pkts": 0.0,
        "Tot Bwd Pkts": 0.19230769230769185,
        "TotLen Fwd Pkts": 0.14423076923076975,
        "Fwd Pkt Len Max": 0.11538461538461545,
        "Fwd Pkt Len Min": 0.05769230769230859,
        "Bwd Pkt Len Max": 0.21153846153846137,
        "Bwd Pkt Len Min": 0.15384615384615452,
        "Bwd Pkt Len Mean": 0.028846153846154295,
        "Flow Byts/s": 0.04807692307692382,
        "Flow Pkts/s": 0.2019230769230766,
        "Flow IAT Mean": 0.06730769230769162,
        "Flow IAT Std": 0.07692307692307639,
        "Bwd IAT Tot": 0.03846153846153906,
        "Bwd IAT Mean": 0.05769230769230859,
        "Bwd IAT Std": 0.07692307692307639,
        "Fwd PSH Flags": 0.0,
        "Fwd URG Flags": 0.01923076923076953,
        "Fwd Pkts/s": 0.06730769230769162,
        "Bwd Pkts/s": 0.4903846153846161,
        "Pkt Len Var": 0.0,
        "FIN Flag Cnt": 0.11538461538461545,
        "RST Flag Cnt": 0.05769230769230859,
        "PSH Flag Cnt": 0.16346153846153927,
        "ACK Flag Cnt": 0.028846153846154295,
        "URG Flag Cnt": 0.009615384615384765,
        "Down/Up Ratio": 0.7596153846153844,
        "Init Fwd Win Byts": 0.2980769230769225,
        "Init Bwd Win Byts": 1.0,
        "Fwd Seg Size Min": 0.0,
        "Active Mean": 0.028846153846154295,
        "Active Std": 0.0
    },
    "params": {
        "nb_filters": 64,
        "kernel_size": 5,
        "lstm_units_1": 128,
        "lstm_units_2": 256,
        "dropout": 0.2,
        "lr": 0.0003646439558980723,
        "batch_size": 1024
    },
    "metrics_binary": {
        "task": "Trial 3 - Binary Task",
        "accuracy": 0.9783817171093268,
        "f1": 0.9343339587242027,
        "mcc": 0.9222542345250435,
        "auc": 0.982696105409693
    },
    "metrics_multiclass": {
        "task": "Trial 3 - Multiclass Task",
        "accuracy": 0.9691167387276096,
        "f1": 0.5922531970535894,
        "mcc": 0.8966118256147959,
        "auc": 0.9740597165146337
    }
}