{
    "model": "models/cnn_lstm_trial_2.pt",
    "model_type": "CNN-LSTM",
    "label": "2",
    "mcc_bin": 0.8215668591325058,
    "mcc_mul": 0.5054781571242115,
    "mean_mcc": 0.6635225081283587,
    "val_loss": 0.6581286404814038,
    "cm_bin": [
        [
            10920,
            213
        ],
        [
            453,
            1877
        ]
    ],
    "cm_mul": [
        [
            11121,
            12,
            0,
            0,
            0,
            0,
            0,
            0,
            0,
            0,
            0,
            0
        ],
        [
            1,
            564,
            0,
            0,
            0,
            0,
            0,
            0,
            0,
            0,
            0,
            0
        ],
        [
            434,
            51,
            0,
            0,
            0,
            0,
            0,
            0,
            0,
            0,
            0,
            0
        ],
        [
            3,
            387,
            0,
            0,
            0,
            0,
            0,
            0,
            0,
            0,
            0,
            0
        ],
        [
            235,
            3,
            0,
            0,
            0,
            0,
            0,
            0,
            0,
            0,
            0,
            0
        ],
        [
            88,
            88,
            0,
            0,
            0,
            0,
            0,
            0,
            0,
            0,
            0,
            0
        ],
        [
            48,
            126,
            0,
            0,
            0,
            0,
            0,
            0,
            0,
            0,
            0,
            0
        ],
        [
            142,
            3,
            0,
            0,
            0,
            0,
            0,
            0,
            0,
            0,
            0,
            0
        ],
        [
            0,
            114,
            0,
            0,
            0,
            0,
            0,
            0,
            0,
            0,
            0,
            0
        ],
        [
            21,
            8,
            0,
            0,
            0,
            0,
            0,
            0,
            0,
            0,
            0,
            0
        ],
        [
            12,
            0,
            0,
            0,
            0,
            0,
            0,
            0,
            0,
            0,
            0,
            0
        ],
        [
            2,
            0,
            0,
            0,
            0,
            0,
            0,
            0,
            0,
            0,
            0,
            0
        ]
    ],
    "feature_importance": {
        "Dst Port": 0.8265306122448984,
        "Protocol": 0.055555555555554706,
        "Timestamp": 0.07596371882086198,
        "Flow Duration": 0.0022675736961441217,
        "Tot Fwd Pkts": 0.010204081632651938,
        "Tot Bwd Pkts": 0.004535147392289938,
        "TotLen Fwd Pkts": 0.5113378684807248,
        "Fwd Pkt Len Max": 0.04081632653061114,
        "Fwd Pkt Len Min": 0.1111111111111111,
        "Bwd Pkt Len Max": 0.05328798185941059,
        "Bwd Pkt Len Min": 0.11451247165532899,
        "Bwd Pkt Len Mean": 0.012471655328797753,
        "Flow Byts/s": 0.029478458049885446,
        "Flow Pkts/s": 0.10770975056689323,
        "Flow IAT Mean": 0.0918367346938776,
        "Flow IAT Std": 0.055555555555554706,
        "Bwd IAT Tot": 0.005668934240361999,
        "Bwd IAT Mean": 0.0,
        "Bwd IAT Std": 0.05782312925170052,
        "Fwd PSH Flags": 0.0034013605442178773,
        "Fwd URG Flags": 0.0034013605442178773,
        "Fwd Pkts/s": 0.043083900226756955,
        "Bwd Pkts/s": 0.10090702947845748,
        "Pkt Len Var": 0.0022675736961441217,
        "FIN Flag Cnt": 0.36621315192743664,
        "RST Flag Cnt": 0.058956916099772584,
        "PSH Flag Cnt": 0.15192743764172226,
        "ACK Flag Cnt": 0.027210884353741322,
        "URG Flag Cnt": 0.029478458049885446,
        "Down/Up Ratio": 0.6519274376417231,
        "Init Fwd Win Byts": 0.2562358276643993,
        "Init Bwd Win Byts": 1.0,
        "Fwd Seg Size Min": 0.019274376417233507,
        "Active Mean": 0.0022675736961441217,
        "Active Std": 0.32426303854875177
    },
    "params": {
        "nb_filters": 32,
        "kernel_size": 5,
        "lstm_units_1": 64,
        "lstm_units_2": 64,
        "dropout": 0.2,
        "lr": 0.001096821720752952,
        "batch_size": 1024
    },
    "metrics_binary": {
        "task": "Trial 2 - Binary Task",
        "accuracy": 0.9505310851964643,
        "f1": 0.8493212669683258,
        "mcc": 0.8215668591325058,
        "auc": 0.965891567003561
    },
    "metrics_multiclass": {
        "task": "Trial 2 - Multiclass Task",
        "accuracy": 0.867934338557528,
        "f1": 0.12868758069386194,
        "mcc": 0.5054781571242115,
        "auc": 0.9059662046122304
    }
}