{
    "model": "models/cnn_lstm_trial_3.pt",
    "model_type": "CNN-LSTM",
    "label": "3",
    "mcc_bin": 0.7296739796438972,
    "mcc_mul": 0.5259785754353131,
    "mean_mcc": 0.6278262775396052,
    "val_loss": 0.6625852137804031,
    "cm_bin": [
        [
            10598,
            535
        ],
        [
            511,
            1819
        ]
    ],
    "cm_mul": [
        [
            11037,
            18,
            0,
            0,
            0,
            0,
            1,
            0,
            77,
            0,
            0,
            0
        ],
        [
            1,
            564,
            0,
            0,
            0,
            0,
            0,
            0,
            0,
            0,
            0,
            0
        ],
        [
            460,
            25,
            0,
            0,
            0,
            0,
            0,
            0,
            0,
            0,
            0,
            0
        ],
        [
            2,
            388,
            0,
            0,
            0,
            0,
            0,
            0,
            0,
            0,
            0,
            0
        ],
        [
            237,
            1,
            0,
            0,
            0,
            0,
            0,
            0,
            0,
            0,
            0,
            0
        ],
        [
            32,
            112,
            0,
            0,
            0,
            0,
            0,
            0,
            32,
            0,
            0,
            0
        ],
        [
            8,
            3,
            0,
            0,
            0,
            0,
            1,
            0,
            162,
            0,
            0,
            0
        ],
        [
            138,
            0,
            0,
            0,
            0,
            0,
            0,
            0,
            7,
            0,
            0,
            0
        ],
        [
            0,
            1,
            0,
            0,
            0,
            0,
            0,
            0,
            113,
            0,
            0,
            0
        ],
        [
            15,
            14,
            0,
            0,
            0,
            0,
            0,
            0,
            0,
            0,
            0,
            0
        ],
        [
            6,
            6,
            0,
            0,
            0,
            0,
            0,
            0,
            0,
            0,
            0,
            0
        ],
        [
            0,
            2,
            0,
            0,
            0,
            0,
            0,
            0,
            0,
            0,
            0,
            0
        ]
    ],
    "feature_importance": {
        "Dst Port": 0.5542590431738618,
        "Protocol": 0.04784130688448214,
        "Timestamp": 0.022170361726955096,
        "Flow Duration": 0.012835472578764395,
        "Tot Fwd Pkts": 0.007001166861143898,
        "Tot Bwd Pkts": 0.007001166861143898,
        "TotLen Fwd Pkts": 0.37456242707117937,
        "Fwd Pkt Len Max": 0.0,
        "Fwd Pkt Len Min": 0.07584597432905599,
        "Bwd Pkt Len Max": 0.0,
        "Bwd Pkt Len Min": 0.0373395565927663,
        "Bwd Pkt Len Mean": 0.03500583430571775,
        "Flow Byts/s": 0.026837806301050447,
        "Flow Pkts/s": 0.07934655775962794,
        "Flow IAT Mean": 0.054842473745624294,
        "Flow IAT Std": 0.022170361726955096,
        "Bwd IAT Tot": 0.01866977829638315,
        "Bwd IAT Mean": 0.0630105017502916,
        "Bwd IAT Std": 0.04317386231038505,
        "Fwd PSH Flags": 0.0,
        "Fwd URG Flags": 0.017502917152859745,
        "Fwd Pkts/s": 0.014002333722287796,
        "Bwd Pkts/s": 0.0303383897316224,
        "Pkt Len Var": 0.005834305717620497,
        "FIN Flag Cnt": 0.07584597432905599,
        "RST Flag Cnt": 0.0,
        "PSH Flag Cnt": 0.07117852975495889,
        "ACK Flag Cnt": 0.01166861143523925,
        "URG Flag Cnt": 0.1166861143523925,
        "Down/Up Ratio": 0.565927654609101,
        "Init Fwd Win Byts": 0.20070011668611404,
        "Init Bwd Win Byts": 1.0,
        "Fwd Seg Size Min": 0.025670945157527048,
        "Active Mean": 0.022170361726955096,
        "Active Std": 0.1645274212368729
    },
    "params": {
        "nb_filters": 64,
        "kernel_size": 5,
        "lstm_units_1": 128,
        "lstm_units_2": 256,
        "dropout": 0.2,
        "lr": 0.0003646439558980723,
        "batch_size": 1024
    },
    "metrics_binary": {
        "task": "Trial 3 - Binary Task",
        "accuracy": 0.9223055782515042,
        "f1": 0.7766865926558497,
        "mcc": 0.7296739796438972,
        "auc": 0.9547928306557969
    },
    "metrics_multiclass": {
        "task": "Trial 3 - Multiclass Task",
        "accuracy": 0.8701626680531828,
        "f1": 0.17330640555104704,
        "mcc": 0.5259785754353131,
        "auc": 0.938589978950834
    }
}