{
    "model": "models/cnn_lstm_trial_8.pt",
    "model_type": "CNN-LSTM",
    "label": "8",
    "mcc_bin": 0.7383093906120486,
    "mcc_mul": 0.5301479092438662,
    "mean_mcc": 0.6342286499279575,
    "val_loss": 0.7233276241392744,
    "cm_bin": [
        [
            10610,
            523
        ],
        [
            491,
            1839
        ]
    ],
    "cm_mul": [
        [
            10944,
            167,
            22,
            0,
            0,
            0,
            0,
            0,
            0,
            0,
            0,
            0
        ],
        [
            1,
            563,
            1,
            0,
            0,
            0,
            0,
            0,
            0,
            0,
            0,
            0
        ],
        [
            259,
            1,
            225,
            0,
            0,
            0,
            0,
            0,
            0,
            0,
            0,
            0
        ],
        [
            8,
            335,
            47,
            0,
            0,
            0,
            0,
            0,
            0,
            0,
            0,
            0
        ],
        [
            235,
            0,
            3,
            0,
            0,
            0,
            0,
            0,
            0,
            0,
            0,
            0
        ],
        [
            53,
            75,
            48,
            0,
            0,
            0,
            0,
            0,
            0,
            0,
            0,
            0
        ],
        [
            126,
            44,
            4,
            0,
            0,
            0,
            0,
            0,
            0,
            0,
            0,
            0
        ],
        [
            145,
            0,
            0,
            0,
            0,
            0,
            0,
            0,
            0,
            0,
            0,
            0
        ],
        [
            111,
            3,
            0,
            0,
            0,
            0,
            0,
            0,
            0,
            0,
            0,
            0
        ],
        [
            15,
            5,
            9,
            0,
            0,
            0,
            0,
            0,
            0,
            0,
            0,
            0
        ],
        [
            11,
            1,
            0,
            0,
            0,
            0,
            0,
            0,
            0,
            0,
            0,
            0
        ],
        [
            2,
            0,
            0,
            0,
            0,
            0,
            0,
            0,
            0,
            0,
            0,
            0
        ]
    ],
    "feature_importance": {
        "Dst Port": 0.6015748031496061,
        "Protocol": 0.011023622047243924,
        "Timestamp": 0.03307086614173177,
        "Flow Duration": 0.0,
        "Tot Fwd Pkts": 0.0,
        "Tot Bwd Pkts": 0.007874015748030365,
        "TotLen Fwd Pkts": 0.27716535433070844,
        "Fwd Pkt Len Max": 0.24409448818897664,
        "Fwd Pkt Len Min": 0.24409448818897664,
        "Bwd Pkt Len Max": 0.13228346456692944,
        "Bwd Pkt Len Min": 0.08188976377952663,
        "Bwd Pkt Len Mean": 0.025196850393701408,
        "Flow Byts/s": 0.03622047244094533,
        "Flow Pkts/s": 0.1795275590551187,
        "Flow IAT Mean": 0.020472440944882247,
        "Flow IAT Std": 0.0,
        "Bwd IAT Tot": 0.04724409448818925,
        "Bwd IAT Mean": 0.0,
        "Bwd IAT Std": 0.10551181102362243,
        "Fwd PSH Flags": 0.0,
        "Fwd URG Flags": 0.05511811023621962,
        "Fwd Pkts/s": 0.0,
        "Bwd Pkts/s": 0.09763779527558972,
        "Pkt Len Var": 0.0,
        "FIN Flag Cnt": 0.0,
        "RST Flag Cnt": 0.06299212598425234,
        "PSH Flag Cnt": 0.06614173228346354,
        "ACK Flag Cnt": 0.017322834645668687,
        "URG Flag Cnt": 0.14488188976377897,
        "Down/Up Ratio": 0.39685039370078834,
        "Init Fwd Win Byts": 0.2314960629921271,
        "Init Bwd Win Byts": 1.0,
        "Fwd Seg Size Min": 0.0,
        "Active Mean": 0.011023622047243924,
        "Active Std": 0.2677165354330701
    },
    "params": {
        "nb_filters": 64,
        "kernel_size": 3,
        "lstm_units_1": 32,
        "lstm_units_2": 128,
        "dropout": 0.1,
        "lr": 0.0003608219327363787,
        "batch_size": 64
    },
    "metrics_binary": {
        "task": "Trial 8 - Binary Task",
        "accuracy": 0.9246824630468692,
        "f1": 0.7838874680306905,
        "mcc": 0.7383093906120486,
        "auc": 0.9454937549850827
    },
    "metrics_multiclass": {
        "task": "Trial 8 - Multiclass Task",
        "accuracy": 0.8714253881007205,
        "f1": 0.17693234289981027,
        "mcc": 0.5301479092438662,
        "auc": 0.8833286194340597
    }
}