{
    "model": "models/cnn_lstm_trial_Baseline.pt",
    "model_type": "CNN-LSTM",
    "label": "Baseline",
    "mcc_bin": 0.7303055052351759,
    "mcc_mul": 0.5801030420585416,
    "mean_mcc": 0.6552042736468587,
    "val_loss": 0.7922433545546872,
    "cm_bin": [
        [
            22161,
            170
        ],
        [
            1742,
            2844
        ]
    ],
    "cm_mul": [
        [
            22187,
            19,
            8,
            0,
            0,
            82,
            11,
            0,
            24,
            0,
            0,
            0,
            0
        ],
        [
            0,
            1158,
            1,
            0,
            0,
            0,
            0,
            0,
            0,
            0,
            0,
            0,
            0
        ],
        [
            940,
            0,
            1,
            0,
            0,
            0,
            0,
            0,
            0,
            0,
            0,
            0,
            0
        ],
        [
            45,
            49,
            505,
            179,
            0,
            0,
            4,
            0,
            0,
            0,
            0,
            0,
            0
        ],
        [
            465,
            0,
            1,
            0,
            0,
            0,
            0,
            0,
            0,
            0,
            0,
            0,
            0
        ],
        [
            4,
            0,
            0,
            0,
            0,
            92,
            0,
            0,
            220,
            0,
            0,
            0,
            0
        ],
        [
            35,
            243,
            2,
            0,
            0,
            13,
            33,
            0,
            0,
            0,
            0,
            0,
            0
        ],
        [
            253,
            0,
            1,
            0,
            0,
            12,
            0,
            0,
            4,
            0,
            0,
            0,
            0
        ],
        [
            0,
            0,
            0,
            0,
            0,
            0,
            0,
            0,
            235,
            0,
            0,
            0,
            0
        ],
        [
            41,
            16,
            8,
            0,
            0,
            0,
            2,
            0,
            0,
            0,
            0,
            0,
            0
        ],
        [
            19,
            0,
            0,
            0,
            0,
            0,
            0,
            0,
            0,
            0,
            0,
            0,
            0
        ],
        [
            3,
            0,
            0,
            0,
            0,
            0,
            0,
            0,
            0,
            0,
            0,
            0,
            0
        ],
        [
            2,
            0,
            0,
            0,
            0,
            0,
            0,
            0,
            0,
            0,
            0,
            0,
            0
        ]
    ],
    "feature_importance": {
        "Down/Up Ratio": 0.29815573770491693,
        "Dst Port": 0.4989754098360658,
        "FIN Flag Cnt": 0.0,
        "Flow Pkts/s": 0.22540983606557272,
        "Fwd Pkt Len Max": 0.3944672131147546,
        "Init Bwd Win Byts": 0.11321721311475384,
        "Init Fwd Win Byts": 1.0,
        "Protocol": 0.14702868852458928
    },
    "params": {
        "nb_filters": 32,
        "kernel_size": 3,
        "lstm_units_1": 128,
        "lstm_units_2": 256,
        "dropout": 0.1,
        "lr": 0.0008204643365323959,
        "batch_size": 4096
    },
    "metrics_binary": {
        "task": "Trial Baseline - Binary Task",
        "accuracy": 0.9289668239402608,
        "f1": 0.748421052631579,
        "mcc": 0.7303055052351759,
        "auc": 0.940551235023357
    },
    "metrics_multiclass": {
        "task": "Trial Baseline - Multiclass Task",
        "accuracy": 0.887357432106104,
        "f1": 0.2611638946987095,
        "mcc": 0.5801030420585416,
        "auc": NaN
    }
}