{
    "model": "tabnet_trial_0",
    "model_type": "TabNet",
    "label": "0",
    "mcc_bin": 0.9259694798512795,
    "mcc_mul": 0.9129097084929213,
    "mean_mcc": 0.9194395941721004,
    "cm_bin": [
        [
            1325,
            18
        ],
        [
            16,
            260
        ]
    ],
    "cm_mul": [
        [
            1341,
            1,
            0,
            0,
            0,
            0,
            1,
            0,
            0,
            0,
            0
        ],
        [
            0,
            77,
            0,
            0,
            0,
            0,
            0,
            0,
            0,
            0,
            0
        ],
        [
            2,
            0,
            62,
            0,
            0,
            0,
            0,
            0,
            0,
            0,
            0
        ],
        [
            4,
            0,
            0,
            48,
            0,
            0,
            0,
            0,
            0,
            0,
            0
        ],
        [
            10,
            0,
            0,
            0,
            15,
            0,
            0,
            0,
            0,
            0,
            0
        ],
        [
            1,
            0,
            0,
            0,
            0,
            15,
            0,
            0,
            0,
            0,
            0
        ],
        [
            1,
            1,
            0,
            0,
            0,
            0,
            14,
            0,
            0,
            0,
            0
        ],
        [
            14,
            0,
            0,
            0,
            0,
            0,
            0,
            0,
            0,
            0,
            0
        ],
        [
            1,
            0,
            0,
            0,
            0,
            0,
            3,
            0,
            5,
            0,
            0
        ],
        [
            1,
            0,
            0,
            1,
            0,
            0,
            0,
            0,
            0,
            0,
            0
        ],
        [
            1,
            0,
            0,
            0,
            0,
            0,
            0,
            0,
            0,
            0,
            0
        ]
    ],
    "feature_importance": {
        "Dst Port": 0.06191030342366773,
        "Protocol": 0.020154960040289886,
        "Timestamp": 0.009139675272505378,
        "Flow Duration": 0.007213339395492341,
        "Tot Fwd Pkts": 0.0028102599080381606,
        "Tot Bwd Pkts": 0.04609939683317029,
        "TotLen Fwd Pkts": 0.030384871241277984,
        "Fwd Pkt Len Max": 0.007129484873754937,
        "Fwd Pkt Len Min": 0.018847320969164763,
        "Bwd Pkt Len Max": 0.019424122194383293,
        "Bwd Pkt Len Min": 0.03217133031909633,
        "Bwd Pkt Len Mean": 0.007307021522948236,
        "Flow Byts/s": 0.004967156353602131,
        "Flow Pkts/s": 0.018093230399172055,
        "Flow IAT Mean": 0.007991559978817198,
        "Flow IAT Std": 0.0029295387893725133,
        "Bwd IAT Tot": 0.0039856806253874754,
        "Bwd IAT Mean": 0.060043392039979125,
        "Bwd IAT Std": 0.007141327908699577,
        "Fwd PSH Flags": 0.007608220129788982,
        "Fwd URG Flags": 0.0035676529229232336,
        "Fwd Pkts/s": 0.04901998840163009,
        "Bwd Pkts/s": 0.028658908768409545,
        "Pkt Len Var": 0.010849627645673637,
        "FIN Flag Cnt": 0.044111346483174496,
        "RST Flag Cnt": 0.031759802688759525,
        "PSH Flag Cnt": 0.06772831146477047,
        "ACK Flag Cnt": 0.02384033112258746,
        "URG Flag Cnt": 0.05597462790325025,
        "Down/Up Ratio": 0.09294288286944201,
        "Init Fwd Win Byts": 0.11528429814687173,
        "Init Bwd Win Byts": 0.06181434016471861,
        "Fwd Seg Size Min": 0.0017260307511388232,
        "Active Mean": 0.0030725586736858376,
        "Active Std": 0.03429709977435594
    },
    "params": {
        "N_a": 16,
        "N_steps": 4,
        "gamma": 1.0,
        "lambda_sparse": 0.0396760507705299,
        "lr": 0.0015930522616241021,
        "batch_size": 1024,
        "mask_type": "sparsemax"
    },
    "metrics_binary": {
        "task": "Trial 0 - Binary Task",
        "accuracy": 0.9789993823347746,
        "f1": 0.9386281588447654,
        "mcc": 0.9259694798512795,
        "auc": 0.9798364034661745
    },
    "metrics_multiclass": {
        "task": "Trial 0 - Multiclass Task",
        "accuracy": 0.9740580605311921,
        "f1": 0.6512500580226016,
        "mcc": 0.9129097084929213,
        "auc": 0.9742460666044882
    },
    "_live_model": "TabNetMultiTaskClassifier(n_d=16, n_a=16, n_steps=4, gamma=1.0, cat_idxs=[31, 1], cat_dims=[3, 9], cat_emb_dim=[1, 1], n_independent=2, n_shared=2, epsilon=1e-15, momentum=0.02, lambda_sparse=0.0396760507705299, seed=42, clip_value=1, verbose=0, optimizer_fn=<class 'torch.optim.adam.Adam'>, optimizer_params={'lr': 0.0015930522616241021}, scheduler_fn=None, scheduler_params={}, mask_type='sparsemax', input_dim=35, output_dim=[2, 11], device_name='auto', n_shared_decoder=1, n_indep_decoder=1, grouped_features=[])"
}