{
    "model": "tabnet_trial_3",
    "model_type": "TabNet",
    "label": "3",
    "mcc_bin": 0.5526715552231162,
    "mcc_mul": 0.5508591049054729,
    "mean_mcc": 0.5517653300642945,
    "cm_bin": [
        [
            1335,
            8
        ],
        [
            171,
            105
        ]
    ],
    "cm_mul": [
        [
            1338,
            5,
            0,
            0,
            0,
            0,
            0,
            0,
            0,
            0,
            0
        ],
        [
            0,
            77,
            0,
            0,
            0,
            0,
            0,
            0,
            0,
            0,
            0
        ],
        [
            64,
            0,
            0,
            0,
            0,
            0,
            0,
            0,
            0,
            0,
            0
        ],
        [
            52,
            0,
            0,
            0,
            0,
            0,
            0,
            0,
            0,
            0,
            0
        ],
        [
            25,
            0,
            0,
            0,
            0,
            0,
            0,
            0,
            0,
            0,
            0
        ],
        [
            8,
            4,
            0,
            0,
            0,
            4,
            0,
            0,
            0,
            0,
            0
        ],
        [
            6,
            0,
            0,
            0,
            0,
            0,
            10,
            0,
            0,
            0,
            0
        ],
        [
            14,
            0,
            0,
            0,
            0,
            0,
            0,
            0,
            0,
            0,
            0
        ],
        [
            1,
            1,
            0,
            0,
            0,
            0,
            3,
            0,
            4,
            0,
            0
        ],
        [
            2,
            0,
            0,
            0,
            0,
            0,
            0,
            0,
            0,
            0,
            0
        ],
        [
            1,
            0,
            0,
            0,
            0,
            0,
            0,
            0,
            0,
            0,
            0
        ]
    ],
    "feature_importance": {
        "Dst Port": 0.05352794119890053,
        "Protocol": 0.07135054009541278,
        "Timestamp": 0.0478665958291058,
        "Flow Duration": 0.026188563949461906,
        "Tot Fwd Pkts": 0.004309487556014305,
        "Tot Bwd Pkts": 0.026092958891177215,
        "TotLen Fwd Pkts": 0.014795112619012467,
        "Fwd Pkt Len Max": 0.06479132911389868,
        "Fwd Pkt Len Min": 0.051294444353820356,
        "Bwd Pkt Len Max": 0.0014041818075797951,
        "Bwd Pkt Len Min": 0.0613712390381288,
        "Bwd Pkt Len Mean": 0.007781345207046921,
        "Flow Byts/s": 0.01463728144775752,
        "Flow Pkts/s": 0.01014219371042748,
        "Flow IAT Mean": 0.02614302776048341,
        "Flow IAT Std": 0.036555665995380626,
        "Bwd IAT Tot": 0.011551751880121015,
        "Bwd IAT Mean": 0.04151780270973596,
        "Bwd IAT Std": 0.033104479991803236,
        "Fwd PSH Flags": 0.005842410071876654,
        "Fwd URG Flags": 0.016192692210490838,
        "Fwd Pkts/s": 0.01981014516622617,
        "Bwd Pkts/s": 0.019413909699229463,
        "Pkt Len Var": 0.00920923105783703,
        "FIN Flag Cnt": 0.02715415325681162,
        "RST Flag Cnt": 0.08475675441649236,
        "PSH Flag Cnt": 0.01471784995817818,
        "ACK Flag Cnt": 0.022082332249223572,
        "URG Flag Cnt": 0.004357401181194187,
        "Down/Up Ratio": 0.0925121268073065,
        "Init Fwd Win Byts": 0.016482471099950567,
        "Init Bwd Win Byts": 0.030435217761428997,
        "Fwd Seg Size Min": 0.003128558814849945,
        "Active Mean": 0.016865468988179155,
        "Active Std": 0.012613334105456
    },
    "params": {
        "N_a": 8,
        "N_steps": 10,
        "gamma": 1.8,
        "lambda_sparse": 0.06584106160121614,
        "lr": 0.006161049539380964,
        "batch_size": 512,
        "mask_type": "entmax"
    },
    "metrics_binary": {
        "task": "Trial 3 - Binary Task",
        "accuracy": 0.8894379246448425,
        "f1": 0.5398457583547558,
        "mcc": 0.5526715552231162,
        "auc": 0.8845435807784864
    },
    "metrics_multiclass": {
        "task": "Trial 3 - Multiclass Task",
        "accuracy": 0.8851142680667079,
        "f1": 0.32560868841602714,
        "mcc": 0.5508591049054729,
        "auc": 0.826178454609579
    },
    "_live_model": "TabNetMultiTaskClassifier(n_d=8, n_a=8, n_steps=10, gamma=1.8, cat_idxs=[31, 1], cat_dims=[3, 9], cat_emb_dim=[1, 1], n_independent=2, n_shared=2, epsilon=1e-15, momentum=0.02, lambda_sparse=0.06584106160121614, seed=42, clip_value=1, verbose=0, optimizer_fn=<class 'torch.optim.adam.Adam'>, optimizer_params={'lr': 0.006161049539380964}, scheduler_fn=None, scheduler_params={}, mask_type='entmax', input_dim=35, output_dim=[2, 11], device_name='auto', n_shared_decoder=1, n_indep_decoder=1, grouped_features=[])"
}