{
    "model": "tabnet_trial_8",
    "model_type": "TabNet",
    "label": "8",
    "mcc_bin": 0.5334524978878743,
    "mcc_mul": 0.2221044503353902,
    "mean_mcc": 0.37777847411163223,
    "cm_bin": [
        [
            1326,
            17
        ],
        [
            168,
            108
        ]
    ],
    "cm_mul": [
        [
            1151,
            18,
            1,
            134,
            15,
            21,
            0,
            1,
            2,
            0,
            0
        ],
        [
            14,
            0,
            0,
            63,
            0,
            0,
            0,
            0,
            0,
            0,
            0
        ],
        [
            51,
            0,
            0,
            13,
            0,
            0,
            0,
            0,
            0,
            0,
            0
        ],
        [
            5,
            0,
            0,
            46,
            0,
            0,
            0,
            0,
            1,
            0,
            0
        ],
        [
            15,
            0,
            0,
            10,
            0,
            0,
            0,
            0,
            0,
            0,
            0
        ],
        [
            15,
            0,
            0,
            1,
            0,
            0,
            0,
            0,
            0,
            0,
            0
        ],
        [
            16,
            0,
            0,
            0,
            0,
            0,
            0,
            0,
            0,
            0,
            0
        ],
        [
            14,
            0,
            0,
            0,
            0,
            0,
            0,
            0,
            0,
            0,
            0
        ],
        [
            9,
            0,
            0,
            0,
            0,
            0,
            0,
            0,
            0,
            0,
            0
        ],
        [
            1,
            0,
            0,
            1,
            0,
            0,
            0,
            0,
            0,
            0,
            0
        ],
        [
            1,
            0,
            0,
            0,
            0,
            0,
            0,
            0,
            0,
            0,
            0
        ]
    ],
    "feature_importance": {
        "Dst Port": 0.03498681498058803,
        "Protocol": 0.030845149687597613,
        "Timestamp": 0.026935334697139983,
        "Flow Duration": 0.023504754994742548,
        "Tot Fwd Pkts": 0.02382561158680527,
        "Tot Bwd Pkts": 0.01656209615452246,
        "TotLen Fwd Pkts": 0.025808383228548934,
        "Fwd Pkt Len Max": 0.020594755239179956,
        "Fwd Pkt Len Min": 0.038062063617002956,
        "Bwd Pkt Len Max": 0.10294420385353048,
        "Bwd Pkt Len Min": 0.018731956425158406,
        "Bwd Pkt Len Mean": 0.01900728450598799,
        "Flow Byts/s": 0.015938755299706647,
        "Flow Pkts/s": 0.020314169284061077,
        "Flow IAT Mean": 0.024977506371544358,
        "Flow IAT Std": 0.019122687961397183,
        "Bwd IAT Tot": 0.026321168530567034,
        "Bwd IAT Mean": 0.020157369822606273,
        "Bwd IAT Std": 0.014496781212413523,
        "Fwd PSH Flags": 0.020039422897493355,
        "Fwd URG Flags": 0.042920383163901184,
        "Fwd Pkts/s": 0.018275530560819934,
        "Bwd Pkts/s": 0.023676540107538935,
        "Pkt Len Var": 0.01465011537397378,
        "FIN Flag Cnt": 0.013467633171024403,
        "RST Flag Cnt": 0.02041088586802847,
        "PSH Flag Cnt": 0.09241839050253467,
        "ACK Flag Cnt": 0.015001964997230121,
        "URG Flag Cnt": 0.0208071019544566,
        "Down/Up Ratio": 0.019008857402628317,
        "Init Fwd Win Byts": 0.015571825159127242,
        "Init Bwd Win Byts": 0.08567861282636786,
        "Fwd Seg Size Min": 0.032012483377225696,
        "Active Mean": 0.017599017564160567,
        "Active Std": 0.025324387620388113
    },
    "params": {
        "N_a": 16,
        "N_steps": 6,
        "gamma": 1.8,
        "lambda_sparse": 0.03821129441691227,
        "lr": 0.00010325337616482048,
        "batch_size": 256,
        "mask_type": "entmax"
    },
    "metrics_binary": {
        "task": "Trial 8 - Binary Task",
        "accuracy": 0.8857319332921556,
        "f1": 0.5386533665835411,
        "mcc": 0.5334524978878743,
        "auc": 0.6704544228258172
    },
    "metrics_multiclass": {
        "task": "Trial 8 - Multiclass Task",
        "accuracy": 0.7393452748610253,
        "f1": 0.10555675349318613,
        "mcc": 0.2221044503353902,
        "auc": 0.585254336842414
    },
    "_live_model": "TabNetMultiTaskClassifier(n_d=16, n_a=16, n_steps=6, gamma=1.8, cat_idxs=[31, 1], cat_dims=[3, 9], cat_emb_dim=[1, 1], n_independent=2, n_shared=2, epsilon=1e-15, momentum=0.02, lambda_sparse=0.03821129441691227, seed=42, clip_value=1, verbose=0, optimizer_fn=<class 'torch.optim.adam.Adam'>, optimizer_params={'lr': 0.00010325337616482048}, scheduler_fn=None, scheduler_params={}, mask_type='entmax', input_dim=35, output_dim=[2, 11], device_name='auto', n_shared_decoder=1, n_indep_decoder=1, grouped_features=[])"
}