{
    "model": "tabnet_trial_1",
    "model_type": "TabNet",
    "label": "1",
    "mcc_bin": 0.8293820238238848,
    "mcc_mul": 0.37249281875775425,
    "mean_mcc": 0.6009374212908195,
    "cm_bin": [
        [
            1310,
            33
        ],
        [
            44,
            232
        ]
    ],
    "cm_mul": [
        [
            1331,
            1,
            2,
            4,
            0,
            1,
            1,
            1,
            1,
            0,
            1
        ],
        [
            63,
            14,
            0,
            0,
            0,
            0,
            0,
            0,
            0,
            0,
            0
        ],
        [
            64,
            0,
            0,
            0,
            0,
            0,
            0,
            0,
            0,
            0,
            0
        ],
        [
            50,
            0,
            0,
            0,
            0,
            2,
            0,
            0,
            0,
            0,
            0
        ],
        [
            10,
            0,
            0,
            0,
            15,
            0,
            0,
            0,
            0,
            0,
            0
        ],
        [
            7,
            0,
            0,
            0,
            0,
            9,
            0,
            0,
            0,
            0,
            0
        ],
        [
            2,
            0,
            0,
            0,
            0,
            0,
            14,
            0,
            0,
            0,
            0
        ],
        [
            11,
            0,
            0,
            0,
            0,
            1,
            2,
            0,
            0,
            0,
            0
        ],
        [
            6,
            0,
            0,
            0,
            0,
            0,
            3,
            0,
            0,
            0,
            0
        ],
        [
            2,
            0,
            0,
            0,
            0,
            0,
            0,
            0,
            0,
            0,
            0
        ],
        [
            1,
            0,
            0,
            0,
            0,
            0,
            0,
            0,
            0,
            0,
            0
        ]
    ],
    "feature_importance": {
        "Dst Port": 0.09003070287234187,
        "Protocol": 0.030932528368135946,
        "Timestamp": 0.03194043348861064,
        "Flow Duration": 0.02365799867976006,
        "Tot Fwd Pkts": 0.026470686475071115,
        "Tot Bwd Pkts": 0.018752430166514185,
        "TotLen Fwd Pkts": 0.044774750815401644,
        "Fwd Pkt Len Max": 0.018299802005941276,
        "Fwd Pkt Len Min": 0.03156024109209788,
        "Bwd Pkt Len Max": 0.03121711736612788,
        "Bwd Pkt Len Min": 0.03230635151773445,
        "Bwd Pkt Len Mean": 0.019299131169564818,
        "Flow Byts/s": 0.023225904524392053,
        "Flow Pkts/s": 0.03259892756732978,
        "Flow IAT Mean": 0.03891700160035604,
        "Flow IAT Std": 0.04295191314801556,
        "Bwd IAT Tot": 0.01711335222245701,
        "Bwd IAT Mean": 0.01691846500927109,
        "Bwd IAT Std": 0.02344585160464414,
        "Fwd PSH Flags": 0.02671625903324949,
        "Fwd URG Flags": 0.029959492065610736,
        "Fwd Pkts/s": 0.017179012457585064,
        "Bwd Pkts/s": 0.02054153608531535,
        "Pkt Len Var": 0.013784837504167589,
        "FIN Flag Cnt": 0.028273143676803263,
        "RST Flag Cnt": 0.01392113876560929,
        "PSH Flag Cnt": 0.04761675806581814,
        "ACK Flag Cnt": 0.009832966879357965,
        "URG Flag Cnt": 0.022132249110203017,
        "Down/Up Ratio": 0.023047565049292396,
        "Init Fwd Win Byts": 0.028026936880502392,
        "Init Bwd Win Byts": 0.040873508050469486,
        "Fwd Seg Size Min": 0.03414234720540965,
        "Active Mean": 0.023672337848774365,
        "Active Std": 0.02586632162806438
    },
    "params": {
        "N_a": 32,
        "N_steps": 7,
        "gamma": 1.1,
        "lambda_sparse": 0.0007523742884534858,
        "lr": 0.0005404103854647331,
        "batch_size": 512,
        "mask_type": "sparsemax"
    },
    "metrics_binary": {
        "task": "Trial 1 - Binary Task",
        "accuracy": 0.9524397776405188,
        "f1": 0.8576709796672828,
        "mcc": 0.8293820238238848,
        "auc": 0.9521512512544918
    },
    "metrics_multiclass": {
        "task": "Trial 1 - Multiclass Task",
        "accuracy": 0.8542310067943175,
        "f1": 0.30672022958846673,
        "mcc": 0.37249281875775425,
        "auc": 0.8581125026872196
    },
    "_live_model": "TabNetMultiTaskClassifier(n_d=32, n_a=32, n_steps=7, gamma=1.1, cat_idxs=[31, 1], cat_dims=[3, 9], cat_emb_dim=[1, 1], n_independent=2, n_shared=2, epsilon=1e-15, momentum=0.02, lambda_sparse=0.0007523742884534858, seed=42, clip_value=1, verbose=0, optimizer_fn=<class 'torch.optim.adam.Adam'>, optimizer_params={'lr': 0.0005404103854647331}, scheduler_fn=None, scheduler_params={}, mask_type='sparsemax', input_dim=35, output_dim=[2, 11], device_name='auto', n_shared_decoder=1, n_indep_decoder=1, grouped_features=[])"
}