{
    "model": "tabnet_trial_4",
    "model_type": "TabNet",
    "label": "4",
    "mcc_bin": 0.19094799252516034,
    "mcc_mul": 0.044779678096070995,
    "mean_mcc": 0.11786383531061567,
    "cm_bin": [
        [
            1321,
            22
        ],
        [
            247,
            29
        ]
    ],
    "cm_mul": [
        [
            1333,
            6,
            0,
            0,
            0,
            0,
            1,
            1,
            1,
            1,
            0
        ],
        [
            77,
            0,
            0,
            0,
            0,
            0,
            0,
            0,
            0,
            0,
            0
        ],
        [
            64,
            0,
            0,
            0,
            0,
            0,
            0,
            0,
            0,
            0,
            0
        ],
        [
            52,
            0,
            0,
            0,
            0,
            0,
            0,
            0,
            0,
            0,
            0
        ],
        [
            25,
            0,
            0,
            0,
            0,
            0,
            0,
            0,
            0,
            0,
            0
        ],
        [
            16,
            0,
            0,
            0,
            0,
            0,
            0,
            0,
            0,
            0,
            0
        ],
        [
            12,
            0,
            0,
            0,
            0,
            0,
            4,
            0,
            0,
            0,
            0
        ],
        [
            14,
            0,
            0,
            0,
            0,
            0,
            0,
            0,
            0,
            0,
            0
        ],
        [
            9,
            0,
            0,
            0,
            0,
            0,
            0,
            0,
            0,
            0,
            0
        ],
        [
            2,
            0,
            0,
            0,
            0,
            0,
            0,
            0,
            0,
            0,
            0
        ],
        [
            1,
            0,
            0,
            0,
            0,
            0,
            0,
            0,
            0,
            0,
            0
        ]
    ],
    "feature_importance": {
        "Dst Port": 0.020135007580835446,
        "Protocol": 0.028701639416009214,
        "Timestamp": 0.025351327987427674,
        "Flow Duration": 0.03397537803720128,
        "Tot Fwd Pkts": 0.014896275764162267,
        "Tot Bwd Pkts": 0.026701174810770403,
        "TotLen Fwd Pkts": 0.027622115596075504,
        "Fwd Pkt Len Max": 0.024509259558494454,
        "Fwd Pkt Len Min": 0.026634464429455315,
        "Bwd Pkt Len Max": 0.013537899632491001,
        "Bwd Pkt Len Min": 0.03235907965760891,
        "Bwd Pkt Len Mean": 0.01946144406603874,
        "Flow Byts/s": 0.025674993786160897,
        "Flow Pkts/s": 0.041488435023617015,
        "Flow IAT Mean": 0.059203561056842054,
        "Flow IAT Std": 0.026664106001777623,
        "Bwd IAT Tot": 0.02278130038425652,
        "Bwd IAT Mean": 0.028728591532609118,
        "Bwd IAT Std": 0.029795615779418663,
        "Fwd PSH Flags": 0.04250069927910783,
        "Fwd URG Flags": 0.023925312776383153,
        "Fwd Pkts/s": 0.0468809136682093,
        "Bwd Pkts/s": 0.02873871951998735,
        "Pkt Len Var": 0.010563309200647292,
        "FIN Flag Cnt": 0.02469870083399824,
        "RST Flag Cnt": 0.020613744821929597,
        "PSH Flag Cnt": 0.023781095638313085,
        "ACK Flag Cnt": 0.034760928325909275,
        "URG Flag Cnt": 0.02285216569104794,
        "Down/Up Ratio": 0.025106628751085575,
        "Init Fwd Win Byts": 0.023304827768170697,
        "Init Bwd Win Byts": 0.046417376176331016,
        "Fwd Seg Size Min": 0.0391450830808904,
        "Active Mean": 0.020210788645606395,
        "Active Std": 0.03827803572113075
    },
    "params": {
        "N_a": 32,
        "N_steps": 7,
        "gamma": 1.1,
        "lambda_sparse": 0.025502980701628937,
        "lr": 0.00014096175149815865,
        "batch_size": 256,
        "mask_type": "sparsemax"
    },
    "metrics_binary": {
        "task": "Trial 4 - Binary Task",
        "accuracy": 0.8338480543545398,
        "f1": 0.17737003058103976,
        "mcc": 0.19094799252516034,
        "auc": 0.7533695921957115
    },
    "metrics_multiclass": {
        "task": "Trial 4 - Multiclass Task",
        "accuracy": 0.8258184064237184,
        "f1": 0.11684493706203342,
        "mcc": 0.044779678096070995,
        "auc": 0.5487362401223473
    },
    "_live_model": "TabNetMultiTaskClassifier(n_d=32, n_a=32, n_steps=7, gamma=1.1, cat_idxs=[31, 1], cat_dims=[3, 9], cat_emb_dim=[1, 1], n_independent=2, n_shared=2, epsilon=1e-15, momentum=0.02, lambda_sparse=0.025502980701628937, seed=42, clip_value=1, verbose=0, optimizer_fn=<class 'torch.optim.adam.Adam'>, optimizer_params={'lr': 0.00014096175149815865}, scheduler_fn=None, scheduler_params={}, mask_type='sparsemax', input_dim=35, output_dim=[2, 11], device_name='auto', n_shared_decoder=1, n_indep_decoder=1, grouped_features=[])"
}