{
    "model": "tabnet_trial_2",
    "model_type": "TabNet",
    "label": "2",
    "mcc_bin": 0.6753069259890472,
    "mcc_mul": 0.7780589503813979,
    "mean_mcc": 0.7266829381852226,
    "cm_bin": [
        [
            1326,
            17
        ],
        [
            119,
            157
        ]
    ],
    "cm_mul": [
        [
            1314,
            14,
            0,
            12,
            0,
            1,
            2,
            0,
            0,
            0,
            0
        ],
        [
            0,
            77,
            0,
            0,
            0,
            0,
            0,
            0,
            0,
            0,
            0
        ],
        [
            24,
            0,
            39,
            1,
            0,
            0,
            0,
            0,
            0,
            0,
            0
        ],
        [
            6,
            0,
            0,
            46,
            0,
            0,
            0,
            0,
            0,
            0,
            0
        ],
        [
            10,
            0,
            0,
            0,
            15,
            0,
            0,
            0,
            0,
            0,
            0
        ],
        [
            7,
            0,
            0,
            0,
            0,
            9,
            0,
            0,
            0,
            0,
            0
        ],
        [
            2,
            0,
            0,
            0,
            0,
            0,
            14,
            0,
            0,
            0,
            0
        ],
        [
            12,
            0,
            0,
            0,
            0,
            0,
            2,
            0,
            0,
            0,
            0
        ],
        [
            1,
            0,
            0,
            0,
            0,
            0,
            8,
            0,
            0,
            0,
            0
        ],
        [
            2,
            0,
            0,
            0,
            0,
            0,
            0,
            0,
            0,
            0,
            0
        ],
        [
            1,
            0,
            0,
            0,
            0,
            0,
            0,
            0,
            0,
            0,
            0
        ]
    ],
    "feature_importance": {
        "Dst Port": 0.056123896926226415,
        "Protocol": 0.011856381881445438,
        "Timestamp": 0.09343185010904473,
        "Flow Duration": 0.018044360429157517,
        "Tot Fwd Pkts": 0.018539274849737147,
        "Tot Bwd Pkts": 0.026815703625016372,
        "TotLen Fwd Pkts": 0.06074586062068552,
        "Fwd Pkt Len Max": 0.038140931651526364,
        "Fwd Pkt Len Min": 0.0223888691544318,
        "Bwd Pkt Len Max": 0.013231505621170613,
        "Bwd Pkt Len Min": 0.030898328810058245,
        "Bwd Pkt Len Mean": 0.01651554781013279,
        "Flow Byts/s": 0.01778151895370724,
        "Flow Pkts/s": 0.03905784618322482,
        "Flow IAT Mean": 0.03851875422441355,
        "Flow IAT Std": 0.034001586243230936,
        "Bwd IAT Tot": 0.023203217705330757,
        "Bwd IAT Mean": 0.04723581581752793,
        "Bwd IAT Std": 0.05180540658127397,
        "Fwd PSH Flags": 0.005058411625491246,
        "Fwd URG Flags": 0.012132715519355092,
        "Fwd Pkts/s": 0.00347681910820183,
        "Bwd Pkts/s": 0.02742374111225087,
        "Pkt Len Var": 0.017856524628763155,
        "FIN Flag Cnt": 0.0547425580353854,
        "RST Flag Cnt": 0.010117640622729936,
        "PSH Flag Cnt": 0.011993495671205856,
        "ACK Flag Cnt": 0.020379772082916865,
        "URG Flag Cnt": 0.015418045524418472,
        "Down/Up Ratio": 0.01786678894668671,
        "Init Fwd Win Byts": 0.04957352371141749,
        "Init Bwd Win Byts": 0.03277356521229549,
        "Fwd Seg Size Min": 0.016693333779228537,
        "Active Mean": 0.005506606322846588,
        "Active Std": 0.04064980089946411
    },
    "params": {
        "N_a": 128,
        "N_steps": 9,
        "gamma": 1.3,
        "lambda_sparse": 0.00019634341572933326,
        "lr": 0.0023359635026261607,
        "batch_size": 1024,
        "mask_type": "sparsemax"
    },
    "metrics_binary": {
        "task": "Trial 2 - Binary Task",
        "accuracy": 0.9159975293390982,
        "f1": 0.6977777777777778,
        "mcc": 0.6753069259890472,
        "auc": 0.9360478919140579
    },
    "metrics_multiclass": {
        "task": "Trial 2 - Multiclass Task",
        "accuracy": 0.9351451513279803,
        "f1": 0.5070198160515816,
        "mcc": 0.7780589503813979,
        "auc": 0.9479597412983868
    },
    "_live_model": "TabNetMultiTaskClassifier(n_d=128, n_a=128, n_steps=9, gamma=1.3, cat_idxs=[31, 1], cat_dims=[3, 9], cat_emb_dim=[1, 1], n_independent=2, n_shared=2, epsilon=1e-15, momentum=0.02, lambda_sparse=0.00019634341572933326, seed=42, clip_value=1, verbose=0, optimizer_fn=<class 'torch.optim.adam.Adam'>, optimizer_params={'lr': 0.0023359635026261607}, scheduler_fn=None, scheduler_params={}, mask_type='sparsemax', input_dim=35, output_dim=[2, 11], device_name='auto', n_shared_decoder=1, n_indep_decoder=1, grouped_features=[])"
}