{
    "model": "tabnet_trial_7",
    "model_type": "TabNet",
    "label": "7",
    "mcc_bin": 0.9558944082686022,
    "mcc_mul": 0.9429311253873817,
    "mean_mcc": 0.9494127668279919,
    "cm_bin": [
        [
            1339,
            4
        ],
        [
            16,
            260
        ]
    ],
    "cm_mul": [
        [
            1338,
            0,
            0,
            0,
            4,
            0,
            0,
            0,
            0,
            1,
            0
        ],
        [
            0,
            77,
            0,
            0,
            0,
            0,
            0,
            0,
            0,
            0,
            0
        ],
        [
            1,
            0,
            61,
            0,
            2,
            0,
            0,
            0,
            0,
            0,
            0
        ],
        [
            1,
            0,
            0,
            51,
            0,
            0,
            0,
            0,
            0,
            0,
            0
        ],
        [
            0,
            0,
            0,
            0,
            25,
            0,
            0,
            0,
            0,
            0,
            0
        ],
        [
            0,
            0,
            0,
            0,
            0,
            16,
            0,
            0,
            0,
            0,
            0
        ],
        [
            0,
            0,
            0,
            0,
            0,
            0,
            16,
            0,
            0,
            0,
            0
        ],
        [
            14,
            0,
            0,
            0,
            0,
            0,
            0,
            0,
            0,
            0,
            0
        ],
        [
            0,
            0,
            0,
            0,
            0,
            0,
            4,
            0,
            5,
            0,
            0
        ],
        [
            0,
            0,
            0,
            1,
            0,
            0,
            0,
            0,
            0,
            1,
            0
        ],
        [
            0,
            0,
            0,
            0,
            0,
            0,
            0,
            0,
            0,
            0,
            1
        ]
    ],
    "feature_importance": {
        "Dst Port": 0.07088119441853248,
        "Protocol": 0.05011602402999435,
        "Timestamp": 0.0008483629257057,
        "Flow Duration": 0.0004152026136576967,
        "Tot Fwd Pkts": 0.013314209849811184,
        "Tot Bwd Pkts": 0.0035406297575154145,
        "TotLen Fwd Pkts": 0.07276258836183329,
        "Fwd Pkt Len Max": 0.040659251246979354,
        "Fwd Pkt Len Min": 0.0004841193525102017,
        "Bwd Pkt Len Max": 0.016375029457502303,
        "Bwd Pkt Len Min": 0.017162880684192132,
        "Bwd Pkt Len Mean": 0.013732155210523999,
        "Flow Byts/s": 0.00011426023273579108,
        "Flow Pkts/s": 0.01584664635880327,
        "Flow IAT Mean": 0.007858172588790914,
        "Flow IAT Std": 0.0656924086562835,
        "Bwd IAT Tot": 0.0002498288369388773,
        "Bwd IAT Mean": 0.00896788637628249,
        "Bwd IAT Std": 0.038681055035683594,
        "Fwd PSH Flags": 0.0052781081527608275,
        "Fwd URG Flags": 0.001035144894258749,
        "Fwd Pkts/s": 0.013208909077420802,
        "Bwd Pkts/s": 0.04310776550946546,
        "Pkt Len Var": 0.004940126309730532,
        "FIN Flag Cnt": 0.027656483735865968,
        "RST Flag Cnt": 0.08985076956789873,
        "PSH Flag Cnt": 0.052861616409991374,
        "ACK Flag Cnt": 0.001601094462262496,
        "URG Flag Cnt": 0.0066385323807200925,
        "Down/Up Ratio": 0.09735291738638745,
        "Init Fwd Win Byts": 0.05440627185242188,
        "Init Bwd Win Byts": 0.15412275710812565,
        "Fwd Seg Size Min": 0.00010516855591157013,
        "Active Mean": 0.00021462386782724292,
        "Active Std": 0.009917804734674697
    },
    "params": {
        "N_a": 32,
        "N_steps": 5,
        "gamma": 1.1,
        "lambda_sparse": 0.06153085601625314,
        "lr": 0.004132765459466363,
        "batch_size": 512,
        "mask_type": "sparsemax"
    },
    "metrics_binary": {
        "task": "Trial 7 - Binary Task",
        "accuracy": 0.9876466954910439,
        "f1": 0.9629629629629629,
        "mcc": 0.9558944082686022,
        "auc": 0.9831533879374534
    },
    "metrics_multiclass": {
        "task": "Trial 7 - Multiclass Task",
        "accuracy": 0.9827053736874614,
        "f1": 0.8131831406759105,
        "mcc": 0.9429311253873817,
        "auc": 0.9759624324309347
    },
    "_live_model": "TabNetMultiTaskClassifier(n_d=32, n_a=32, n_steps=5, gamma=1.1, cat_idxs=[31, 1], cat_dims=[3, 9], cat_emb_dim=[1, 1], n_independent=2, n_shared=2, epsilon=1e-15, momentum=0.02, lambda_sparse=0.06153085601625314, seed=42, clip_value=1, verbose=0, optimizer_fn=<class 'torch.optim.adam.Adam'>, optimizer_params={'lr': 0.004132765459466363}, scheduler_fn=None, scheduler_params={}, mask_type='sparsemax', input_dim=35, output_dim=[2, 11], device_name='auto', n_shared_decoder=1, n_indep_decoder=1, grouped_features=[])"
}