{
    "model": "tabnet_trial_5",
    "model_type": "TabNet",
    "label": "5",
    "mcc_bin": -0.15293824423815436,
    "mcc_mul": 0.014782871042657787,
    "mean_mcc": -0.06907768659774828,
    "cm_bin": [
        [
            1,
            1342
        ],
        [
            9,
            267
        ]
    ],
    "cm_mul": [
        [
            96,
            78,
            723,
            0,
            15,
            103,
            1,
            317,
            9,
            0,
            1
        ],
        [
            0,
            0,
            70,
            0,
            0,
            0,
            0,
            7,
            0,
            0,
            0
        ],
        [
            0,
            0,
            38,
            0,
            9,
            0,
            0,
            17,
            0,
            0,
            0
        ],
        [
            0,
            0,
            50,
            0,
            0,
            2,
            0,
            0,
            0,
            0,
            0
        ],
        [
            0,
            0,
            25,
            0,
            0,
            0,
            0,
            0,
            0,
            0,
            0
        ],
        [
            0,
            0,
            12,
            0,
            0,
            0,
            0,
            4,
            0,
            0,
            0
        ],
        [
            0,
            0,
            2,
            0,
            0,
            14,
            0,
            0,
            0,
            0,
            0
        ],
        [
            2,
            0,
            8,
            0,
            1,
            0,
            0,
            3,
            0,
            0,
            0
        ],
        [
            0,
            0,
            6,
            0,
            0,
            3,
            0,
            0,
            0,
            0,
            0
        ],
        [
            0,
            0,
            2,
            0,
            0,
            0,
            0,
            0,
            0,
            0,
            0
        ],
        [
            0,
            0,
            0,
            0,
            0,
            0,
            0,
            1,
            0,
            0,
            0
        ]
    ],
    "feature_importance": {
        "Dst Port": 0.015190978218317027,
        "Protocol": 0.013188915449757994,
        "Timestamp": 0.02590965116754106,
        "Flow Duration": 0.022820468000812624,
        "Tot Fwd Pkts": 0.008752682850605582,
        "Tot Bwd Pkts": 0.02647373628799519,
        "TotLen Fwd Pkts": 0.053503464626782654,
        "Fwd Pkt Len Max": 0.007553929738209296,
        "Fwd Pkt Len Min": 0.0190219408176845,
        "Bwd Pkt Len Max": 0.02399848383907436,
        "Bwd Pkt Len Min": 0.009751450084510841,
        "Bwd Pkt Len Mean": 0.013351428445046892,
        "Flow Byts/s": 0.05287148977482034,
        "Flow Pkts/s": 0.05101142629303799,
        "Flow IAT Mean": 0.021203481012805656,
        "Flow IAT Std": 0.04287111300792901,
        "Bwd IAT Tot": 0.03497143336105239,
        "Bwd IAT Mean": 0.022417462187045212,
        "Bwd IAT Std": 0.02505690746306578,
        "Fwd PSH Flags": 0.003968858770177959,
        "Fwd URG Flags": 0.04552521788537169,
        "Fwd Pkts/s": 0.08628230802590767,
        "Bwd Pkts/s": 0.017804740152132167,
        "Pkt Len Var": 0.008216369918707361,
        "FIN Flag Cnt": 0.027697994723856582,
        "RST Flag Cnt": 0.0528442713005907,
        "PSH Flag Cnt": 0.01278027133421134,
        "ACK Flag Cnt": 0.013053264011372785,
        "URG Flag Cnt": 0.01310133487170721,
        "Down/Up Ratio": 0.02585173475424029,
        "Init Fwd Win Byts": 0.06614635474986727,
        "Init Bwd Win Byts": 0.055599444119673824,
        "Fwd Seg Size Min": 0.02034085963904208,
        "Active Mean": 0.015460888131808407,
        "Active Std": 0.04540564498523819
    },
    "params": {
        "N_a": 16,
        "N_steps": 9,
        "gamma": 1.6,
        "lambda_sparse": 0.0009833181933644897,
        "lr": 0.00013400367243354819,
        "batch_size": 1024,
        "mask_type": "sparsemax"
    },
    "metrics_binary": {
        "task": "Trial 5 - Binary Task",
        "accuracy": 0.16553428042001236,
        "f1": 0.28328912466843503,
        "mcc": -0.15293824423815436,
        "auc": 0.27978136769292195
    },
    "metrics_multiclass": {
        "task": "Trial 5 - Multiclass Task",
        "accuracy": 0.0846201358863496,
        "f1": 0.020524520965124082,
        "mcc": 0.014782871042657787,
        "auc": 0.38988970806876944
    },
    "_live_model": "TabNetMultiTaskClassifier(n_d=16, n_a=16, n_steps=9, gamma=1.6, cat_idxs=[31, 1], cat_dims=[3, 9], cat_emb_dim=[1, 1], n_independent=2, n_shared=2, epsilon=1e-15, momentum=0.02, lambda_sparse=0.0009833181933644897, seed=42, clip_value=1, verbose=0, optimizer_fn=<class 'torch.optim.adam.Adam'>, optimizer_params={'lr': 0.00013400367243354819}, scheduler_fn=None, scheduler_params={}, mask_type='sparsemax', input_dim=35, output_dim=[2, 11], device_name='auto', n_shared_decoder=1, n_indep_decoder=1, grouped_features=[])"
}