{
    "model": "tabnet_trial_6",
    "model_type": "TabNet",
    "label": "6",
    "mcc_bin": 0.6042246202707304,
    "mcc_mul": 0.5484664498765339,
    "mean_mcc": 0.5763455350736322,
    "cm_bin": [
        [
            1297,
            46
        ],
        [
            120,
            156
        ]
    ],
    "cm_mul": [
        [
            1308,
            21,
            11,
            0,
            0,
            0,
            3,
            0,
            0,
            0,
            0
        ],
        [
            0,
            77,
            0,
            0,
            0,
            0,
            0,
            0,
            0,
            0,
            0
        ],
        [
            30,
            0,
            34,
            0,
            0,
            0,
            0,
            0,
            0,
            0,
            0
        ],
        [
            52,
            0,
            0,
            0,
            0,
            0,
            0,
            0,
            0,
            0,
            0
        ],
        [
            25,
            0,
            0,
            0,
            0,
            0,
            0,
            0,
            0,
            0,
            0
        ],
        [
            16,
            0,
            0,
            0,
            0,
            0,
            0,
            0,
            0,
            0,
            0
        ],
        [
            1,
            1,
            0,
            0,
            0,
            0,
            4,
            0,
            10,
            0,
            0
        ],
        [
            14,
            0,
            0,
            0,
            0,
            0,
            0,
            0,
            0,
            0,
            0
        ],
        [
            4,
            1,
            0,
            0,
            0,
            0,
            1,
            0,
            3,
            0,
            0
        ],
        [
            2,
            0,
            0,
            0,
            0,
            0,
            0,
            0,
            0,
            0,
            0
        ],
        [
            0,
            0,
            0,
            0,
            0,
            1,
            0,
            0,
            0,
            0,
            0
        ]
    ],
    "feature_importance": {
        "Dst Port": 0.032067179195933014,
        "Protocol": 0.026400778690353035,
        "Timestamp": 0.024439877852422583,
        "Flow Duration": 0.02385090472807551,
        "Tot Fwd Pkts": 0.01906331731143819,
        "Tot Bwd Pkts": 0.01544556406583761,
        "TotLen Fwd Pkts": 0.030707484924705583,
        "Fwd Pkt Len Max": 0.01812480933876344,
        "Fwd Pkt Len Min": 0.09896462610601452,
        "Bwd Pkt Len Max": 0.028259408770547247,
        "Bwd Pkt Len Min": 0.025082189009961085,
        "Bwd Pkt Len Mean": 0.03968075940589013,
        "Flow Byts/s": 0.012006381182651356,
        "Flow Pkts/s": 0.02936124609505579,
        "Flow IAT Mean": 0.03208617418941177,
        "Flow IAT Std": 0.03749800614975758,
        "Bwd IAT Tot": 0.015867115818640382,
        "Bwd IAT Mean": 0.030297017217234715,
        "Bwd IAT Std": 0.017024617131977695,
        "Fwd PSH Flags": 0.01772338799165689,
        "Fwd URG Flags": 0.019934059501478227,
        "Fwd Pkts/s": 0.020387487146586735,
        "Bwd Pkts/s": 0.0347603384509157,
        "Pkt Len Var": 0.014717690421204958,
        "FIN Flag Cnt": 0.03672603080623981,
        "RST Flag Cnt": 0.025028423111799564,
        "PSH Flag Cnt": 0.022251097534319367,
        "ACK Flag Cnt": 0.02421890261064056,
        "URG Flag Cnt": 0.018617145439131906,
        "Down/Up Ratio": 0.04457898847849205,
        "Init Fwd Win Byts": 0.06843581427726687,
        "Init Bwd Win Byts": 0.02065229929656967,
        "Fwd Seg Size Min": 0.04009976209257977,
        "Active Mean": 0.013238030833451694,
        "Active Std": 0.022403084822995013
    },
    "params": {
        "N_a": 128,
        "N_steps": 6,
        "gamma": 1.5,
        "lambda_sparse": 0.0019170041589170674,
        "lr": 0.0001124186209579306,
        "batch_size": 1024,
        "mask_type": "entmax"
    },
    "metrics_binary": {
        "task": "Trial 6 - Binary Task",
        "accuracy": 0.897467572575664,
        "f1": 0.6527196652719666,
        "mcc": 0.6042246202707304,
        "auc": 0.9367736087280261
    },
    "metrics_multiclass": {
        "task": "Trial 6 - Multiclass Task",
        "accuracy": 0.8807906114885732,
        "f1": 0.27599339822132235,
        "mcc": 0.5484664498765339,
        "auc": 0.8034533270851394
    },
    "_live_model": "TabNetMultiTaskClassifier(n_d=128, n_a=128, n_steps=6, gamma=1.5, cat_idxs=[31, 1], cat_dims=[3, 9], cat_emb_dim=[1, 1], n_independent=2, n_shared=2, epsilon=1e-15, momentum=0.02, lambda_sparse=0.0019170041589170674, seed=42, clip_value=1, verbose=0, optimizer_fn=<class 'torch.optim.adam.Adam'>, optimizer_params={'lr': 0.0001124186209579306}, scheduler_fn=None, scheduler_params={}, mask_type='entmax', input_dim=35, output_dim=[2, 11], device_name='auto', n_shared_decoder=1, n_indep_decoder=1, grouped_features=[])"
}