{
    "model": "tabnet_trial_9",
    "model_type": "TabNet",
    "label": "9",
    "mcc_bin": 0.7291300617782899,
    "mcc_mul": 0.8337546851755002,
    "mean_mcc": 0.781442373476895,
    "cm_bin": [
        [
            1311,
            32
        ],
        [
            85,
            191
        ]
    ],
    "cm_mul": [
        [
            1321,
            14,
            4,
            0,
            2,
            0,
            0,
            0,
            2,
            0,
            0
        ],
        [
            0,
            77,
            0,
            0,
            0,
            0,
            0,
            0,
            0,
            0,
            0
        ],
        [
            3,
            0,
            61,
            0,
            0,
            0,
            0,
            0,
            0,
            0,
            0
        ],
        [
            7,
            0,
            0,
            45,
            0,
            0,
            0,
            0,
            0,
            0,
            0
        ],
        [
            10,
            0,
            0,
            0,
            15,
            0,
            0,
            0,
            0,
            0,
            0
        ],
        [
            8,
            0,
            0,
            0,
            0,
            8,
            0,
            0,
            0,
            0,
            0
        ],
        [
            2,
            0,
            0,
            0,
            0,
            0,
            4,
            0,
            10,
            0,
            0
        ],
        [
            12,
            0,
            0,
            0,
            0,
            0,
            0,
            0,
            2,
            0,
            0
        ],
        [
            1,
            1,
            0,
            0,
            0,
            0,
            0,
            0,
            7,
            0,
            0
        ],
        [
            2,
            0,
            0,
            0,
            0,
            0,
            0,
            0,
            0,
            0,
            0
        ],
        [
            0,
            0,
            0,
            0,
            0,
            0,
            0,
            0,
            0,
            0,
            1
        ]
    ],
    "feature_importance": {
        "Dst Port": 0.040325363136186655,
        "Protocol": 0.017717377226492317,
        "Timestamp": 0.05800457882112198,
        "Flow Duration": 0.01847181862414168,
        "Tot Fwd Pkts": 0.022457658315186244,
        "Tot Bwd Pkts": 0.02763967095850997,
        "TotLen Fwd Pkts": 0.016522526992684004,
        "Fwd Pkt Len Max": 0.023195186267157945,
        "Fwd Pkt Len Min": 0.019716768938413183,
        "Bwd Pkt Len Max": 0.04492890142755378,
        "Bwd Pkt Len Min": 0.042290438440452,
        "Bwd Pkt Len Mean": 0.016549145255355724,
        "Flow Byts/s": 0.05057016965717107,
        "Flow Pkts/s": 0.014372186588576927,
        "Flow IAT Mean": 0.027320668095482073,
        "Flow IAT Std": 0.02155009354905847,
        "Bwd IAT Tot": 0.04968370684204756,
        "Bwd IAT Mean": 0.024507374007270405,
        "Bwd IAT Std": 0.025638810634014457,
        "Fwd PSH Flags": 0.03197093171011375,
        "Fwd URG Flags": 0.026005448946134865,
        "Fwd Pkts/s": 0.019309096999685076,
        "Bwd Pkts/s": 0.031306373755255475,
        "Pkt Len Var": 0.014062118281070093,
        "FIN Flag Cnt": 0.034162427025465174,
        "RST Flag Cnt": 0.023380106060570786,
        "PSH Flag Cnt": 0.021585846672615917,
        "ACK Flag Cnt": 0.015652928508275415,
        "URG Flag Cnt": 0.019529905427373644,
        "Down/Up Ratio": 0.025903398440260017,
        "Init Fwd Win Byts": 0.04870738395750405,
        "Init Bwd Win Byts": 0.029220673389993915,
        "Fwd Seg Size Min": 0.03011948858781884,
        "Active Mean": 0.024018586807186604,
        "Active Std": 0.04360284165379997
    },
    "params": {
        "N_a": 128,
        "N_steps": 10,
        "gamma": 1.2,
        "lambda_sparse": 0.003102740950912841,
        "lr": 0.0003997206819121809,
        "batch_size": 1024,
        "mask_type": "entmax"
    },
    "metrics_binary": {
        "task": "Trial 9 - Binary Task",
        "accuracy": 0.9277331686226066,
        "f1": 0.7655310621242485,
        "mcc": 0.7291300617782899,
        "auc": 0.9705046025014299
    },
    "metrics_multiclass": {
        "task": "Trial 9 - Multiclass Task",
        "accuracy": 0.9505867819641755,
        "f1": 0.6370637057504255,
        "mcc": 0.8337546851755002,
        "auc": 0.9496530777462101
    },
    "_live_model": "TabNetMultiTaskClassifier(n_d=128, n_a=128, n_steps=10, gamma=1.2, cat_idxs=[31, 1], cat_dims=[3, 9], cat_emb_dim=[1, 1], n_independent=2, n_shared=2, epsilon=1e-15, momentum=0.02, lambda_sparse=0.003102740950912841, seed=42, clip_value=1, verbose=0, optimizer_fn=<class 'torch.optim.adam.Adam'>, optimizer_params={'lr': 0.0003997206819121809}, scheduler_fn=None, scheduler_params={}, mask_type='entmax', input_dim=35, output_dim=[2, 11], device_name='auto', n_shared_decoder=1, n_indep_decoder=1, grouped_features=[])"
}