{
    "model": "models/tft_trial_0.ckpt",
    "model_type": "TFT",
    "label": "0",
    "pruned": false,
    "feature_importance": {
        "encoder_length": 0.009859675541520119,
        "relative_time_idx": 0.0030096357222646475,
        "Dst Port": 0.19305022060871124,
        "Protocol": 0.04013372212648392,
        "Flow Duration": 0.006835460662841797,
        "Tot Fwd Pkts": 0.008603283204138279,
        "Tot Bwd Pkts": 0.007740847300738096,
        "TotLen Fwd Pkts": 0.17072223126888275,
        "Fwd Pkt Len Max": 0.011868302710354328,
        "Fwd Pkt Len Min": 0.011871648021042347,
        "Bwd Pkt Len Max": 0.006556758191436529,
        "Bwd Pkt Len Min": 0.008916070684790611,
        "Bwd Pkt Len Mean": 0.004599510692059994,
        "Flow Byts/s": 0.013663588091731071,
        "Flow Pkts/s": 0.01292265485972166,
        "Flow IAT Mean": 0.0070787756703794,
        "Flow IAT Std": 0.005338744260370731,
        "Bwd IAT Tot": 0.009735330007970333,
        "Bwd IAT Mean": 0.009488653391599655,
        "Bwd IAT Std": 0.00857392605394125,
        "Fwd PSH Flags": 0.008057314902544022,
        "Fwd URG Flags": 0.05128047615289688,
        "Fwd Pkts/s": 0.008888091892004013,
        "Bwd Pkts/s": 0.010508200153708458,
        "Pkt Len Var": 0.038317251950502396,
        "FIN Flag Cnt": 0.0489102266728878,
        "RST Flag Cnt": 0.04500986635684967,
        "PSH Flag Cnt": 0.011397764086723328,
        "ACK Flag Cnt": 0.012336029671132565,
        "URG Flag Cnt": 0.010051415301859379,
        "Down/Up Ratio": 0.13020361959934235,
        "Init Fwd Win Byts": 0.004906929098069668,
        "Init Bwd Win Byts": 0.05292745679616928,
        "Fwd Seg Size Min": 0.004995868541300297,
        "Active Mean": 0.0038019558414816856,
        "Active Std": 0.007838530465960503
    },
    "val_loss": 0.005792692303657532,
    "cm_bin": [
        [
            1
        ]
    ],
    "cm_mul": [
        [
            1
        ]
    ],
    "params": {
        "hidden_size": 32,
        "attention_head_size": 1,
        "dropout": 0.15000000000000002,
        "hidden_continuous": 16,
        "lr": 0.0026070247583707684,
        "batch_size": 128
    },
    "metrics_binary": {
        "task": "Trial 0 - Binary Task",
        "accuracy": 1.0,
        "f1": 1.0,
        "mcc": 0.0,
        "auc": NaN
    },
    "metrics_multiclass": {
        "task": "Trial 0 - Multiclass Task",
        "accuracy": 1.0,
        "f1": 1.0,
        "mcc": 0.0,
        "auc": NaN
    }
}