{
    "model": "models/tft_trial_2.ckpt",
    "model_type": "TFT",
    "label": "2",
    "pruned": false,
    "feature_importance": {
        "encoder_length": 0.003572398331016302,
        "relative_time_idx": 0.032382722944021225,
        "Dst Port": 0.005043885204941034,
        "Protocol": 0.00931229256093502,
        "Flow Duration": 0.00287595740519464,
        "Tot Fwd Pkts": 0.0039983787573874,
        "Tot Bwd Pkts": 0.004042298533022404,
        "TotLen Fwd Pkts": 0.006132905837148428,
        "Fwd Pkt Len Max": 0.0016269241459667683,
        "Fwd Pkt Len Min": 0.006040994543582201,
        "Bwd Pkt Len Max": 0.005064104218035936,
        "Bwd Pkt Len Min": 0.02092071622610092,
        "Bwd Pkt Len Mean": 0.004586534574627876,
        "Flow Byts/s": 0.004973828326910734,
        "Flow Pkts/s": 0.0010724588064476848,
        "Flow IAT Mean": 0.7664824724197388,
        "Flow IAT Std": 0.005814004223793745,
        "Bwd IAT Tot": 0.005097751505672932,
        "Bwd IAT Mean": 0.004981675185263157,
        "Bwd IAT Std": 0.0037640915252268314,
        "Fwd PSH Flags": 0.004194051027297974,
        "Fwd URG Flags": 0.0081514036282897,
        "Fwd Pkts/s": 0.0018920473521575332,
        "Bwd Pkts/s": 0.006041509099304676,
        "Pkt Len Var": 0.001302530406974256,
        "FIN Flag Cnt": 0.008336094208061695,
        "RST Flag Cnt": 0.00770552596077323,
        "PSH Flag Cnt": 0.0071936557069420815,
        "ACK Flag Cnt": 0.0071450588293373585,
        "URG Flag Cnt": 0.005945660639554262,
        "Down/Up Ratio": 0.00792517140507698,
        "Init Fwd Win Byts": 0.005773106589913368,
        "Init Bwd Win Byts": 0.01651104912161827,
        "Fwd Seg Size Min": 0.004601965192705393,
        "Active Mean": 0.004149118438363075,
        "Active Std": 0.005345600191503763
    },
    "val_loss": 0.00020669806690420955,
    "cm_bin": [
        [
            1
        ]
    ],
    "cm_mul": [
        [
            1
        ]
    ],
    "params": {
        "hidden_size": 64,
        "attention_head_size": 3,
        "dropout": 0.15000000000000002,
        "hidden_continuous": 32,
        "lr": 0.004138040112561018,
        "batch_size": 256
    },
    "metrics_binary": {
        "task": "Trial 2 - Binary Task",
        "accuracy": 1.0,
        "f1": 1.0,
        "mcc": 0.0,
        "auc": NaN
    },
    "metrics_multiclass": {
        "task": "Trial 2 - Multiclass Task",
        "accuracy": 1.0,
        "f1": 1.0,
        "mcc": 0.0,
        "auc": NaN
    }
}